 ,,,,,,,,
,,,,,Renekton Matchup Spreadsheet,,,
jax,,,,,,,,
,,,,,"This page will document each one of Renekton’s potential matchups within the entire game, telling you everything you need to know to win your match ups. Make sure to use CTRL F to find your matchup.",,,
,,,,,,,,
,,,,,https://www.youtube.com/watch?v=G7R0bLyOmpE&t=26s,,,
,,,,,"Make sure to check out my guide above if you want a timestamped guide for all toplane matchups, alongside infographics to help learn matchups!",,,
,,,,,,,,
Champion,Difficulty + Rating,Runes,Starting Items,Summoners,Ability Max Order,Match Up Summary,Detailed Notes,Video Examples
Aatrox,Medium - 5/10,PTA / Conq > Resolve / Inspiration,Doran's Blade / Doran's Shield,Ignite / Teleport / Ghost + Flash,Q > E > W,"The essence of this match up is essentially dodging Aatrox's Q sweet spots, avoiding his passive and playing for short trades to whittle his health down. Eventually when fighting Aatrox, try to force fights when he is 50% HP, as this threshold will allow you to kill him or force him into a tower diving situation. This match up heavily relies on the ability to sidestep his abilities, while also utilising  healing reduction through ignite or executioners to help weaken his laning and mid game power. Building burst items through Eclipse, Cleaver or BoTRK also help stat check and provide the damage needed to help keep him behind. Within skirmishes and teamfights, try to avoid  Aatrox getting kills through his R, as he can use it to reset his CD and keep up his R timer. When fighting Aatrox solo, try to also use your R to help you have the necessary damage and stats to overpower him. Later on you can potentially build DD to help weaken his overall dueling power..","(1) Level 1 Q Start - Try to push for level 2 advantage while poking Aatrox with your Q, on level 2 skill E/W use advantage to chunk out Aatrox. Try to avoid tanking Aatrox’s Q damage in the process by using short in and out clicks to bait them out.

(2) Dodge Aatrox’s Q's - The biggest aspect towards overpowering and beating Aatrox is trying to avoid his Q sweet spots. Try to abuse short clicks against Aatrox, by clicking in and out very fast. We can essentially avoid Aatrox’s Q1 and Q2 from doing this alone, allowing us to hold our E for his Q3. Being able to dodge Aatrox Q's is necessary in being able to win the match up. Be aware his CD will drastically lower through the game, so ensure that you remain confident with your movement to help avoid Aatrox’s overall threat level. 

(3) Avoid Aatrox’s W Pull - Aatrox W is by far one of his strongest abilities he has, mainly for the reason that his W slow sets up his Q hits. If done right, Aatrox’s W can also instantly cancel your E amid its animation, preventing you from escaping and pulling you back. Make sure to avoid using your E within the last second, using it earlier allows you to escape his potential Q hits as well as his ability to keep you in his range.

(4) Avoid Aatrox’s Passive Auto - Aatrox Passive is another underrated strength in this match up, as it allows him to deal damage based on his target’s maximum HP, while healing him up to 100% of the post mitigation damage dealt. When laning vs Aatrox, make sure to wait for him to use his passive, preventing him the ability to help stat check Renekton within a 1v1. Do note that each time Aatrox uses an auto attack or an ability, he lowers the overall CD of his passive’s 22 to 10 second CD by 2 seconds. If Aatrox hits his Q sweet spots, he’s able to drop the passive CD by 4 seconds for each individual sweet spot he hits. 

(5) Rush Antiheal - It's no secret how crazy Aatrox’s overall healing can be within a fight, so make sure you don’t avoid giving him any chances without grievous wounds. Simply take Ignite or rush an early Executioner’s to lower his overall sustain, as this is a giant powercut to Aatrox's survivability, which affects his passive, Q, Sundered Sky and R interactions. 

(6) Quick Trades - E > Q > AA  > W > AA > E Out / E > Q > W > E - These combos allow for Renekton to get quick damage off in being able to keep health up and whittling his opponent down, use these to get your laner low and look for a low HP kill with flash. 

(7) Play Waves Accordingly - Simply assess whether or not you want to play for freeze, to help you deny XP and CS, while presenting yourself more opportunities to create fights. Or, play to shove waves to create proxy angles, tempo resets or create a dive opportunity. Renekton has all the cards to do whatever he wants with wave management. Also respect that if your laner tries to proxy, simply proxy back or coordinate a kill on them with your jungler. 

(8) Abuse Renekton's R Powerspike - Having Renekton R within this match up essentially allows you to go toe to toe with Aatrox. Aatrox R is a giant powerspike in itself, however the consistent damage from Renekton R on top of the increased fury generation allows you to consistently overpower Aatrox if you're even or ahead. Try to always play around your R for all ins or if Aatrox is threatening an overextended fight.  

(9) Respect Aatrox's R Strength - Aatrox's R increases his attack damage from 20/30/40% AD, and his overall healing by 50/75/100%. Aatrox’s R can be absolutely monstrous in fights, allowing his R to continue an additional 5 seconds for killing enemy champions. When fighting Aatrox, either bait out his R if you want to force it out before teamfights or tower dives, or apply healing reduction against his R if you're committed to the all in.

(10) Build Plated Steelcaps, Eclipse, Black Cleaver or Death's Dance - Go Plated Steelcaps to lower Aatrox's overall damage and to utilise the movement speed vs Aatrox Q / Go Eclipse for consistent power through mid game and damage mitigation with the shield. / Go Black Cleaver for additional CDR and other versatile stats for utility based gameplay. / Go Death's Dance to hard counter Aatrox's Damage and overall healing. 

(11) Midgame + Teamfighting Tips - Within the mid game, Aatrox's spikes are considerably strong in skirmishes and teamfights. Try to lock Aatrox down and protect your carries from him landing his Q's. Aatrox is very easy to shut down in isolation, play off your W and your allies CC to easily shut him down. Before any major objectives, you can also try to catch him out in the side lane. If you’re strong enough to 1v1, make sure to kill him before any major objectives. Or if you have your teammates aside of you, simply focus him down to free up any map pressure he is creating, then look to force fights on his death timer.
",YouTube Video
Ahri,Hard - 9/10,PTA / Electrocute > Resolve,Doran's Shield,Teleport / Ignite + Flash,Q > E > W ,"The Ahri match up is very difficult due to her ability to easily contest wave pushes, having a mass use of utility to help teammates, and having the ability to easily deny Renekton’s trading patterns. As Renekton we must play around keeping our health up, while playing around our teammates to help get kills on Ahri, or roam the map to help obtain objectives and provide our utility on the map. Make sure to build more defensively and put your ego to the side to put your teammates first. If you try to fight Ahri, make sure to avoid your charm using your E, or look to burst her out and waste her R, providing you and your team more chances to have winning outcomes.","(1) Level 1 E Start - Try to cheese PTA proc or Conq with E1 > 3 auto's > disengage with E2.

(2) Play For Level 2/3 Kill Angle - Once you chunk out Ahri you're most likely able to kill her with your W, Dash or Flash up. Look to shove the wave around your kill timer, so you're able to make Ahri lose a lot more. 

(3) Play For Sustain Early - Ahri's laning phase is very oppressive early, try to outsustain Ahri through using Empowered Q and abusing D Shield + Second Wind. Make sure to play to keep your HP up, while having the objective to mana burn and cause Ahri to recall. Play for your teammates and item spikes to win and find relevance. 

(3) Avoid Ahri Charm - Ahri Charm is one of the most annoying abilities Renekton can deal with, as she can instantly cancel Renekton E if he engages directly into it. Try to always find ways to creatively bait it out, try to stand behind minions and look to dash or double dash behind her to avoid her charm, or E into her then quickly side step the incoming Ahri charm. Another way is to E in and quickly E out, as this will help you bait out a charm, allowing your teammates access to ganking her. Or with the same method, you can E behind her from E2 in that sequence, to dodge the incoming Ahri charm, allowing you to burn her R or allow you to heavy trade her.  . 

(4) Rush Merc Treads - This is very essential to rush in this match up, as this allows you to have an easier time tanking charms as well as Ahri's overall damage. Having the additional mobility from boots also helps you make faster plays  with E, on top of having the mobility to easily side step her abilities.  

(5) Play For Ganks - Ganks are pretty essential to obtain kills on Ahri. Ahri is a relatively boring statemate lane, so getting ganks from your teammates is going to be crucial in being able to force her out of lane to shove waves and get plates, or simply obtain kill gold in the ability to help you snowball and create a lead within the lane. 

(6) Play Wave On Your Side - Playing the wave on your side essentially means playing wave states on your side of the map, via abusing wave manipulation tactics or freezing on your side of the map. Simply use this to help you combo on your laner, taking away any space from them being able to trade you back (This also helps prevent the enemy running you down with their extended or sustained movement speed abilities). You can also use this wave state to run down your opponent with your abilities up, helping you obtain kills a lot easier vs stalemate or ranged match ups. Look to do this when your opponents are below 50% HP, or potentially make a mistake to provide you an all in opportunity to run them down. 

(7) Play For Teammates - As already mentioned there isn't a lot you can do vs a good Ahri, so simply play around your teammates to help them get in the game. Go towards objectives and try to gank side lanes to make sure you're able to create a gold lead for your own teammates. 

(8) Build Hexdrinker, Eclipse, Stridebreaker or Profane Hydra - Go Hexdrinker to lower Ahri’s overall damage and have a MR shield / Go Eclipse for consistent power through mid game and damage mitigation with the shield. / Go Stridebreaker to cripple Ahri’s mobility and provide teammates with additional utility. / Go Profane for full damage focused playstyles.

(9) Mid Game + Teamfighting Tips - Ahri's objective within the game is to enable her teammates in the ability to catch out her opponents, set up objective based plays, or simply trying to reach the backline and assassinate squishy carries. Renekton's job vs Ahri is to simply protect his teammates from her engages. Try to stun Ahri right away, doing this will lock her in place, allowing you or your teammates to instantly one shot her as fast as you can. Make sure to also tank any Ahri charms once you’re stated enough, as this can be used to peel against her incoming damage for your team.
",YouTube Video
Akali,Medium - 4/10,PTA / Conq > Resolve / Inspiration,Doran's Blade / Doran's Shield,Teleport / Ignite + Flash,Q > E > W or Q3 > W > E,"The Akali match up is Renekton favoured, due to his ability to avoid her damage using his movement and dashes, taking away Akali’s damage and allowing Renekton to force advantageous trades. Make sure you always play with this playstyle in mind, if Akali hits her abilities she can do a ton of damage, potentially allowing her to kill Renekton. Make sure to play the wave on your side of the map, while abusing fast trades to help take her health down. Eventually make sure to protect your carries from her, using your W to completely lock her down and prevent her ability to carry fights. Renekton can build high damage items to help him duel Akali, or he can build defensive items like Hexdrinker or Kaenic later, to help him make Akali’s damage non-existent. 
","(1) Level 1 E Start - Try to cheese PTA proc or Conq with E1 > 3 auto's > disengage with E2.

(2) Play For Level 2/3 Kill Angle - Once you chunk out Akali you're most likely able to kill her with your W, Dash or Flash up. Look to shove the wave around your kill timer, so you're able to make Akali lose a lot more. 

(3) Avoid And Punish Akali Q's - Avoiding Akali Q is crucial for the early stage of the lane. From level 1, you want to be constantly weaving in and out of her, to help you bait out her Q and punish her long energy usage. An easy way to know if Akali will Q is walking into low HP minions, then quickly using S or clicking back to bait the animation. Once she does miss, make sure to abuse your combos within this time. 

(4) Avoid Akali E - Akali E is a big game changer for Akali if she is able to land it. Typically it will allow her to proc her Conq or Electrocute super fast, while allowing her insane damage onto her target. Simply bait or avoid it by E'ing towards her, but just around your minions, or try to walk in then side step to the side. If Akali misses E, she simply can not win the fight vs Renekton. 

(4) Buffer W into Akali E or W Stealth - Another tip to dominating the lane is utilising W buffer into Akali W or E frame. When Akali goes invisible, make sure to hold W and as soon as she comes out, instantly click or use attack move to get the instant hit to help you shred out, or utilise a full combo. For Akali E, you can time it as she's in E1 or at the end of E2. 

(5) Abuse Renekton's Waveclear - A giant advantage Renekton has within this match up, is his overall ability to easily clear minion waves. This can help him achieve perfect tempo resets, or allow him to proxy waves to help increase his gold lead, while also hostaging the enemy top laner under their own tower. Being able to fast clear also forces the enemy into contesting push, allowing you to easily mana burn and create advantageous positions from it. Abuse this strength to cheat out bad laning situations, or increase your overall power within the game. 

(6) Play Waves Accordingly - Simply assess whether or not you want to play for freeze, to help you deny XP and CS, while presenting yourself more opportunities to create fights. Or, play to shove waves to create proxy angles, tempo resets or create a dive opportunity. Renekton has all the cards to do whatever he wants with wave management. Also respect that if your laner tries to proxy, simply proxy back or coordinate a kill on them with your jungler. 

(7) Quick Trades - E > Q > AA  > W > AA > E Out / E > Q > W > E / E Q E - These combos allow for Renekton to get quick damage off in being able to keep health up and whittling his opponent down, use these to get your laner low and look for a low HP kill with flash 

(8) Respect Akali R Damage - Akali's R2 damage is increased based on your missing HP, so make sure you use your R to mitigate damage against reaching her execute threshold or try to simply time your flash or E to avoid her R. 

(9) Abuse Renekton's R Powerspike - Abuse Renekton's R Powerspike - Once you reach level 6 your ultimate will essentially help you consistently stat check and dominate any match ups you were winning or losing. Make sure to always wait for your R CD to help you make plays, otherwise it will lead you towards a major disadvantage in dueling your enemies. 

(10) Build Hexdrinker, Eclipse, Stridebreaker or BoTRK - Go Hexdrinker to lower Akali's overall damage and have a MR shield / Go Eclipse for consistent power through mid game and damage mitigation with the shield. / Go Stridebreaker to cripple Akali’'s mobility and provide teammates with additional utility. / Go BoTRK to one shot and snowball with a damage focused build. 

(11) Mid Game + Teamfighting Tips - Akali's role within the mid game is trying to actively search for your squisher teammates with the objective of trying to one shot them before any major objectives. Your role to stop her in the game is simply putting out wards in fog of war, trying to spot her out and deny her flank opportunities. In each fight simply use W as soon as you can on her, whether that’s the beginning of her engage, or just as soon as she comes out of W. Make sure to use your full combo on Akali as you will be able to easily one shot her alone, or with your teammates' damage on top. Once Akali is dead, her team will lose out on a lot of backline focused damage, allowing you and your team to steamroll the rest of the fight. 
",Coming Soon
Akshan,Medium - 7/10,PTA > Resolve, Doran's Blade / Doran's Shield,Ignite / Teleport / Ghost + Flash,Q > E > W ,"The whole objective vs Akshan, is simply surviving his aggression with D Shield and Second Wind, while trying to keep the wave on your side of the map. Playing the wave on your side will allow you to easily catch Akshan with your quick combos, as well as run him down post level 6 with Plated Steelcaps. Within the mid game, make sure to avoid giving him kill resets to revive his team, you can prevent him by either jumping on him solo or communicating with your team to focus him first.","(1) Play For Sustain Early - Early on in the laning phase, Akshan’s oppressive playstyle can prevent Renekton from being able to be aggressive, as Akshan’s damage and early mobility are pretty hard to deal with. Wait until level 3 to be aggressive, try to keep your HP up and wait for the minion wave to crash on your side before trying to do any trades. Make sure to utilise D Shield and Second Wind to help you combat against Akshan’s early oppression. 

(2) Avoid Akshan Passive + PTA Proc - Akshan’s main source of damage comes out of his 3 hit passive, where Akshan will do burst damage and obtain movement speed procing his passive, as well as abusing PTA for additional proc damage. As previously mentioned, play for sustain and try to avoid getting hit by his 3 hits, make sure to wait for it to wear off before looking for trading patterns. 

(3) Avoid Akshan Or Punish Akshan E - Akshan E is another big ability that allows him to deal a ton of damage onto his targets, while also providing mobility to out space away from his opponents. As Renekton you want to make sure to avoid standing near walls, if Akshan can aggressively use it to chunk you out early. However, if you’re looking to fight Akshan with your powerspikes, make sure to walk in and hit your E1 or E2 to cancel his E. If any champion interacts with his E hitbox, this can instantly cancel the ability and leave Akshan in a horrible situation.

(4) Play Wave On Your Side - Playing the wave on your side essentially means playing wave states on your side of the map, via abusing wave manipulation tactics or freezing on your side of the map. Simply use this to help you combo on your laner, taking away any space from them being able to trade you back (This also helps prevent the enemy running you down with their extended or sustained movement speed abilities). You can also use this wave state to run down your opponent with your abilities up, helping you obtain kills a lot easier vs stalemate or ranged match ups. Look to do this when your opponents are below 50% HP, or potentially make a mistake to provide you an all in opportunity to run them down. 

(5) Ping Akshan’s Roams - After Akshan’s first few levels, Renekton will start to gain the upper edge after his first back. Akshan’s win condition is simply to roam and utilise his scoundrel passive, to help provide utility and finish off any champions with his R or overall damage. Akshan can be utterly disgusting when it comes to roams as he can stealthy gank with his W, on top of also being able to revive his teammates, cheating the overall time to punish death timers. Try to spam ping as much as you can if Akshan roams, try to also provide control wards within the river to spot Akshan roams. Try to also punish Akshan’s roams with wave crashes, as this will help you gain XP and Gold to put him behind even harder.

(6) Quick Trades - E > Q > AA  > W > AA > E Out / E > Q > W > E / E Q E - These combos allow for Renekton to get quick damage off in being able to keep health up and whittling his opponent down, use these to get your laner low and look for a low HP kill with flash. 

(7) Rush Plated Steelcaps - Rushing Plated Steelcaps allows you to lower Askhan’s overall damage, while also being able to consistently stick onto Akshan allowing you to obtain kills on him. Once you have these you’re essentially allowed to do any combos and even all in’s after Akshan makes a mistake, so make sure to rush these to make the lane a lot easier.

(8) Avoid Akshan R - Akshan R can be a great tool to snipe off low HP targets, as this can help him utilise respawning his teammates, on top of also using it to finish off anyone that is low. If you’re in a teamfight, try to block it if you’re tanky enough to help save your teammates, otherwise try to avoid it by using minions, towers or teammates to block the shots if you’re low. 

(9) Abuse Renekton's R Powerspike - Prior to this point in the match up, if Renekton has farmed safely and rushed defensive boots in the match up, Renekton is now ready to fight his opponent in an all in. Renekton's high base damage and stats from his R, allows Renekton to completely stat check his counter match up. Simply wait for the enemy to make a mistake, then go all out and kill your opponent.

(10) Build Eclipse, Stridebreaker or Profane - Go Eclipse for consistent power through mid game and damage mitigation with the shield. / Go Stridebreaker to cripple Akshan’s mobility and provide teammates with additional utility. / Go Profane for full damage focused playstyles.

(11) Mid Game + Teamfighting Tips - Within the mid game, Akshan’s main priority will be trying to snipe off carries with his W stealth and high scaling damage. In each fight against Akshan  your priority will be trying to protect your low HP carries, otherwise Akshan will be able to secure revives, which overall can doom the entire leverage you gain from killing his teammates. Whenever you have the opportunity, simply jump on him as fast as possible to eliminate him from the fights so he is unable to apply his mass utility and damage against your carries.
",YouTube Video
Alistar,Easy - 1/10,Conq > Resolve / Inspiration,Doran's Blade / Doran's Shield / Long Sword,Ignite / Teleport / Ghost + Flash,Q > E > W ,"Alistar is essentially a free match up, however his hard to kill playstyle does make it hard to reliably get kills onto him. Instead, try to play for giant farm leads, using your proxy style gameplay to help create tempo advantages, allowing you to have time to kill the enemy jungler, or get better resets towards item spikes. Eventually within the match up, simply avoid Alistar engages by playing from a safe distance, then look to kill his carries whenever you get the chance to.","(1) Level 1 Q Start - Try to push for level 2 advantage while poking Alistar with your Q, on level 2 skill E/W use advantage to chunk out Alistar.

(2) Play For Level 2/3 Kill Angle - Once you chunk out Alistar you're most likely able to kill him with your W, Dash or Flash up. Look to shove the wave around your kill timer, so you're able to make Alistar lose a lot more. HOWEVER, if Alistar has his abilities up and he isn’t entirely in W kill range, simply wait for the wave to bounce back to your side, while trying to freeze him out from the ability to get any CS and abuse his pick.

(3) Avoid Alistar’s CC Combo - Alistar really doesn’t have a lot of tools to threaten Renekton, however he is a great neutraliser if played right. With that also said his only main tool to give him any survivability is the ability to use his CC to prevent Renekton from killing him. Aside from Alistar’s naturally hard to kill nature, his gank setup is also great for setting up team plays and utilising his CC with a damage jungler. Try to be very cautious of ganks, or even putting respect on Alistar’s utility when going for tower trade or all in plays. Wait for him to use his naturally long CDs, then abuse him after. 

(4) Abuse Renekton's Early Game - In this match up Renekton is essentially able to do whatever he simply wants. With that said, really hone into your strong early to mid game strengths to help you dominate and win the game. Play to deny your enemy of gold and xp, play to proxy and generally lead any top side skirmishes with your insane lane advantage.

(5) Abuse Renekton's Waveclear - A giant advantage Renekton has within this match up, is his overall ability to easily clear minion waves. This can help him achieve perfect tempo resets, or allow him to proxy waves to help increase his gold lead, while also hostaging the enemy top laner under their own tower. Being able to fast clear also forces the enemy into contesting push, allowing you to easily mana burn and create advantageous positions from it. Abuse this strength to cheat out bad laning situations, or increase your overall power within the game. 

(6) Play Waves Accordingly - Simply assess whether or not you want to play for freeze, to help you deny XP and CS, while presenting yourself more opportunities to create fights. Or, play to shove waves to create proxy angles, tempo resets or create a dive opportunity. Renekton has all the cards to do whatever he wants with wave management. Also respect that if your laner tries to proxy, simply proxy back or coordinate a kill on them with your jungler.

(7) Ping Alistar’s Roams - One of the only other things Alistar can really play for to gain an advantage is simply trying to roam the map and look for plays with his team. Alistar cannot really achieve anything top lane, so mainly he will play to look for engages for his team and try to secure objectives based on his presence. With that said, try to abuse Alistar’s roams by crashing waves for plates or minion waves. Try to really gain as big of a lead as you can with your top side advantage, try to also ping Alistar’s roams or try to counter with your own roams or TP plays if you really need to. More than not, I’d just farm it out and utilise my proxies opportunities to gain an even bigger tempo advantage. 

(8) Respect Alistar R - One thing to note about Alistar is that if you’re trying to commit a fight against him, trying to simply aim to burst him down is practically a waste of time. Most fights with Alistar are entirely pointless, as he is able to knock you away or neutralise you from even trading back against him. So most often, just avoid fighting him unless you want to mana burn him from doing anything else in lane, and instead just play to farm or go into the enemy jungle to take camps or kill the enemy jungle if they’re there.

(9) Build Eclipse, Black Cleaver or BoTRK - Go Eclipse for consistent power through mid game and damage mitigation with the shield. / Go Black Cleaver for additional CDR and other versatile stats for utility based gameplay. / Go BoTRK to one shot and snowball with a damage focused build. 

(10) Midgame + Teamfighting Tips - Alistar’s main objective within the game is to play for engages, while also trying to peel off any damage threats from his team’s carries. As Renekton, your job is simply trying to creatively jump into his back line, with the objective of trying to one shot and overall disrupt his carries from playing teamfights. To achieve this, wait for Alistar to engage with his W onto your teammate, then aim to dash onto his backline and try to play for any kills you can. Focusing Alistar is a waste of time, so just simply ignore him and stick to your gameplan to eliminate any enemy win conditions. 
",Coming Soon
Ambessa,Easy - 2/10,PTA / Conq > Resolve / Inspiration,Doran's Blade / Doran's Shield / Long Sword,Ignite / Teleport / Ghost + Flash,Q3 > W > E,"The Ambessa match up is all about avoiding her main damage, using your range to weave in and out of her abilities, as well as punishing her if she dashes into you. Make sure to use empowered W on her shield, while also trying to actively avoid taking her Q damage. Renekton stat checks Ambessa at all points in the game, so make sure to play to counter her trading patterns, as these provide the most beneficial gain to beating her. Within teamfights or skirmishes, try to protect any carries from her R engage by tanking it yourself, as her value from R is entirely lost if she uses it on the wrong target. ","(1) Level 1 Q Start - When playing into Ambessa, try to avoid her damage from her Q’s and look to push the wave without taking too much damage. Renekton’s Q waveclear allows him to easily reach level 2, providing Renekton the ability to skill W or E to allow him to heavily trade against Ambessa. Once chunking out Ambessa, we can play for a potential level 2 or 3 kill if it’s available. 

(2) Play For Level 2/3 Kill Angle - Due to Ambessa’s mobility, the kill angle may not always be there against Ambessa. However, a way we can make use of our level 1/2 trades is our ability to force a wave bounce against her. If we are able to crash the 2nd minion wave, then allow her 3rd and 4th wave to push back towards us, this will help us create room to easily force a fight and potentially kill her. Ambessa’s overall weakness is playing in a frozen or extended wave state, taking away her ability to escape to safety. Try to always keep the wave state on your side if you want beneficial trades, as Renekton’s early game completely surpasses Ambessa’s ability to do much. 

(3) Respect Ambessa’s Short Trades - One of Ambessa’s strengths within the Renekton match up is her ability to force short trades. If Ambessa has a safe wave state on her side of the map or a giant minion wave, Ambessa can force her trades with W and grasp, allowing her to jump onto Renekton and mitigate against his incoming damage, as well as using her Q to help her whittle down Renekton’s HP while utilising her dashes to avoid any direct confrontation with Renekton. Ambessa’s short trades must be punished or avoided, which Renekton can do within a handful of ways. If Ambessa tries to engage with W, try to utilise your empowered stun immediately onto her shield, as it will instantly break her shield and punish her hard within the process. If Ambessa tries to go for Q trades, try to use your dash to avoid taking her Q damage or use your movement to side step her Q2, to make her lose her additional damage. 

(4) Respect And Avoid Ambessa’s Q - Ambessa’s Q1 allows her to deal damage in a cone, while her Q2 allows her to extend and slam her damage within a line. Ambessa’s Q does a lot of damage, utilising her target’s maximum HP as additional physical damage. When fighting Ambessa, try to use your dashes to avoid her Q damage, or look to use your movement to wriggle in and out of her Q positioning. Once Ambessa doesn’t have her Q damage, Renekton can simply brute force a heavy trade onto her, punishing Ambessa’s 14 to 10 seconds Q cooldown. 

(5) Abuse Renekton’s W Shield Break - Renekton’s W can instantly break Ambessa’s shield, allowing her to completely lose out on her ability to mitigate against Renekton’s damage. Try to make sure you’re always holding fury for an empowered W if Ambessa is constantly dashing towards you, as you will be able to easily counter her W as soon as she uses it. 

(6) Play Around Ambessa’s Dashes - Ambessa’s passive allows her to constantly dash after using each ability, providing her with a disgusting amount of mobility through each ability. While this can be annoying, Renekton’s playstyle into Ambessa consists of playing to counter attack her. Each time Ambessa engages on Renekton, Renekton should adequately hold his dashes until she has a limited amount of dashes left. For example, if Ambessa does E > AA > W > AA > Q1 > AA > Q2 Disengage, she will only use her last Q2 to space away against you, allowing you to constantly be in range to use your damage and follow up her Q2 with your own E. Overall, it entirely depends on how Ambessa is using her dashes, but each time she uses an ability it puts each of them on a 10 second + CD earlier on, allowing you to hard punish her back.

(7) Play Wave On Your Side - Playing the wave on your side essentially means playing wave states on your side of the map, via abusing wave manipulation tactics or freezing on your side of the map. Simply use this to help you combo on your laner, taking away any space from them being able to trade you back (This also helps prevent the enemy running you down with their extended or sustained movement speed abilities). You can also use this wave state to run down your opponent with your abilities up, helping you obtain kills a lot easier vs stalemate or ranged match ups. Look to do this when your opponents are below 50% HP, or potentially make a mistake to provide you an all in opportunity to run them down. 

(8) Heavy Trades - Being that Renekton carries a lot of high damage, Renekton is able to just jump on his target nearly at will. Whenever your laners present you with the ability to jump on them, simply take the opportunity to burst them as much as you can. If you didn't kill them already from that, use your options of freezing or your tower diving ability to help you finish off your opponent.

(9) Respect Ambessa’s R - Ambessa’s R isn’t so much a powerful tool into Renekton, due to her overall lack of strength within the match up not really allowing her to use it as much other than a way of an escape. Ambessa’s R will mainly be used against squishy targets, allowing her to skirmish pretty deep into her isolated or back line targets, providing her an easy way to assassinate. With that said, you shouldn’t really be scared of her R herself within the lane, although if she does have multiple allies near her you should still try to use your E or movement to help dodge her R cast. Within skirmishes or teamfights, you should try to block the R for your team by standing directly behind them, as Ambessa’s R only works on the furthest target of her R cast. 

(10) Build Eclipse, Black Cleaver or BoTRK - Go Eclipse for consistent power through mid game and damage mitigation with the shield. / Go Black Cleaver for additional CDR and other versatile stats for utility based gameplay. / Go BoTRK to one shot and snowball with a damage focused build. 

(11) Mid Game + Teamfighting Tips - Ambessa’s overall objective is simply trying to use her R to look for gigantic engages, allowing her to easily assassinate any squishy carries or isolated targets. Ambessa’s overall dueling ability improves massively through the mid to late game, due to her low CDs and high damage she’s able to deal. As Renekton, Ambessa’s overall weaknesses are still prevalent against Renekton, making her still an easy champion to duel in the side lane as long as we’re building Renekton offensively. Our job within the game is trying to avoid Ambessa’s R engages, by standing near our carries to help CC and lock down Ambessa, or preventing her engages by previously spam pinging her positioning and back pinging our team mates. Ambessa without R is incredibly useless vs Renekton, as her way of engage is completely telegraphed, preventing Ambessa from being able to effectively play her role within the game. 
",YouTube Video
Amumu,Easy - 1/10,Conq > Resolve / Inspiration,Doran's Blade / Doran's Shield / Long Sword,Ignite / Teleport / Ghost + Flash,Q3 > W > E ,"Amumu is one of the easiest match ups you can play against as Renekton, as Amumu's linear playstyle completely relies on landing his Q and setting up plays for his team. Within the laning phase, play off your abiltiies to burst him down and try to avoid any Q's he throws out. Renekton can pretty much kill Amumu at will if he forces the wave states on your side, so make sure to set up your all ins when the wave is frozen or slow pushing from your side of the map. Within mid game, try to avoid Amumu looking for Q > R engages, as this will provide he and his team an AoE stun to easily win a teamfight.","(1) Level 1 Q or E Start - As mentioned through other notes, playing off Q and E both require different plays, however in this match up you can essentially do either of them and have pretty good success. With that said, play around the strengths of level 1 and look for a level 2 kill. 

(2) Play For Level 2/3 Kill Angle - Once you chunk out Amumu you're most likely able to kill him with your W, Dash or Flash up. Look to shove the wave around your kill timer, so you're able to make Amumu lose a lot more. 

(3) Abuse Renekton's Early Game - In this match up Renekton is essentially able to do whatever he simply wants. With that said, really hone into your strong early to mid game strengths to help you dominate and win the game. Play to deny your enemy of gold and xp, play to proxy and generally lead any top side skirmishes with your insane lane advantage.

(4) Play Waves Accordingly - Simply assess whether or not you want to play for freeze, to help you deny XP and CS, while presenting yourself more opportunities to create fights. Or, play to shove waves to create proxy angles, tempo resets or create a dive opportunity. Renekton has all the cards to do whatever he wants with wave management. Also respect that if your laner tries to proxy, simply proxy back or coordinate a kill on them with your jungler.

(5) Respect Amumu's CC Setup - Amumu’s only real threat in the match up is the ability to provide great CC setup. Amumu’s 2Q’s and potential R is simply enough to completely lock out Renekton out of an entire fight. Try to avoid his Q’s with your movement, if the enemy has easy to land CC from other members then you can try and rush Mercury Treads to help you combat the CC.

(6) Respect Amumu’s Extended Damage - Amumu’s extended fights are low key pretty strong, this usually comes from the fact that taking damage lowers his E CD on top of his W damage, which works based on his targets maximum HP. Simply abuse quick trades unless you’re ahead of him, in that case Renekton will be able to 1000 > 0 him relatively easy.

(7) Quick Trades - E > Q > AA  > W > AA > E Out / E > Q > W > E / E Q E - These combos allow for Renekton to get quick damage off in being able to keep health up and whittling his opponent down, use these to get your laner low and look for a low HP kill with flash. 

(8) Build Eclipse, Black Cleaver or BoTRK - Go Eclipse for consistent power through mid game and damage mitigation with the shield. / Go Black Cleaver for additional CDR and other versatile stats for utility based gameplay. / Go BoTRK to one shot and snowball with a damage focused build. 

(9) Mid Game + Teamfighting Tips - Amumu’s role within the mid game is mostly to focus on landing a giant Q R play in a major teamfight. Amumu’s role is pretty limited outside of landing this, with that said your objective is trying to cut Amumu’s position from being able to land it. If you’re in a teamfight try to body block Amumu or his Q’s from reaching your team, alternatively jumping into his back line will also force him to use his R early too, or potentially lose his team’s ability to follow up on his R play. Whatever you can do to avoid him landing a mass R will ultimately win you the fight, try to also build the right resistances and tank items such as Sterak’s Gage or another resistance item to allow you to easily tank his teams incoming damage. 
",Coming Soon
Anivia,Medium - 7/10,PTA / Electrocute > Resolve,Doran's Shield,Ignite / Teleport + Flash,Q > E > W ,"Anivia is a tricky style match up for Renekton, as her ability to harass Renekton pre 6 is very hard to deal with. As Renekton, try to use Doran's Shield and Second Wind to help sustain through her auto attacks and abilities, while also playing with the intent of avoiding her Q at all times. When you're level 6 and have Hexdrinker or Mercury Treads, Renekton can win all in's if you manage to avoid her Q with your dashes, allowing you to burst her down and allow any teammates to easily jump on her. Within the mid game, Renekton excels a lot more as a teamfighter than Anivia, however try to avoid fog of war as Anivia will sit in bushes looking to burst you or your teammates. Eventually look for Baron in the game, as it weakens Anivia's power to waveclear.","(1) Play For Sustain Early - Anivia’s overall strengths within the game come from her strong laning phase. Early in the game Anivia will try to hard poke you with Q and E, in which you need to avoid her Q as much as possible. Her E will do no damage if she doesn’t land her Q or R damage onto you, meaning you can easily tank that with ease. On top of that she will try to auto attack a lot so utilising D Shield and Second Wind will help you sustain through her consistent assault, presenting you the ability to outstain and survive the laning phase.
 
(2) Avoid Anivia’s Q - Aside from Anivia having very high base damage, she will only be able to out trade if she lands her Q, which boosts her overall E damage by a substantial amount. Try your best to avoid Anivia Q in the following ways. Try to weave in and out with short clicks to bait her Q, use E towards her then sidestep to the side or E2 behind her to avoid her Q hit. All of these can allow you to get more successful trades, or allow you to kill her. 

(3) Rush Mercury Treads - Anivia’s main source of survivability towards Renekton is using her Q to peel Renekton off of herself, on top of also using her wall to block Renekton from running her down. Typically Anivia can successful peel and space away from Renekton when doing this right, however if Renekton rushes Mercury Treads he is able to break out of her Q a lot faster, overall ruining Anivia’s ability to perfectly space away in time, giving Renekton the chance to E2 in and easily run her down with the additional movement speed and MR.

(4) Play Wave On Your Side - Playing the wave on your side essentially means playing wave states on your side of the map, via abusing wave manipulation tactics or freezing on your side of the map. Simply use this to help you combo on your laner, taking away any space from them being able to trade you back (This also helps prevent the enemy running you down with their extended or sustained movement speed abilities). You can also use this wave state to run down your opponent with your abilities up, helping you obtain kills a lot easier vs stalemate or ranged match ups. Look to do this when your opponents are below 50% HP, or potentially make a mistake to provide you an all in opportunity to run them down. 

(5) Play For Ganks - Anivia’s naturally fast pushing and over extending playstyle will most often present the ability to gank. Depending on the lane, if you’re top lane top lane you can most often just kill Anivia with ease with jungle presence, however if it’s mid this will be more challenging. When receiving a gank, try to double dash into Anivia and use your W to lock her down to help your jungler gank. Burning her flash or passive is a giant advantage to winning the lane, so try to utilise the waves on your side and ping your jungler to gank.

(6) Quick Trades - If you can avoid Anivia’s Q, you can try to punish her with the following trades - E > Q > AA  > W > AA > E Out / E > Q > W > E / E Q E - These combos allow for Renekton to get quick damage off in being able to keep health up and whittling his opponent down, use these to get your laner low and look for a low HP kill with flash. 

(7) Abuse Renekton's R Powerspike - Prior to this point in the match up, if Renekton has farmed safely and rushed defensive boots in the match up, Renekton is now ready to fight his opponent in an all in. Renekton's high base damage and stats from his R, allows Renekton to completely stat check his counter match up. Simply wait for the enemy to make a mistake, then go all out and kill your opponent.

(8) Build Hexdrinker, Eclipse, Stridebreaker or BoTRK - Go Hexdrinker to lower Aniva’s overall damage and have a MR shield / Build Eclipse, Stridebreaker or BoTRK Go Eclipse for consistent power through mid game and damage mitigation with the shield. / Go Stridebreaker to cripple Anivia’s mobility and provide teammates with additional utility. / Go BoTRK to one shot and snowball with a damage focused build.

(9) Mid Game + Teamfighting Tips - Anivia through the later stages of the game essentially suffers from her old champion design, as most champions can easily surpass her wall or allow themselves to easily avoid Anivia’s Q or R. Anivia’s main win condition through the game is trying to look for easy targets that walk into her in fog of war, or forcing fights in choke points within the jungle. Try to avoid fighting Anivia in tight spaces, playing in the open provides an easy opportunity to avoid her damage and negate her overall advantages. Try to also ward around fog of war objectives with yellow or blue trinkets, these will help you spot out Anivia and help you avoid her easy access to kills. Within teamfights you can burst Anivia pretty easily, on top of the fact you can easily W her to cancel her R damage and cast, preventing Anivia’s DPS in a fight. Play the fights accordingly and try to one shot the main carries if Anivia isn’t as big of a threat. Whenever you win fights, try to force a baron when its available, this will help you push against Aniva’s naturally strong waveclear. 
",YouTube Video
Annie,Medium - 7/10,PTA / Electrocute > Resolve,Doran's Shield,Ignite / Teleport + Flash,Q > E > W ,"Annie's high range and annoyingly defensive playstyle, can also be an issue for Renekton within the early stages of the game. Renekton must try to play waves on his side of the map, waiting for Annie to use her stun to allow him to look for all in engages. Annie without her stun is practically useless, so make sure to abuse her any chance she doesn't have it. Renekton can rush raw damage or go Mercury Treads or Hexdrinker, allowing him to fight through Annie's magic damage and stun, making her easily killable in any overextended positions. Through the game, Annie's main focus will be trying to look for your teammates through her roams or flanks, make sure to always ping Annie's location and try to deny her from reaching your teammates with her stun and R combo. ","(1) Play For Sustain - Early on within the lane, Annie’s oppressiveness comes from her auto attacks and her long range Q. Annie will typically farm with her Q as it refunds her mana from each minion kill, providing her plenty of sustain to easily farm from afar while also allowing her to play safe and very annoying. As Renekton, she will try to use her damage to poke you out of the lane, alongside use her passive to deny any attempts to fight her. With that said make sure to use D Shield and Second Wind to help you get through the first few levels until you’re able to abuse your level 3 and Mercury Treads powerspike. 

(2) Play Around Her Passive - Annie Passive when she reaches 4 stacks provides Annie with a free stun within her next ability, allowing her to stun her targets from her Q, E or R. When laning vs her, try to abuse Annie if she uses her passive stack to farm minions with her Q. Most often you will be able to look for your trades once she has no passive stacks, make sure to also coordinate team plays around her having no passive.

(3) Respect Annie W - Annie W is low key strong into burst champions, due to the fact it provides her movement speed to kite away, on top of the fact it provides her a shield and a thornmail based passive. Within the lane, if Annie has 0 stacks she may use her W randomly to generate her a passive stack for her stun. If she does this and you’re safe to do so, you can look to heavy trade Annie before she gets her Stun up. Be wary if anyone is around in the times you abuse this, as she will most likely reach her passive stun in the time you’re finishing your trade.

(4) Rush Mercury Treads - Rushing Mercury Treads helps you reach the necessary stat checking power to start overpowering Annie in fights. The tenacity easily helps you escape her stun combos providing you with the defensive and offensive capabilities to easily solo kill Annie. The additional movement speed also helps you easily stick onto her, in combination with being able to escape her range a lot easier.

(5) Quick Trades - E > Q > AA  > W > AA > E Out / E > Q > W > E / E Q E - These combos allow for Renekton to get quick damage off in being able to keep health up and whittling his opponent down, use these to get your laner low and look for a low HP kill with flash. 

(6) Play Wave On Your Side - Playing the wave on your side essentially means playing wave states on your side of the map, via abusing wave manipulation tactics or freezing on your side of the map. Simply use this to help you combo on your laner, taking away any space from them being able to trade you back (This also helps prevent the enemy running you down with their extended or sustained movement speed abilities). You can also use this wave state to run down your opponent with your abilities up, helping you obtain kills a lot easier vs stalemate or ranged match ups. Look to do this when your opponents are below 50% HP, or potentially make a mistake to provide you an all in opportunity to run them down. 

(7) Ping Annie’s Roams - Annie is a great skirmisher champion, as Annie can utilise a huge AoE burst stun from her R, helping her easy one shot targets as well as allowing her teams to easily win the fights. Try to constantly ping her whereabouts within the game, don’t let her roam for free and punish her by shoving the wave every time she is missing. Getting a lead through platings and CS is a big way to overpower Annie, as these moments can help you reach your item and level spikes faster. 

(8) Abuse Renekton's R Powerspike - Once you reach level 6 your ultimate will essentially help you consistently stat check and dominate any match ups you were winning or losing. Make sure to always wait for your R CD to help you make plays, otherwise it will lead you towards a major disadvantage in dueling your enemies. 

(9) Build Hexdrinker, Eclipse, Stridebreaker or Profane - Go Hexdrinker to lower Annie's overall damage and have a MR shield. / Go Eclipse for consistent power through mid game and damage mitigation with the shield. / Go Stridebreaker to cripple Annie’s mobility and provide teammates with additional utility. / Go Profane for full damage focused playstyles.

(10) Mid Game + Teamfighting Tips - Annie’s role within the mid to late game is to essentially play around her flash R engages. These are crucial for her having any key success to win the game, as it provides mass utility which is relatively easy to do. If Annie doesn’t have her stun or flash ready before fights, then this becomes a giant indicator to try and look for a fight while she doesn’t have either ready. If Annie cannot successfully reach your backline, she simply becomes irrelevant as she doesn’t have the total damage to deal with bruisers or tanks. Within the fights, try to stop Annie running at your backline by trying to peel her off with your W and your overall damage. You simply win if Annie can't play her game, so do the best you can to nullify her attempts. Try to also respect fog of war points, as Annie loves to also pick off  her opponents this way. Utilise yellow or blue trinkets to assert vision and safely play around these situations.
",Coming Soon
Aphelios,Easy - 2/10,PTA > Resolve / Inspiration,Doran's Shield,Ignite / Teleport / Ghost + Flash,Q > E > W ,"Aphelios is one of the more useless ranged laners Renekton can play against, as his weak stats and scaling damage is simply too weak to deal with Renekton. You can basically kill Aphelios any time the wave is on your side of the map, allowing you to dash in and burst him every chance you get. Within the late game Aphelios's damage scales very high, forcing you to be more cautious with how you play. If Aphelios has his blue gun, make sure to always respect his overall damage, as he can one shot people with his Q and R later on in the game. Try to wait for him to use his ammo on blue gun before looking for any major fights within this stage of the game. ","(1) Level 1 E Start - Try to cheese PTA proc or Conq with E1 > 3 auto's > disengage with E2.

(2) Play For Level 2/3 Kill Angle - Once you chunk out Aphelios you're most likely able to kill him with your W, Dash or Flash up. Look to shove the wave around your kill timer, so you're able to make Aphelios lose a lot more. 

(3) Abuse Renekton's Early Game - In this match up Renekton is essentially able to do whatever he simply wants. With that said, really hone into your strong early to mid game strengths to help you dominate and win the game. Play to deny your enemy of gold and xp, play to proxy and generally lead any top side skirmishes with your insane lane advantage.

(3) Respect Aphelios’s Guns - There’s a lot to cover when talking about Aphelios, but essentially the way to think about it is just respect the utility and strengths each of the guns provide. If Aphelios has his green gun, he will try to hard poke and play off his high range. If Aphelios has his red gun, he will play to sustain his HP. If Aphelios has his Blue gun, he will use it to wave clear or play more aggressively with its high damage and ult burst. If Aphelios has his Purple gun, he will use it to provide utility in the form of its slow and CC. If Aphelios has his White gun he will use it to set up turrets to AoE, or utilise his high attack speed synergy with other guns. 

There’s really a lot of intricacies that go into what he can also do with them together, but all you need to understand is that much later on in the game, playing around his white, blue and purple gun, are all that really matter. Earlier on Aphelios doesn’t really have any deterring strengths to make Renekton worries, so utilise your early game and overpower him while you can.

(4) Play Waves Accordingly - Simply assess whether or not you want to play for freeze, to help you deny XP and CS, while presenting yourself more opportunities to create fights. Or, play to shove waves to create proxy angles, tempo resets or create a dive opportunity. Renekton has all the cards to do whatever he wants with wave management. Also respect that if your laner tries to proxy, simply proxy back or coordinate a kill on them with your jungler.

(5) Heavy Trades - Being that Renekton carries a lot of high damage, Renekton is able to just jump on his target nearly at will. Whenever your laners present you with the abiltiy to jump on them, simply take the opportunity to burst them as much as you can. If you didn't kill them already from that, use your options of freezing or your tower diving ability to help you finish off your opponent.

(6) Respect Aphelios’s Purple Gun - Aphelios’s only real threat in theory, is the ability to use his purple gun to help him lock down Renekton, in combination with fighting with his team. Try to avoid getting caught out by Aphelios’s team with his purple gun, otherwise he will completely make you irrelevant with your team, so make sure to play off winning conditions and not provide Aphelios with free gold to scale into a monster. 

(7) Respect Aphelios R - Everytime Aphelios has R, he is able to provide mass AoE in the form of his abilities, each R hit with a specific gun will empower his overall gun and R effects. Try to avoid his R by E’ing out of range of the animation, or try to block it for your team if you’re tanky enough. The only real guns you need to worry about for his mass AoE, is his purple and blue gun, which both provide mass utility and high damage. 

(8) Mid Game + Teamfighting Tips - If you get to mid game vs Aphelios, he will most likely be giga behind as he’s really unable to sustain any kind of a lead into Renekton within solo lane. If Aphelios is even or gets a lead, make sure to play with caution and respect what guns he has. Once Aphelios runs out of blue or green gun ammo, you can play to abuse his bad set of guns as he will be at his weaker points within that stage of the game. In teamfights you can essentially eradicate him with ease in a fight, due to the reason that Aphelios doesn’t really have high enough base stats or build options to survive vs Renekton. Within fights, try to focus him if he is a strong carry for his team, otherwise if he is behind focus his other carries as that will be mostly important to winning against his team.
",Coming Soon
Ashe,Hard - 8/10,PTA > Resolve ,Doran's Shield,Exhaust / Teleport + Flash,Q > E > W,"Ashe is a suprisingly a very good pick into Renekton within the early game, as Ashe's ability to punish Renekton with her auto attack slows makes it difficult to get winning trades. As Renekton, you want to make sure you play the wave state on your side of the map, as this takes away Ashe's power to run you down with her passive. Renekton must also try to get a gank or reach level 6 if he wants to assert dominance within the lane. Once Renekton meets these conditions, Renekton can practically steamroll Ashe within 1v1's, allowing him to have a much better mid game phase. When playing vs Ashe, try to avoid taking her R hits, as this can provide her team the shutdown potential needed to stop Renekton.","(1) Play For Sustain Early - I personally learned the hard way in this match up, as trying to opt into E start or any aggressive plays simply leaves you 6 feet under Ashe. With that said, respect the first few levels as her poke in combination with her slow is really a terrifying and annoying combo. Make sure to abuse D Shield and Second Wind to out sustain and nullify her poke. 

(2) Respect Ashe’s Poke - To elaborate further on the Ashe lane, early on it is incredibly hard to even trade against her, this is due to the reason that once you finish a combo Ashe can abuse approach velocity with her slow to run you down with auto attacks. Until you’re able to purchase boots, try to keep the wave on your side of the map, this presents you the opportunity to take safer trades to whittle Ashe’s HP down, on top of the fact she also cannot run you down. 

(3) Rush Plated Steelcaps or Swiftness Boots - Honestly both boot choices are pretty good, picking between each just depends on what you prefer overall. I personally would play to lower her overall damage while looking to do short combos, setting up a level a kill around the 30% HP range, or simply waiting till level 6 to help me stat check and lower her overall power in her pick. With that said I’d opt into Plated Steelcaps, but you can go Swiftness if you’re able to snowball the lane and you want to opt into a heavy burst build to completely nullify the Ashe pick. 

(4) Quick Trades - E > Q > AA  > W > AA > E Out / E > Q > W > E / E Q E - These combos allow for Renekton to get quick damage off in being able to keep health up and whittling his opponent down, use these to get your laner low and look for a low HP kill with flash. 

(5) Play Wave On Your Side - Playing the wave on your side essentially means playing wave states on your side of the map, via abusing wave manipulation tactics or freezing on your side of the map. Simply use this to help you combo on your laner, taking away any space from them being able to trade you back (This also helps prevent the enemy running you down with their extended or sustained movement speed abilities). You can also use this wave state to run down your opponent with your abilities up, helping you obtain kills a lot easier vs stalemate or ranged match ups. Look to do this when your opponents are below 50% HP, or potentially make a mistake to provide you an all in opportunity to run them down. 

(6) Play For Ganks - This match up can certainly be difficult before level 6, however Renekton can provide good gank setup if his junglers play around him. Ashe has no tools to escape ganks, so play off your side of the map and ping your jungler to come and gank when she is over extended. Getting ganks will help you snowball the match up with ease, so make sure to let your jungler know.

(7) Avoid Ashe R - Ashe’s R is a great tool to pick off her opponents, allowing her to obtain free kills for her team, overall allowing her to setup for objectives or wave pushes for towers.  Make sure that every time you’re recalling you recall in a safe position, try to look at the shop once you’re in base just in case Ashe R hits you without looking. Try to use your E or movement to avoid Ashe R, making her miss her R loses a lot of utility for fights. In 1v1’s, the closer you are to Ashe, the easier it is to break out of her R early, with that said don’t worry if she hits it up close. 

(7) Abuse Renekton's R Powerspike - Prior to this point in the match up, if Renekton has farmed safely and rushed defensive boots in the match up, Renekton is now ready to fight his opponent in an all in. Renekton's high base damage and stats from his R, allows Renekton to completely stat check his counter match up. Simply wait for the enemy to make a mistake, then go all out and kill your opponent.

(8) Build Eclipse, Stridebreaker or Profane - Go Eclipse for consistent power through mid game and damage mitigation with the shield. / Go Stridebreaker to cripple Ashe's mobility and provide teammates with additional utility. / Go Profane for full damage focused playstyles.

(9) Mid Game + Teamfighting Tips - Ashe outside of lane Ashe is relatively weak and very team dependent, with that Ashe’s aim is to play off her E vision utility or her R’s to help her catch targets and try to posture for objectives. As Renekton, as previously mentioned you do not want to give over free kills towards her or try to get picked off before any objectives, so make sure you safely avoid Ashe R and try to avoid fighting her with other team members. When it comes to team fights, you can easily shut down Ashe if you get the jump on her, however if she is already behind or even, you can afford to ignore her to focus a stronger target on her team. As mentioned Ashe is more of a utility carry until much later, so make sure to focus on the right enemy win condition to win the fights. 
",Coming Soon
Aurelion Sol,Medium - 4/10,PTA / Electrocute > Resolve / Inspiration ,Doran's Shield,Ignite / Teleport / Ghost + Flash,Q > E > W,"Aurelion Sol is a pretty easy match up to snowball against early, as Renekton can use his dashes and stun to help him cap close and cancel Aurelion Sol's ways of escaping. Within the lane, you can kill Aurelion Sol in 2 trades, eventually being one if you're snowballing or have your main damage spike items. Aurelion's real threat grows the later the game gets, so try to win hard early and use your lead until Aurelion Sol scales with his passive.","(1) Level 1 E Start - Try to cheese PTA proc or Conq with E1 > 3 auto's > disengage with E2.

(2) Play For Level 2/3 Kill Angle - Once you chunk out Aurelion Sol you're most likely able to kill him with your W, Dash or Flash up. Look to shove the wave around your kill timer, so you're able to make Aurelion Sol lose a lot more. 

(3) Respect Aureion Sol’s Passive - The main factor that makes Aurelion Sol a threat is based within his passive. The way his passive works is that he gains stardust for each time he hits an ability onto his enemies, meaning throughout the game he can infinitely obtain stardust stacks. Alongside this after reaching certain stacks he is able to upgrade his abilities to improve their damage, range or radius of the ability. Make sure to put Aurelion Sol behind early, do everything you can to obtain kills, try to snowball your lead to deny him from CS and abuse your early to mid game as much as you can.

(3) Respect Aurelion Sol’s Q - Aurelion Sol’s main source of being able to deal damage revolves around his Q ability. The way Aurelion’s Q works is that he can activate it as long as he wants, as well as dealing bonus damage for each second he has it activated onto his target. Depending on the game’s length, Aurelion’s Q also scales based on his passive stacks, meaning he is able to deal up to a target's Maximum HP based on how many stacks he has. Overall this ability should be the main focus when fighting around Aurelion, as Renekton you can easily play around this by walking out of range of the ability, or you can initiate aggressive trades to easily overpower Aurelion Sol’s weak early game. When fighting you can also walk on top of him and move around him to help you mess up his Q positioning, forcing him to either cancel or slowly move it to hit you.

(3) Play Around Aurelion Sol’s W - Aurelion Sol’s W allows him to fly up to a certain distance, presenting him the ability to roam to other lanes or escape troubling situations. When you’re laning against Aurelion, typically if you try to E in he will attempt to use W to escape. Make sure that once he starts his W animation that you use your own W to cancel it out. Cancelling his W means Aurelion Sol is forced to fight an all in that he simply cannot win, overall presenting you the ability to kill him. This tip is pretty crucial to obtaining your kills on him in the lane, so make sure to abuse him when he tries to escape your trades.

(4) Abuse Renekton's Early Game - In this match up Renekton is essentially able to do whatever he simply wants. With that said, really hone into your strong early to mid game strengths to help you dominate and win the game. Play to deny your enemy of gold and xp, play to proxy and generally lead any top side skirmishes with your insane lane advantage.

(5) Play Wave On Your Side - Playing the wave on your side essentially means playing wave states on your side of the map, via abusing wave manipulation tactics or freezing on your side of the map. Simply use this to help you combo on your laner, taking away any space from them being able to trade you back (This also helps prevent the enemy running you down with their extended or sustained movement speed abilities). You can also use this wave state to run down your opponent with your abilities up, helping you obtain kills a lot easier vs stalemate or ranged match ups. Look to do this when your opponents are below 50% HP, or potentially make a mistake to provide you an all in opportunity to run them down. 

(6) Heavy Trades - Being that Renekton carries a lot of high damage, Renekton is able to just jump on his target nearly at will. Whenever your laners present you with the ability to jump on them, simply take the opportunity to burst them as much as you can. If you didn't kill them already from that, use your options of freezing or your tower diving ability to help you finish off your opponent.

(7) Ping And Ping Aurelion Sol’s Roams - As I previously mentioned, Aurelion Sol will utilise his W to either escape or use it to also roam the map. Aurelion Sol has a great flank setup with, as he is able to use his Q while flying on top of also being able to use his R, which presents a gigantic opportunity to shake up the fights in his favour. Try to ping his roams and try to also abuse this by crashing the wave, with the objective to receive plates and incoming minion waves. If Aurelion Sol doesn’t get anything and he’s returning top, you can simply zone him off the tower or look to kill him in between his tier 1 and 2. 

(8) Respect Aurelion Sol R - Aurelion Sol’s R power through the game changes based on how many stardust stacks he has, if Aurelion receives enough stacks to charge his R then he’s able to upgrade his ability to create a large shockwave, which provides a knock up and increased damage. In these moments try to avoid getting hit in the sweet spot of his R, also try to avoid fights with him unless you’re able to jump on him successfully, before he is able to R or making him simply waste its value. 

(9) Abuse Renekton's R Powerspike - Once you reach level 6 your ultimate will essentially help you consistently stat check and dominate any match ups you were winning or losing. Make sure to always wait for your R CD to help you make plays, otherwise it will lead you towards a major disadvantage in dueling your enemies. 

(10) Build Eclipse, Stridebreaker or BoTRK - Go Eclipse for consistent power through mid game and damage mitigation with the shield. / Go Stridebreaker to cripple Aurelion Sol's mobility and provide teammates with additional utility. / Go BoTRK to one shot and snowball with a damage focused build.

(11) Mid Game + Teamfighting Tips - Your overall objective vs Aurelion Sol is simply to use your early to mid game lead over him. After securing your lead vs him, simply try to roam the map and utilise your lead to get your teammates ahead as well as securing every objective you can. Aurelion Sol takes a while to scale into the game, try to avoid getting caught by him and his team, as shut downs can really spiral him into a snowball if he is able to secure them. When it comes to fights, try to single him out by dashing onto him with the aim of one shotting him out the fight, or if he isn’t strong enough, simply focus his strong carries and make sure to distract or remove them from the fight so they cannot utilise Aurelion Sol’s R utility. 
",Coming Soon
Aurora,Hard - 9/10,PTA > Resolve,Doran's Shield,Teleport + Flash,Q > E > W,"Aurora is a very difficult match up, as her high burst damage hard nullifies Renekton's ability to go aggressive, forcing him to play defensive with Second Wind and Doran's Shield. As Renekon, try to let her push and look to use your short clicks to bait our her abilities, allowing you to waste her mana and set up E trades with her abilities going on cooldown. Once Renekton gets Mercury Treads or Hexdrinker, Renekton is able to force more aggressive trades, allowing him to make use of his level 6 powerspike to kill Aurora. Getting ganks is also pretty necessary to ensure solo kills, so make sure to play off your jungler to help find the kills needed early. Eventually within the mid game, try to avoid Aurora's massive R damage flanks, by pinging out her locations or trying to force her to R before she can use it on your team.","(1) Play For Sustain Early - Aurora’s damage is absolutely horrible in most stages of the game, I mean I honestly don’t understand why Riot is completely fine with this to be honest. Either way, try your best to avoid Aurora’s Q and passive procs damage, try to play to keep your HP up and play for level 6 before any success in the match up. 

(2) Respect Aurora’s Damage - Like I already mentioned, her damage is ABSOLUTELY NUTS at most points in the game. Aurora’s Passive, Q and E are all really disgustingly strong, so it’s in your best interest to avoid these as much as possible. Try to utilise short clicks to feint in and out of her range, this can help you bait out her abilities and avoid the damage, allowing you to force trades or help you mana burn Aurora within the early stages of the lane.

(3) Rush Mercury Treads Or Hexdrinker - Both of these are pretty essentially to help you out manoeuvre her damage by the ability of having more movement speed, on top of the additional MR and shield utility they provide to help you play against Aurora. You can essentially buy both of these in the match up as the value is too huge to not take against her, if you’re able to tank her damage she practically becomes pretty useless at those relative stages in the game. Later on in the game you can finish Maw of Malmortius or buy Kaenic for additional hard MR to help you tank through her damage. 

(4) Quick Trades - E > Q > AA  > W > AA > E Out / E > Q > W > E / E Q E - These combos allow for Renekton to get quick damage off in being able to keep health up and whittling his opponent down, use these to get your laner low and look for a low HP kill with flash. 

(5) Play Wave On Your Side - Playing the wave on your side essentially means playing wave states on your side of the map, via abusing wave manipulation tactics or freezing on your side of the map. Simply use this to help you combo on your laner, taking away any space from them being able to trade you back (This also helps prevent the enemy running you down with their extended or sustained movement speed abilities). You can also use this wave state to run down your opponent with your abilities up, helping you obtain kills a lot easier vs stalemate or ranged match ups. Look to do this when your opponents are below 50% HP, or potentially make a mistake to provide you an all in opportunity to run them down. 

(6) Play For Ganks - Playing one vs one into Aurora is completely miserable until level 6 and MR items, with that said spam pinging ganks before or after is pretty much needed to help you gain an advantage into her. Renekton typically setups ganks super well into most champions, same can be said into this match up. Simply dash into Aurora and try to stun her when your teammate ganks. Chaining your CC will help you shut down Aurora, this is necessary to gain the advantage you need to help you stabilise or snowball against her. 

(7) Abuse Aurora W And R Positioning - Typically the way you can abuse Aurora is simply looking to combo after she misses her abilities. Once you engage with your E Aurora will either use her E to go backwards, or she will use her W and try to run away. When she uses W try to follow her onto her side of the map. This can help cut off her path of escape if she is trying to kite elsewhere, or it can allow you to land on top of her to do a heavy trade once she comes out of W. Just note that you should only do this if you already have MR, just in case her abilities come back up and she punishes you after you disengage. When it comes to her R, try to also cut off her position near her side of the map, otherwise she can use it to escape any danger with her dash. Taking out her escape routes is ultimately going to help you secure kills and allow you to use your powerspikes effectively. 

(8) Respect Aurora’s R Damage - Aurora’s R damage is as BS crazy as her other abilities, with that in mind try to respect her roams and damage potential at all times. Try to ping your team to be careful any time Aurora is near, try to also respect her R catch potential whenever pushing side lane as it can be used as a giant AoE slow, potentially preventing you from being able to escape in time. 

(9) Ping Aurora’s Roams - While Renekton can play well enough to neutralise Aurora she can however play directly into her teammates, this presents her the ability to easily snowball from skirmishes, lane ganks and overall objective based plays. Whenever Aurora tries to roam, try to spam ping her locations on the map at all times, otherwise she will easily pick up kills and start to steam roll the game as soon as she gets a lead. A fed Aurora is an absolute nightmare, do everything in your power to make sure you abuse her roams with your wave clear to help you pick up plates or obtain gold and xp. Aside from Aurora making giant blunders in the lane, there is really no consistent way other than farming well and trying to play safe to really leverage an advantage into her. 

(10) Abuse Renekton's R Powerspike - Prior to this point in the match up, if Renekton has farmed safely and rushed defensive boots in the match up, Renekton is now ready to fight his opponent in an all in. Renekton's high base damage and stats from his R, allows Renekton to completely stat check his counter match up. Simply wait for the enemy to make a mistake, then go all out and kill your opponent.

(11) Build Maw of Malmortius, Eclipse or Stridebreaker - Build Maw if the enemy has multiple AP champions and you want a MR shield. Eclipse for consistent power through mid game and damage mitigation with the shield. / Go Stridebreaker to cripple Aurora’s mobility and provide teammates with additional utility.

(12) Mid Game + Teamfighting Tips - Within the mid game, Aurora’s overall power really depends on how good you play within the early stage of the game, as well as your ability to alert your team of her movements on the map. If Aurora fails to make any major plays happen through the early game, then she will be considerably weaker in being able to play through skirmishes and teamfights. Overall Aurora is always a giant factor within the game as her R provides lots of utility and damage, as well as her high base damage. To truly counter Aurora, simply try to ward out objectives or fog of war entrances to lanes, as these will prevent her the ability to easily pick off her targets. Within teamfights the first thing Aurora will try to do is R when your team is clumped up, following up with her remaining ability burst damage to one shot your carries. Try to focus Aurora straight away within the fights, being able to lock her out and one shot her is crucial to winning a fight vs her and her team. Alternatively, if you’re able to kill her before a major team fight or objective, this will result in a better situation, as teamfights and objectives based play will be a lot easier with to play around. 
",Coming Soon
Azir,Hard - 9/10,PTA / Electrocute > Resolve,Doran's Shield,Teleport + Flash,Q > E > W,"Azir is a very hard match up due to his high poke range, as well as Renekton's lack of tools for abusing Azir's playstyle. Renekton's E timer doesn't provide Renekton enough time to catch out and stop Azir from dashing away, so at best all we can do is look to sustain with Second Wind and Doran's Shield, trying to force Azir to use mana and playing to overextend. Try to get your jungler to gank Azir when he is pushed up, as Azir can potentially waste his dash or R, allowing you to force all in's when either of them are down. If Renekton can get in range, he can out damage and beat Azir, however Azir needs to making the mistake to happen. Overall, try to play around your team and look for situations to assert yourself in as a team player as this is the most reliable to getting a lead over him.","(1) Play For Sustain Early - Azir is quite a disgusting matchup when it comes to laning as Renekton, this is mainly due to the reason Azir takes away a lot of space with his soldiers, providing consistent poke out against Renekton as well as 0 room to really trade back. Try to utilise D Shield + Second Wind to survive his early poke until you’re level 3, in which you can attempt to trade back if possible. 

(2) Avoid And Punish Azir’s Soldier Positioning - As previously mentioned, Azir’s main source of damage you need to worry about is based around his Soldiers. Azir can position them aggressively or defensively to utilise his ability to either escape with them, or use them to poke out his laner. Try to punish Azir if he uses E to force his soldiers into you, if he does this you can combo into him forcing a big trade to either kill or deal a big amount of damage to him. Do note that if he can summon another Soldier, he could put it behind and use it to dash away. Play around this wisely to create opportunities even if they’re rare. 

(3) Rush Mercury Treads or Hexdrinker - Azir’s damage may be considered low early game however Azir really can poke the absolute hell out of you early, in which rushing an early Mercury Tread’s for MR or movement speed is most certainly not a bad idea to avoid his early advantages. Going Hexdrinker is also a pretty decent option to sustain damage into him, as this will help you edge the fights against him if you’re given the chance to go for an all in.

(4) Quick Trades - E > Q > AA  > W > AA > E Out / E > Q > W > E / E Q E - These combos allow for Renekton to get quick damage off in being able to keep health up and whittling his opponent down, use these to get your laner low and look for a low HP kill with flash. 

(5) Play Wave On Your Side - Playing the wave on your side essentially means playing wave states on your side of the map, via abusing wave manipulation tactics or freezing on your side of the map. Simply use this to help you combo on your laner, taking away any space from them being able to trade you back (This also helps prevent the enemy running you down with their extended or sustained movement speed abilities). You can also use this wave state to run down your opponent with your abilities up, helping you obtain kills a lot easier vs stalemate or ranged match ups. Look to do this when your opponents are below 50% HP, or potentially make a mistake to provide you an all in opportunity to run them down. 

(6) Play For Ganks - Trying to kill Azir solo is very, VERY hard depending on how good the player is, so with that said playing for ganks is your best bet to create positive advantages. Trying to either burn his flash, R or chunk him out of the lane at the very least can be very helpful for gaining an advantage or setting up future kills within that window against Azir. Try to really focus on your wave state and ping your teammates to help gank Azir. 

(7) Play Around Azir R - Azir R is a great tool for play making and creating giant play opportunities, as it also is for its defensive capabilities to avoid Renekton’s all in attempts. Once you are strong enough you can deliberately burn it out by trying to focus Azir after he burns his dash, or if you can successfully time your stun on his E, which will force him to use R. Doing this can create you a kill opportunity on your next flash or dash play if you play it right, or alternatively you can try to double dash onto Azir in the time to avoid his R frame to knock you back or you can simply flash it to stay on top of him. Overall this is a very hard match up for mid lane compared to top lane, so make sure to do what you can to take away this power from him before any skirmishes or any teamfights. 

(8) Play For Teammates - Overall the main objective of Renekton vs Azir is simply to play around your team and look for any skirmish or play opportunities that can help you enable yourself or your teammates within the game. Renekton is already very limited within this match up, so the best case scenario will come from trying to play around your team and focus on getting them ahead . 

(9) Build Maw of Malmortius, Eclipse or Stridebreaker - Build Maw if the enemy has multiple AP champions and you want a MR shield. Eclipse for consistent power through mid game and damage mitigation with the shield. / Go Stridebreaker to cripple Azir's mobility and provide teammates with additional utility.

(10) Mid Game + Teamfighting Tips - Azir’s overall role in the game is to scale into being a hyper carry, while trying to also look out for any Q > E > R plays. This combo is absolutely crazy for its play making potential, so you need to always respect the situation of the map you’re in to avoid being overthrown into turrets, blocked in chokepoints or pinpalled into his own team. Try to always monitor his position in the fights and try to outplay his R with your flash, or attempt to jump on him before he is able to jump onto your team. If Azir loses his R he loses so much utility and protection that he will become a free target within this stage of the game. Try to always keep Azir and his team preoccupied with yourself to actively help your team play front to back, preventing Azir to shred or burst any teammates.  
",Coming Soon
Bard,Easy - 1/10,PTA > Resolve / Inspiration,Doran's Blade / Doran's Shield,Ignite / Teleport / Ghost + Flash,Q > E > W,"Bard is practically a very easy match up, as you're able to dash and kill him on repeat, as long as you avoid his Q stun and try to force fights when he is away from the walls to use his E. Bard can be pretty negative in avoiding death, so playing for farm leads and proxy attempts is super necessary. Try to use the proxy timers to invade the enemy jungler, or look for tempo resets to gain an advantage. All Bard can really do into Renekton is use his high mobility to gank other lanes, so make sure to ping his locations and abuse your side lane presence to abuse this playstyle.","(1) Level 1 E Start - Try to cheese PTA proc or Conq with E1 > 3 auto's > disengage with E2.

(2) Play For Level 2/3 Kill Angle - Once you chunk out Bard you're most likely able to kill him with your W, Dash or Flash up. Look to shove the wave around your kill timer, so you're able to make Bardlose a lot more. 

(3) Abuse Renekton's Early Game - In this match up Renekton is essentially able to do whatever he simply wants. With that said, really hone into your strong early to mid game strengths to help you dominate and win the game. Play to deny your enemy of gold and xp, play to proxy and generally lead any top side skirmishes with your insane lane advantage.

(4) Avoid Bard Q - Bard’s only form of self peel comes from his Q. Typically if you try to dash into Bard he will throw his Q back out trying to stun you if you’re close to a minion, ally or wall. Try to avoid his Q stun from your E engages, try to be on the edge of his minions to get a better placement dash if you’re looking to quick or heavy trade him. Any bit of damage you can deal to him with this play method will be giant in being able to secure a kill or an advantageous play. 

(5) Play Waves Accordingly - Simply assess whether or not you want to play for freeze, to help you deny XP and CS, while presenting yourself more opportunities to create fights. Or, play to shove waves to create proxy angles, tempo resets or create a dive opportunity. Renekton has all the cards to do whatever he wants with wave management. Also respect that if your laner tries to proxy, simply proxy back or coordinate a kill on them with your jungler.

(6) Ping Bard’s Roams - Most of the time Bard will most likely play to roam the map, trying to secure his chimes to scale into the game or trying to be as big of a tumor as possible. Try to spam ping Bard’s whereabouts as much as you can, that’s the only real thing he can do to gain an advantage for his team. Abuse his roams by crashing waves on his roams, try to get as much gold and xp as you can to ultimately carry the mid to late stages of the game. 

(7) Respect Bard’s Utility - Bard offers a lot of utility when playing around his team, as he is able to use his E to go through walls with his teammates in unpredictable angles, or the ability to stun lock people through his Q and R. Try to ward up around your lane, try to pay attention to each lane and make sure to respect any roams from any strong members into your lane. As the game goes on, try to ward around the areas you’re pushing up on his side of the map, do your best to not get caught out and give the enemies any additional gold.  

(8) Go Eclipse, Stridebreaker or BoTRK - Go Eclipse for consistent power through mid game and damage mitigation with the shield. / Go Stridebreaker to cripple Bard’s mobility and provide teammates with additional utility. / Go BoTRK to one shot and snowball with a damage focused build.

(9) Mid Game + Teamfighting Tips - As already mentioned, Bard’s whole objective is essentially going to be playing around his team from minute 1. Try to respect any of his plays when you’re pushing solo, try not to get caught by his E engages or R, try to to utilise your lead when it comes to later fights. If you have farmed up enough you’re most likely able to control and dominate most fights. Simply ignore focusing Bard, focus on his carries and try to assassinate them from the game. Bard can’t really do much without team members so make sure to take those resources away from him. Alternatively, ping your team away from being isolated as bard can easily engage with his R and create catch opportunities, try to avoid this situation as much as you can otherwise his team will be able to take objectives and leave you a player down.
",Coming Soon
Bel'Veth,Easy - 1/10,PTA / Conq > Resolve / Inspiration,Doran's Blade / Doran's Shield,Ignite / Teleport / Ghost + Flash,Q3 > W > E,"Bel'Veth is a completely giant grief pick into Renekton, as her poor ability to handle Renekton results in her getting hard snowballed through most stages of the game. Bel'Veth needs kills or jungle camps to scale with her kit, which is hard for her to obtain in solo lane and this style of match up. Renekton can easily fight her by forcing fights on Bel'Veth when she has CDs on her opposite Q indicators, forcing her to stay in melee range and die to Renekton. Try to also deny Bel'Veth from getting top side objectives, as these can provide her a giant powerspike within the game.","(1) Level 1 Q or E Start - As mentioned through other notes, playing off Q and E both require different plays, however in this match up you can essentially do either of them and have pretty good success. With that said, play around the strengths of level 1 and look for a level 2 kill. 

(2) Play For Level 2/3 Kill Angle - Once you chunk out Bel’Veth you're most likely able to kill him with your W, Dash or Flash up. Look to shove the wave around your kill timer, so you're able to make Bel’Veth lose a lot more. 

(3) Abuse Renekton's Early Game - In this match up Renekton is essentially able to do whatever he simply wants. With that said, really hone into your strong early to mid game strengths to help you dominate and win the game. Play to deny your enemy of gold and xp, play to proxy and generally lead any top side skirmishes with your insane lane advantage.

(4) Abuse Bel’veth Q - Bel’veth’s Q works by her being able to dash into 4 different directions. Her Q against Renekton is most typically used as an escape tool away from him, however Renekton can easily catch up to Bel’veth with his E’s. Most typically, Bel’Veth will try to farm or trade with 2 forward Q’s, then instantly dash away. Once it goes on CD, you can choose to abuse any combos on her as she will have no way to escape, leaving her a sitting duck to the slaughter. 

(5) Avoid Combo’ing Into Bel’Veth W - Her W ability is the only strong tool into dealing with Renekton. While Bel’veth doesn’t really possess any strengths towards fighting Renekton, her W can block from 35% to 55% damage making it a strong tool to lower Renekton’s DPS. There’s two ways to deal with Bel’Veth W, firstly if you’re trying to all in Bel’Veth, you can hold your W till her W wears off, allowing you to burst her down right after with W. Another way is that if you’re low or you’re trying to save an allied teammate, then you can use W to instantly cancel her W activation to stop her from dealing damage. Use your W wisely and hold any additional damage until after her W. 

(6) Play Waves Accordingly - Simply assess whether or not you want to play for freeze, to help you deny XP and CS, while presenting yourself more opportunities to create fights. Or, play to shove waves to create proxy angles, tempo resets or create a dive opportunity. Renekton has all the cards to do whatever he wants with wave management. Also respect that if your laner tries to proxy, simply proxy back or coordinate a kill on them with your jungler.

(7) Prevent Bel’veth Obtaining Topside Objectives - Bel’veth is one of the most unique champions in the game, as her obtaining objectives such as Grubs, Herald and Baron, all synergise her passive of getting additional attack speed from her passive, as much as also giving her free R stacks and additional buffs, which overall help with side lane pushing and providing even combat stats for 1v1. With your early advantage try to utilise it to the max by playing off your team to neutralise her receiving these objectives, doing this will make her even more useless and more of a troll pick.

(8) Build Eclipse, Black Cleaver or BoTRK - Go Eclipse for consistent power through mid game and damage mitigation with the shield. / Go Black Cleaver for additional CDR and other versatile stats for utility based gameplay. / Go BoTRK to one shot and snowball with a damage focused build. 


(9) Mid Game + Teamfighting Tips - Bel’Veth at this stage in the game as a top lane pick won’t naturally be as strong as she is when she’s played in the jungle, who consistently has access to farm her stacks through jungle camps. With that said, Bel’Veth shouldn’t be nearly as strong as she is so take advantage of that by using your core strength to dominate teamfights. Make sure to play to one shot her carries, or alternatively try to lock her down instantly and allow your team to nuke her out of the fights. Her overall strength will be decided on whether or not she obtained top side objectives, so make sure she was not able to obtain them to truly win the game with ease. 
",Coming Soon
Blitzcrank,Easy - 1/10,PTA / Conq + Resolve / Inspiration,Doran's Blade / Long Sword,Ignite / Teleport / Ghost + Flash,Q3 > W > E,"Blitzcrank has no chance at beating Renekton, due to Renekton's high stats and consistent amount of damage. Blitzcrank's slow animations and high mana costs prevent Blitzcrank from having any winning exchanges, making it a complete troll pick. Whenever you keep the wave on your side, Blitzcrank is only forced to overextend, forcing him to die any moment you engage on him.  The only strength Blitzcrank has, is that he will try to roam and find picks with his team. With that said, try to avoid getting grabbed and try to take fights when you're grouped with your team.","(1) Respect Blitzcrank Invade - Blitzcrank’s only real early leverage to gaining a lead over Renekton, is simply looking for an invade play with his team and trying to catch anyone out. Try to ping your teammates level 1 to cover all 5 points of entry on your side of the map, as doing this will deny any attempts for him to force an invade on vision. DO NOT AFK level 1 too, if Blitz is behind you don’t be afraid to use flash or skill E to avoid his hook and waste his flash. 

(2) Level 1 Q or E Start - As mentioned through other notes, playing off Q and E both require different plays, however in this match up you can essentially do either of them and have pretty good success. With that said, play around the strengths of level 1 and look for a level 2 kill. 

(3) Play For Level 2/3 Kill Angle - Once you chunk out Blitzcrank you're most likely able to kill him with your W, Dash or Flash up. Look to shove the wave around your kill timer, so you're able to make Blitzcrank lose a lot more. 

(4) Play For Manaburn - The main problem with Blitzcrank solo lane is that he needs to force mana items to make him useful, therefore losing a lot of damage from his AP or AD builds. Simply try to do heavy trades and force him to use mana from his E and Q. His damage is nowhere close to scary so forcing any trades onto him will leave him in a panic, which will use him expend a lot of mana to save himself. Abuse his low mana to force advantageous positions of proxying, diving or forcing resets. 

(5) Respect Mana Passive - Blitzcrank’s mana passive can be pretty surprising in 1v1’s, typically whenever Blitz opts into more mana he can also create a giant shield for himself. Whenever Blitz is low, you can aim to hold your empowered W or use your next empowered W to completely shred Blitz shield and instantly nuke him to death. 

(6) Abuse Renekton's Waveclear - A giant advantage Renekton has within this match up, is his overall ability to easily clear minion waves. This can help him achieve perfect tempo resets, or allow him to proxy waves to help increase his gold lead, while also hostaging the enemy top laner under their own tower. Being able to fast clear also forces the enemy into contesting push, allowing you to easily mana burn and create advantageous positions from it. Abuse this strength to cheat out bad laning situations, or increase your overall power within the game. 

(7) Play Waves Accordingly - Simply assess whether or not you want to play for freeze, to help you deny XP and CS, while presenting yourself more opportunities to create fights. Or, play to shove waves to create proxy angles, tempo resets or create a dive opportunity. Renekton has all the cards to do whatever he wants with wave management. Also respect that if your laner tries to proxy, simply proxy back or coordinate a kill on them with your jungler.

(8) Ping Blitzcrank Roams - Blitzcrank essentially cannot do anything in the Renekton match up, no matter how he plays it he will always be at a disadvantage. Instead Blitzcrank’s only play making opportunity will come from his roams and teamplay actions. Try to ping Blizcrank’s roams as much as you can, try to always ping your team from walking into fog of war, otherwise it will present Blitzcrank free picks and the ability to come back in the game. 

(9) Build Eclipse, Black Cleaver or BoTRK - Go Eclipse for consistent power through mid game and damage mitigation with the shield. / Go Black Cleaver for additional CDR and other versatile stats for utility based gameplay. / Go BoTRK to one shot and snowball with a damage focused build. 

(10) Midgame + Teamfighting Tips - Blitzcrank’s mid to late game objective is essentially to look for Q grab plays, in order for his team to look for picks then look for the ability to force objectives or pushes onto his opposing team. With that said, try to avoid Blitzcrank Q as much as possible (Especially Isolated or walking into fog of war) as these can really change the tides of the game and allow his team to get even more ahead or to comeback. When directly in a fight, try to ignore Blitzcrank and force your engages onto his team. Killing his carries will present Blitz with less opportunities for plays. 
",Coming Soon
Brand,Medium - 4/10,PTA > Resolve / Inspiration,Doran's Shield,Ignite / Teleport / Ghost + Flash,Q > E > W,"Brand is a relatively easy match up to have access onto, with his only main strength being his combo based damage if he's able to land his abiltiies. Renekton can easily jump onto Brand at will, allowing him to easily burst him down and kill him within 1 or 2 trades. When playing into Brand, try to avoid his W damage, as well as looking to avoid his Q stun. You can avoid Brand Q by using your E creatively to bait it out, or side step when walking towards him, providing you the kill windows needed to kill Brand. When it comes to teamfights, try to avoid clumping up into Brand's potential R usage. If Brand does R you, try to reposition away from any teammates, as you're able to deny his R from doing any bonus damage or applying his blaze passive.","(1) Play For Sustain Early - Brand's Damage can most certainly be very annoying within most parts of the game, especially combined with Renekton's low magic resist. To combat Brand’s early poke damage, make sure to abuse D Shield + Second Wind to soak up his overall damage, allowing you to combo more effectively and lower his overall lane presence. 

(2) Respect Brand's Blaze Combo - The way his passive works is that if he lands one ability he applies his blaze passive, which empowers his next ability. Most often Brand will E to easily apply blaze, then he will Q > W. Respect his combo to remove the leverage and advantage Brand can gain within the lane. 

(3) Dodge His Stun - Once Brand E's he will most likely look to Q if there's nothing blocking it, with that we can dash to the side or try to double dash over him if the opportunity is there. If he misses you can look to heavy trade and heavily abuse the Brand pick. The more damage you have the easier it is to kill him too. 

(4) Play Wave On Your Side - Playing the wave on your side essentially means playing wave states on your side of the map, via abusing wave manipulation tactics or freezing on your side of the map. Simply use this to help you combo on your laner, taking away any space from them being able to trade you back (This also helps prevent the enemy running you down with their extended or sustained movement speed abilities). You can also use this wave state to run down your opponent with your abilities up, helping you obtain kills a lot easier vs stalemate or ranged match ups. Look to do this when your opponents are below 50% HP, or potentially make a mistake to provide you an all in opportunity to run them down.  

(5) Respect His R - Brand R is an annoyingly frustrating ability that can change any skirmish or teamfight, so make sure to drag it away if brand R hits. Also Understand He can cheese in bushes and try to full combo onto you or your team. Play for vision and don't give him that opportunity to land. 

(6) Quick Trades - E > Q > AA  > W > AA > E Out / E > Q > W > E / E Q E - These combos allow for Renekton to get quick damage off in being able to keep health up and whittling his opponent down, use these to get your laner low and look for a low HP kill with flash. 

(7) Rush Mercury Treads - Rushing Mercury is a giant advantage against Brand as you’re easily able to tank his CC duration, as well as the fact you lower a ton of his overall damage. Another underrated aspect is the movement speed, which also allows you to easily manoeuvre against his abilities and presents an easier time in dealing with Brand. 

(8) Build Hexdrinker, Eclipse, Stridebreaker or Profane - Go Hexdrinker to lower Brand’s overall damage and have a MR shield / Go Eclipse for consistent power through mid game and damage mitigation with the shield. / Go Stridebreaker to cripple Brand's mobility and provide teammates with additional utility. / Go Profane for full damage focused playstyles.

(9) Mid Game + Teamfight Tips - As already mentioned, Brand’s overall objective will be trying to get a maximum value R in a teamfight, which ultimately leads into cataclysmic circumstances if you play into it. Within teamfights try to hard burst him before he gets into a position to land his AoE R. Try to hard burst him first if he tries to get into range of your team, or alternatively try to tank the R he lands and reposition away from your team. Doing this simply means he loses out on a ton of damage for his team overall presenting you with the ability to easily win and shut him down.
",Coming Soon
Braum,Easy - 1/10,PTA / Conq > Resolve / Inspiration,Doran's Blade / Long Sword,Ignite / Teleport / Ghost + Flash,Q > E > W,"Braum is practically a free match up, as Braum's inability to have damage to fight Renekton essentially makes it a complete auto lose match up for him. While Braum cannot do anything aggressive, defensive Braum is very hard to kill with his shield and E resistances, forcing him to stone wall various situations within the lane. Instead, Renekton can use his strong wave clearing ability to help him crash waves on demand, as well as being able to proxy behind Braum's tower. Proxying allows Renekton to set up tempo advantages through various situations of the game, as well as giving him the ability to kill Braum's jungler. Do note that fighting 1v2 can be tricky, as Braum's passive and R can be used to CC lock Renekton out of fights. With that said, take the right winning fights, as well as using your general advantage to dominate top lane and the rest of the map.","(1) Respect His Cheese Playstyle - In the very rare chance, he could have HoB and try to cheese you level 1 with his passive stun, Q and empowered HoB auto attacks. With that, do not try to fight him level 1 and just play for level 2, then the champion is useless. If Braum doesn’t have HoB, you can simply start Q and just look to bully him with Q and look for push, to easily ensure a lead over him.

(2) Respect His Defensive Abilities - Braum's defensive abilities can leave him a bit tricky to kill at points, mainly due to the fact his W gives quite a bit of armour and his E can reduce your damage from 35% to 55%. Try to play for short combos without your E to bait out his abilities, or try to fight Braum behind his shield so your damage won't be reduced. 

(3) Abuse Renekton's Early Game - In this match up Renekton is essentially able to do whatever he simply wants. With that said, really hone into your strong early to mid game strengths to help you dominate and win the game. Play to deny your enemy of gold and xp, play to proxy and generally lead any top side skirmishes with your insane lane advantage. 

(4) Abuse Renekton's Waveclear - A giant advantage Renekton has within this match up, is his overall ability to easily clear minion waves. This can help him achieve perfect tempo resets, or allow him to proxy waves to help increase his gold lead, while also hostaging the enemy top laner under their own tower. Being able to fast clear also forces the enemy into contesting push, allowing you to easily mana burn and create advantageous positions from it. Abuse this strength to cheat out bad laning situations, or increase your overall power within the game. 

(5) Play Waves Accordingly - Simply assess whether or not you want to play for freeze, to help you deny XP and CS, while presenting yourself more opportunities to create fights. Or, play to shove waves to create proxy angles, tempo resets or create a dive opportunity. Renekton has all the cards to do whatever he wants with wave management. Also respect that if your laner tries to proxy, simply proxy back or coordinate a kill on them with your jungler 

(6) Respect Braum's Teamplay - Braum's only real strength within the game is using his kit to help his team. His passive stun, his line up knock up and defensive abilities all triumph over Renekton's ability to peel and protect. Your objective instead is to not let Braum get picks or to pick you off with his jungler. Avoid his Q slow, and use dashes to dash out the way of his R to avoid being caught. 

(7) Build Eclipse, Black Cleaver or BoTRK - Go Eclipse for consistent power through mid game and damage mitigation with the shield. / Go Black Cleaver for additional CDR and other versatile stats for utility based gameplay. / Go BoTRK to one shot and snowball with a damage focused build.

(8) Mid Game + Teamfighting Tips - Braum's main purpose for the rest of the game is essentially to stick to his carries, in the objective to peel and protect them. The main difficulty vs a Braum is just how annoying he is at protecting carries. Try to avoid being hit by his passive procs from his auto attacks, Q and R. The main thing Renekton can do is simply go in while Braum is focused on somebody else, quickly utilise your flash combos on his protected target and go for a one shot play. Once Braum's carries are dead you can simply move onto his other targets and finish him off when he is the last one alive. 
",Coming Soon
Briar,Medium - 4/10,PTA / Conq > Resolve / Inspiration,Doran's Blade / Doran's Shield,Ignite / Teleport / Ghost + Flash,Q3 > W > E,"Renekton brute force strength and general control, allows him to completely dominate this match up if he plays it optimally. When playing vs Briar, try not to take long trades into her passive and general ability up times as her damage is stronger pre 6. When you have your abilties, use short trades to burst her down and disengage with your dashes. Rushing Executioner's is vital to lowering her overall healing, allowing you to completely stat check and beat her with ease. Briar cannot really do much once Renekton is ahead, however try to avoid walking into her R or fighting around multiple people with her R aiming at you. Briar R allows her to enhance her ability to beat Renekton in fights, as well as giving her teammates the damage needed to shut her down. Try to also ping Briar's R when your teammates are overextending, as this allows you to deny your teammates throwing over their leads to Briar.","(1) Respect Her Early Power - Briar's Strength's come from long trades and being able to utilize her W, once she W she will stat check any longer than necessary trades. Best thing to do is if she starts W, you can start W to quickly proc your damage then walk away from the fight. By Level 3, try to go for fast combos and disengage before the fight goes long. 

(2) Play For Level 2/3 Kill Angle - Once you chunk out Briar you're most likely able to kill her with your W, Dash or Flash up. Look to shove the wave around your kill timer, so you're able to make Briar lose a lot more.

(3) Respect Her Passive - Briar's surprising amount of damage also comes from her bleed passive, which can stack up to 9x while also providing her additional healing the more stacks she has onto you. The gameplan is to maintain short trades and prevent her from being able to heal against you. Buy Executioners if you need, or try to play for short trades and respect her power. 

(4) Respect Her E - Her E is the only basic ability that can really leverage her winning the fight into Renekton. Briar can either start the fight with E if Renekton engages with E, or she can use it towards the middle or end of her combo to end her W. Her E provides damage reduction, so if you're able to hold off any additional damage until she uses it, you will end up saving your abilities to burst her down right after, or before she uses the ability. Also make sure not to stand near walls so she deals less damage. 

(5) Quick Trades - E > Q > AA  > W > AA > E Out / E > Q > W > E / E Q E - These combos allow for Renekton to get quick damage off in being able to keep health up and whittling his opponent down, use these to get your laner low and look for a low HP kill with flash. 

(6) Play Wave On Your Side - Playing the wave on your side essentially means playing wave states on your side of the map, via abusing wave manipulation tactics or freezing on your side of the map. Simply use this to help you combo on your laner, taking away any space from them being able to trade you back (This also helps prevent the enemy running you down with their extended or sustained movement speed abilities). You can also use this wave state to run down your opponent with your abilities up, helping you obtain kills a lot easier vs stalemate or ranged match ups. Look to do this when your opponents are below 50% HP, or potentially make a mistake to provide you an all in opportunity to run them down. 

(7) Avoid Briar R - Her R is the biggest tool in being able to completely BS a fight. If you get hit by R, her abilities and stats are amplified, allowing her to win most 1v1s in the entire game. Avoid being hit by R at all times, make sure to also use your E to avoid it and make sure you're constantly looking around yourself. 

(8) Abuse Renekton's R Powerspike - Once you reach level 6 your ultimate will essentially help you consistently stat check and dominate any match ups you were winning or losing. Make sure to always wait for your R CD to help you make plays, otherwise it will lead you towards a major disadvantage in dueling your enemies. 

(9) Build Executioners, Eclipse, Black Cleaver or BoTRK - Go Executioners to lower Briar's overall healing power / Go Eclipse for consistent power through mid game and damage mitigation with the shield. / Go Black Cleaver for additional CDR and other versatile stats for utility based gameplay. / Go BoTRK to one shot and snowball with a damage focused build.  

(10) Mid Game + Teamfighting Tips - At this stage you're most likely able to side lane vs her and kill her at will. Make sure to take the right fights, don't get caught by her R or her team's rotations, as her lockdown can be crazy in combination with her teammates. Within teamfights try to avoid her R at all costs, even if one of your teammates gets hit by it, that can severely damage your chances of winning a team fight. The way to play these stages of the game, is try to bait her R to where she misses it, then follow up with a more committed teamfight where she has no R. In terms of navigating the fight, try to one shot her first if she's trying to jump on your team. Once she is out of the way you can play front to back more effectively and win vs her team. 
",Coming Soon
Caitlyn,Medium - 7/10,PTA > Resolve ,Doran's Shield,Ignite / Teleport / Ghost + Flash,Q > E > W,"Caitlyn's early oppression and range can lead to Renekton having a harder time to find his damage and kill angles onto Caitlyn. Renekton's gameplan early into Cait, should be taking Doran's Shield and Second Wind, allowing him to sustain against her damage, as well as rushing Plated Steelcaps to help provide him the utility to tank her damage and create additional kill windows to run her down the lane. Renekton should also try to play the wave on his side, allowing his jungler to gank and provide Renekton more opportunities to fight. Once reaching level 6, Renekton can look to double dash onto Cait, allowing him to get in range and use his R to stat check and help kill or put Cait into lethal range, providing Renekton a free tower dive or recall. Within the mid game, Caitlyn's damage will slowly scale until she reaches her late game items, providing Renekton a window in the game to force his natural strengths to help win skirmishes and teamfights.","(1) Play For Sustain Early - Caitlyn as a pick is very unusual as a top laner, however her kit is relatively pretty decent in poking down Renekton and keeping him at bay with her abilities. Early on in the laning phase, try to utilise the bushes to avoid Caitlyn’s range early with the intention of trying to keep your HP up the entire time. Utilise D Shield and Second Wind to survive her early poke and play to over power Cait with your Plated Steelcaps and R powerspikes. 

(2) Play For Mana Burn - This matchup is very difficult with how high range and oppressive caitlyn is. To secure kills early, you need to burn her mana out, which then follows up to the ability to kill her by yourself or with your own jungler. By trying to initiate with E in the lane, you can play to bait out her E and traps, with the intention of using E2 to reset and burn her mana. Eventually this will stack up and present you an easier time to combo onto her, or present you the ability to kill her.

(3) Quick Trades - E > Q > AA  > W > AA > E Out / E > Q > W > E / E Q E - These combos allow for Renekton to get quick damage off in being able to keep health up and whittling his opponent down, use these to get your laner low and look for a low HP kill with flash 

(4) Rush Plated Steelcaps - Rushing Plated Steelcaps into Caitlyn will essentially allow you to counter her pick and provide you an easier time to deal with her. Utilising the armour and on hit passive will completely cut Caitlyn’s ability to have poke you down effectively, or have the damage to over throw Renekton. Once having boots try to play more aggressively and look to play for kills when the wave is on your side of the map.

(5) Play Wave On Your Side - Playing the wave on your side essentially means playing wave states on your side of the map, via abusing wave manipulation tactics or freezing on your side of the map. Simply use this to help you combo on your laner, taking away any space from them being able to trade you back (This also helps prevent the enemy running you down with their extended or sustained movement speed abilities). You can also use this wave state to run down your opponent with your abilities up, helping you obtain kills a lot easier vs stalemate or ranged match ups. Look to do this when your opponents are below 50% HP, or potentially make a mistake to provide you an all in opportunity to run them down. 

(6) Play For Ganks - Her kit is almost tailored made early to deny Renekton from his strengths, however Renekton's gank setup is what can easily obtain kills on Caitlyn. Try to spam ping assistance to help you receive a gank, to take advantage of Caitlyn's low mobility and squishy stats. If you’re able to burn Caitlyn’s flash, you may be able to dive her or present yourself the overall opportunity to solo kill her.

(7) Abuse Renekton's R Powerspike - Prior to this point in the match up, if Renekton has farmed safely and rushed defensive boots in the match up, Renekton is now ready to fight his opponent in an all in. Renekton's high base damage and stats from his R, allows Renekton to completely stat check his counter match up. Simply wait for the enemy to make a mistake, then go all out and kill your opponent.

(8) Build Eclipse, Stridebreaker or Profane - Go Eclipse for consistent power through mid game and damage mitigation with the shield. / Go Stridebreaker to cripple Caitlyn’s mobility and provide teammates with additional utility. / Go Profane for full damage focused playstyles.

(9) Mid Game + Teamfighting TIps - Once you get into the mid game, Caitlyn’s mid game is generally a lot weaker than her early or late game stages are, due to the fact her item prices cost a lot and overall she needs to have a solid early game to really make use of a good mid game. With that said, try to abuse Caitlyn’s downtime power by using Renekton’s advantage over taking objectives and trying to force plays. Renekton generally will be able to have a much easier time into her potential team comp, due to the Caitlyn pick losing out the defensive frontlining abilities a team comp like hers would need. Mid game will be your total advantage, building items like Randuin's Omen to nullify crit damage as well as mobility will be giant in being able to soak up damage and carry off this role alone. 
",Coming Soon
Camille,Medium - 4/10,PTA / Conq > Resolve / Inspiration,Doran's Blade / Doran's Shield,Ignite / Teleport / Ghost + Flash,Q3 > W > E,"Camille's early game is substantially weaker within the early stages of the game, providing Renekton the ability to easily stat check and snowball on her if played correctly. When laning vs Camille early, try to avoid taking trades with her shield up, instead play around your empowered W and instantly nuke her passive shield when she walks up. If Camille has boneplating, try to auto attack her before fully comitting with an empowered W. When laning vs Camile, try to also stay out of W range to prevent her poking and sustaining, this can easily be done with good movement to weave in and out of range. Try to also avoid standing near any walls, as this can easily allow her to engage of disengage, keep the wave in the middle of the lane or try to fight her while she is stun in her W animation. Renekton can also cancel her E if she tries to disengage, so make sure to use your W when she's in her E2 travelling animation. Within the mid game, try to use your early game lead to help you brute force winning fights into objectives before Camille scales into the rest of the game. Try to also avoid being caught solo by Camille and her team, as she's able to easily pick up kills and snowball them into a lead.","(1) Respect Camille’s Level 1 - Camille’s Level 1 is a lot stronger than Renekton’s, due to the fact she has more playability in being able to play the lane from her Passive shield, Q damage, W Sustain or her potential E cheese. From Level 1, try not to engage fighting Camille with her passive or Q up, instead play off your Q poke and look to abuse your wave clear to reach level 2 before her. If Camille takes W, simply just walk in and out with short clicks to avoid being hit by it, while utilising your own Q to trade and shove back. 

(2) Respect Camille’s Passive - As mentioned, Camille passive can be a huge road block level 1 as she will try to force fights on you with that shield advantage. As we progress within the lane, trading into her passive shield is always a bad idea, so make sure to play off your empowered W if you’re playing into her range to help you easily nuke her shield and out damage her. A trick you can also sometimes do, is allowing Camille to auto attack you first. This allows you to bring her passive up without trying to stay in combat, giving you the advantage to look for trades right after her shield is gone. 

(3) Avoid Or Punish Camille’s E - When playing vs Camile, try to avoid standing near any walls. If Camille lands her E she can do immense damage and leave you in a bad spot within the lane, forcing you to recall or leaving you a divable target for her team. It is always within our best interests to avoid Camille E by using our E to dodge or our flash, if we need to avoid her kill engages. Another thing Renekton can do, is that he can cancel Camille’s E ability. When Camille uses her E and starts moving towards the wall, if Renekton times his W auto in between that time, he can instantly cancel it to prevent Camille from escaping the lane to leave her in a terrible position.. 

(4) Keep The Wave State In The Middle - Camille's biggest issue is playing in a middle wave state, due to the fact she cannot use her E to fight. This also leaves her in a vulnerable position to fight, allowing you to also cancel her E with W if she tries to disengage off her wall. If your wave is stuck try to fix the wave by hard shoving, or being patient for the wave to push back. Alternatively, if you are strong enough and you have reached your powerspikes, you can freeze to help force a really uncomfortable wave state to help you deny minions or kill camille at will.

(5) Quick Trades - E > Q > AA > W > E Out / E > Q > Emp W > E / E > Emp W > AA > Q > AA > E Out - These combos allow for Renekton to get quick damage off in being able to keep health up and whittling his opponent down, use these to get your laner low and look for a low HP kill with flash 

(6) Don't Overtrade With Long CDs - When it comes to extended fights Camille will have the upper hand depending on if she has her 2-3 item spikes, or she is simply ahead from capitalising on Renekton’s mistakes. Due to how long Renekton CDs are, you typically want to make sure your abilities are up before trying to fight her, otherwise her consistent low Q CD will end up out damaging you. Alternatively you can play into a higher Haste playstyle or max W after 3 points Q to make sure you keep snowballing 1v1 trades until very much later within the game. 

(7) Respect Her Catch Potential - Camille's biggest strength within her kit is her catch potential with E And R. Try to avoid fighting Camille without vision or knowledge of her teammates. Try to also ping her roams, and make sure your team also doesn't get caught at any point, otherwise easily presenting the opportunity for her to come back and snowball within the game. 

(8) Abuse Renekton's R Powerspike - Once you reach level 6 your ultimate will essentially help you consistently stat check and dominate any match ups you were winning or losing. Make sure to always wait for your R CD to help you make plays, otherwise it will lead you towards a major disadvantage in dueling your enemies. 

(9) 3 Points Q > W Max - W Max allows you to continue your snowballing and overall counter potential into Camille. W Max lowers your W cooldown from 7 to 4 seconds depending on your haste, essentially allowing you to always have consistent access to applying damage against Camille. This playstyle also allows you to continue snowballing with a bruiser build, as well as allowing you to dominate within a full damage Renekton build. Utilising W max correctly to always make Camille a non factor within the game. 

(10) Build Eclipse, Black Cleaver or BoTRK - Go Eclipse for consistent power through mid game and damage mitigation with the shield. / Go Black Cleaver for additional CDR and other versatile stats for utility based gameplay. / Go BoTRK to one shot and snowball with a damage focused build. 

(11) Mid Game + Teamfighting Tips - When playing within the Mid game, Renekton can essentially match Camille up until she gets 3 items. Before that point, try to assert your strong early mid game presence by trying to kill her in the side lane, or look to shove and force skirmishes while Camille is farming. When it comes to teamfights try to protect your carries from Camille’s engage, as her overall CC engage and pick potential is enough to easily secure kills for her team. Overall, if you can protect your team from her engages, or try to showdown down Camille before any major fights, this will ideally give you the win condition needed to beat her. 

",Coming Soon
Cassiopeia,Hard - 8/10,PTA > Resolve ,Doran's Shield,Ignite / Teleport + Flash,Q > E > W,"Cassiopeia's early game can be really threatening if you play into her game, which revolves around tanking her Q posion or walking yourself into her W or R. When playing vs Cassiopeia, using your movement is vital to avoiding her Q, allowing you to take more up front burst trades, as well as allowing you to bait out her own W if you use E more creatively. Taking Doran's Shield and Second Wind, also provide you the sustain and HP to help survive her damage, while also providing you the stat checking ability to shut her down. At level 6, Renekton can win any up close fights if he's able to avoid being slowed by her W, as well as doding her R by looking away on the cast. If Cassio fails to utilise her kit, Renekton will be able to over run her and beat her within any side laning fights. Within the mid to late game, avoid being caught by Cassio's Flash R combo by paying attention towards her positioning.","(1) Play For Sustain Early - Within the Renekton vs Cassiopeia match up, Renekton simply needs to play to keep his HP up within the start of the laning phase, with his overall objective simply trying to get level 3 or his first back to overall assert dominance with the laning phase. Try to play around D Shield and Second Wind to maintain sustain within the laning phase, try to also avoid tanking Cassio Q’s to avoid her empowered E and poison trades.

(2) Respect Cassio’s Q - When Cassio hits her Q, she is able to obtain a burst of movement speed, additional damage with her E and she is able to heal from her target. With that said, it is absolutely vital to utilise your movement to bait out her Q’s and use your dashes to avoid her receiving any additional damage. You can potentially try to bait out Cassio Q by doing short clicks in and out, or trying to walk up to minions then walking back. These little subtleties can help you find trading patterns to help you abuse her.

(3) Rush Hexdrinker or Mercury Treads - Personally this depends overall, but if you’re worried about Cassio’s damage and the way you’re playing, then going either is a pretty good option to help you survive within the match up. I like to opt more into Eclipse rush personally, but as mentioned this is just if you feel the lane isn’t going your way.

(4) Avoid And Punish Cassio’s W - Cassiopeia’s W is considered to be one of the worst abilities to play around as Renekton, mainly due to the reason she can completely lock you out from being able to dash. As Renekton, we can cheese her W by baiting it out with our dashes, where we can easily E in and quickly E out, with the intention of putting it on its 24 second CD. After W is on CD, we can look to abuse it within its downtime to look for kill attempts. 

(5) Quick Trades - E > Q > AA  > W > AA > E Out / E > Q > W > E / E Q E - These combos allow for Renekton to get quick damage off in being able to keep health up and whittling his opponent down, use these to get your laner low and look for a low HP kill with flash. 
Heavy Trades - Being that Renekton carries a lot of high damage, Renekton is able to just jump on his target nearly at will. Whenever your laners present you with the ability to jump on them, simply take the opportunity to burst them as much as you can. If you didn't kill them already from that, use your options of freezing or your tower diving ability to help you finish off your opponent.

(6) Play Wave On Your Side - Playing the wave on your side essentially means playing wave states on your side of the map, via abusing wave manipulation tactics or freezing on your side of the map. Simply use this to help you combo on your laner, taking away any space from them being able to trade you back (This also helps prevent the enemy running you down with their extended or sustained movement speed abilities). You can also use this wave state to run down your opponent with your abilities up, helping you obtain kills a lot easier vs stalemate or ranged match ups. Look to do this when your opponents are below 50% HP, or potentially make a mistake to provide you an all in opportunity to run them down. 

(7) Avoid Extended Fights - Cassio is a match up where we simply just want to play solely off our ability CDs, otherwise tanking her damage can be a giant detriment in being able to overpower and win the lane. Try to play off your trading patterns and only look for the all in if she has no W, or she is 40% HP from quick trades. 

(8) Respect And Avoid Cassio’s R - This personally is one of my favourite abilities to outplay within the game, as it can completely change the tides of a 1v1 or teamfight against Cassiopeia. Most typically when fighting Cassio post level 6, you need to essentially read the situation clearly to know when she is going to R. If you engage on Cassio and she’s trying to kite or run you down, she will try to look for R if you’re directly facing her, meaning that if you can quickly click in the opposite direction, she will miss the ability in being able to stun you, therefore losing the fight against Renekton. This ability is absolutely crucial to avoid, doing this simply will allow you to win the fights against Cassio, as long as you also avoid her Q in the process. Try to also respect her flash R, which she will most likely use if you’re low or if she’s looking to AoE stun within a teamfight. 

(9) Abuse Renekton's R Powerspike - Prior to this point in the match up, if Renekton has farmed safely and rushed defensive boots in the match up, Renekton is now ready to fight his opponent in an all in. Renekton's high base damage and stats from his R, allows Renekton to completely stat check his counter match up. Simply wait for the enemy to make a mistake, then go all out and kill your opponent.

(10) Build Eclipse, Stridebreaker or BoTRK - Go Eclipse for consistent power through mid game and damage mitigation with the shield. / Go Stridebreaker to cripple Cassio's mobility and provide teammates with additional utility. / Go BoTRK to one shot and snowball with a damage focused build.

(11) Mid Game + Teamfighting Tips - When it comes to Cassiopeia’s mid game role, she will most likely look to split push, with the overall ability of wanting to farm for her power items as well as looking for duels with yourself or weaker teammates. Depending on how the match up went, you can either look to solo kill her repetitively, or you should use your teammates to help shut her down if she’s fed. Cassio is relatively easy to shut down if there’s multiple people, as long as people don’t play into her Q, and can cut her off reliably. When it comes to teamfights, Cassio’s role is essentially playing off her flash timer and looking to mass AoE stun her opponents. As Renekton, you want to try hard to avoid her flash R stun, by trying to look away or simply positioning yourself to distract Cassio’s other carries. Cassio’s overall damage isn’t enough to 1v9 a fight, so if you’re able to jump onto her carries and shut them down, then Cassio’s overall role weakens as a result.
",YouTube Video
Cho'Gath,Medium - 4/10,PTA / Conq > Resolve / Inspiration,Doran's Blade / Long Sword,Ignite / Teleport / Ghost + Flash,Q > E > W or Q3 > W > E,"Cho'Gath's early game is easily exploitable by avoiding his Q's and E extended trades, by using your movement to bait either ability or forcing quick trades with your own abilities. Renekton can easily bully Cho'Gath and push him into uncomfortable lane states if he plays the wave on his side of the map, forcing Cho to waste mana for his Q, as well as allowing Renekton to dash into range. Within the mid to late game, Cho'Gath's tanky build and HP scaling will become a problem, however with item rushes like BoTRK or Eclipse, these provide Renekton with the damage to completely nuke his HP, countering Cho'Gath's additional HP stacking out of his passive and items. When teamfighting try to ignore Cho, while focusing on his damage carries to lower his overall relevancy within teamfights,","(1) Level 1 Q Start - Try to push for level 2 advantage while poking Cho’Gath with your Q, on level 2 skill E/W use advantage to chunk out Cho’Gath. 

(2) Respect Cho’Gath’s E Damage - Cho’Gath’s E damage throughout all points of the game is a very strong ability, allowing Cho’Gath to stat check his opponents and win up close duels. Typically we want to walk close enough to help us bait the ability out, in which right after he uses it we simply try to walk out of his range to avoid it from hitting us. As we get stronger in the lane, we’re able to end up tanking his E damage, however we don’t want to tank the damage for free as it will leave us in an uncomfortable position. 

(3) Dodge Cho’gath’s Q - Cho’Gath’s Q is his main ability that he will be playing around in the lane. Cho’Gath’s Q can do a lot of damage, so being hit by this can lead to a lot of problems and set up his overall kill angles. Try to read the patterns of how he uses Q, then try to bait it out by walking towards minions or towards him, as making him miss Q will be absolutely bad for him when trying to fight 1v1. When you are fighting Cho’Gath, try to always walk around him and anticipate his Q placement as this will help you side step his Q’s, allowing for an easier time in shutting him down. 

(3) Respect And Abuse Cho’Gath’s W - Cho'Gaths W is another good tool to help him obtain kills, especially against Renekton as he can use it to silence Renekton before being able to R. When playing against Cho’Gath, there’s a few tricks we can use to avoid Cho’s W. When dashing into him we can avoid the W hitbox if we are fast enough, by dashing when he least expects it or simply E’ing fast enough to land behind him. We can also buffer our abilities into Cho W, to allow us to use our abilities through his silence. 

(4) Play Waves Accordingly - Simply assess whether or not you want to play for freeze, to help you deny XP and CS, while presenting yourself more opportunities to create fights. Or, play to shove waves to create proxy angles, tempo resets or create a dive opportunity. Renekton has all the cards to do whatever he wants with wave management. Also respect that if your laner tries to proxy, simply proxy back or coordinate a kill on them with your jungler.

(5) Quick Trades - E > Q > AA  > W > AA > E Out / E > Q > W > E / E Q E - These combos allow for Renekton to get quick damage off in being able to keep health up and whittling his opponent down, use these to get your laner low and look for a low HP kill with flash. 

(6) Respect Cho’Gaths’ R - Cho’Gath’s R is an ability you always need to play around, as letting him get his R stack off you or your allies can be very detrimental to feeding him towards his overall powerspikes. Cho R is usually around 80-60 seconds, and within that time he uses it on minions you should look to punish by fighting him. Cho without R won’t be able to kill Renekton, so make sure to hard abuse your Empowered E’s, R damage and item stats to overpower and kill Cho. 

(7) Abuse Renekton's R Powerspike - Once you reach level 6 your ultimate will essentially help you consistently stat check and dominate any match ups you were winning or losing. Make sure to always wait for your R CD to help you make plays, otherwise it will lead you towards a major disadvantage in dueling your enemies. 

(8) 3 Points Q > W Max - I personally prefer doing W max in this match up, as items such as BoTRK can help me easily shred through Cho’gath’s high HP pool, on top of also utilising many W’s within a fight to abuse BoTRK passive a lot harder. As the game continues, W max will also help as a great tool in being able to peel against Cho’Gath’s assault towards your teammates, along with you always having the damage to battle him within most areas of the game.

(9) Build Eclipse, Black Cleaver or BoTRK - Go Eclipse for consistent power through mid game and damage mitigation with the shield. / Go Black Cleaver for additional CDR and other versatile stats for utility based gameplay. / Go BoTRK to one shot and snowball with a damage focused build. 

(10) Mid Game + Teamfighting Tips - The later the game reaches against Cho, the harder it will overall get to trying to close out the game vs him. While Renekton doesn’t inherently struggle hard vs Cho, his overall strengths as a teamfighting tank can surpass Renekton’s ability to stop him the later the game gets, due to his overall build paths and infinite HP scaling playstyle. As Renekton, once you snowball your laning phase, it should be within your best interest to try and close the game out as fast as you can. Try to utilise your early game lead to distribute it across the map, trying to roam towards objectives and taking towers with your team. Within teamfights, you can either play to nuke Cho’s carries, or try to utilise empowered E and W’s to shred Cho’s HP and resistances. I personally would opt towards killing his carries first, as they’re the ones that are going to likely benefit with a huge tank like Cho within the game. Alternatively, if you can catch out Cho in side lane before a major fight, this can remain very helpful as it will remove the enemies ability to have a front liner within the main fights.
",YouTube Video
Corki,Easy - 2/10,PTA / Electrocute > Resolve,Doran's Blade / Doran's Shield,Ignite / Teleport / Ghost + Flash,Q > E > W,"Corki's laning phase is relatively easy to play around, as Renekton should look towards abusing Corki when his W is on CD, or using Renekton's E to follow up against his W.  Corki doesn't really do much towards Renekton in the early game, allowing Renekton to dictate the trades and force his aggression at will. While Corki does scale into a strong damage dealer, Renekton can easily shut him down if he's given the chance by using his dashes, teammates engages, flashes or punishing Corki's mispositioning, allowing you a way to always have access towards shutting him down.","(1) Level 1 E Start - Try to cheese PTA proc or Conq with E1 > 3 auto's > disengage with E2.

(2) Play For Level 2/3 Kill Angle - Once you chunk out Corki you're most likely able to kill him with your W, Dash or Flash up. Look to shove the wave around your kill timer, so you're able to make Corki lose a lot more. 

(3) Respect Corki’s Damage - Corki doesn’t have the most oppressive laning phase, however his poke can be something as he can easily access his damage on to you within the lane. Try to abuse D Shield and Second Wind to help you out sustain his low to medium damage, and try to avoid tanking his autos and E damage as those are his main sources of damage. 

(4) Play Around Corki’s W - Corki’s W is 20 seconds on his rank 1 cooldown, making it 4 seconds shorter than Renekton’s E. Abusing this window timer to set up kills is crucial, as your next E trade will not allow him to disengage from your damage within the lane. Try to also time your ganks around baiting his W out, as this will make him a very easy and gankable target for Renekton.

(5) Abuse Renekton's Early Game - In this match up Renekton is essentially able to do whatever he simply wants. With that said, really hone into your strong early to mid game strengths to help you dominate and win the game. Play to deny your enemy of gold and xp, play to proxy and generally lead any top side skirmishes with your insane lane advantage.

(6) Play Wave On Your Side - Playing the wave on your side essentially means playing wave states on your side of the map, via abusing wave manipulation tactics or freezing on your side of the map. Simply use this to help you combo on your laner, taking away any space from them being able to trade you back (This also helps prevent the enemy running you down with their extended or sustained movement speed abilities). You can also use this wave state to run down your opponent with your abilities up, helping you obtain kills a lot easier vs stalemate or ranged match ups. Look to do this when your opponents are below 50% HP, or potentially make a mistake to provide you an all in opportunity to run them down. 

(7) Heavy Trades - Being that Renekton carries a lot of high damage, Renekton is able to just jump on his target nearly at will. Whenever your laners present you with the ability to jump on them, simply take the opportunity to burst them as much as you can. If you didn't kill them already from that, use your options of freezing or your tower diving ability to help you finish off your opponent.

(8) Respect Corki’s Scaling - Corki’s overall damage scaling within the match up does massively ramp up, through the main reason of him getting Triforce and Manamune. As Corki’s early game is substantially weaker, you can try to abuse your early game to abuse his late scaling playstyle. Use your map rotations and overall lead to help you and your teammates close the game out as soon as he can scale in the game.

(9) Build Eclipse, Stridebreaker or Profane - Go Eclipse for consistent power through mid game and damage mitigation with the shield. / Go Stridebreaker to cripple Corki’s mobility and provide teammates with additional utility. / Go Profane for full damage focused playstyles.

(10) Mid Game + Teamfighting Tips - As previously mentioned, as Renekton we want to make sure we can hard abuse our early to mid game presence, to help us create the win conditions we need before Corki scales into the game. Once Corki gets his main items, he will be able to dish out a ton of burst damage, making him a threatening target. As Renekton, we want to try and always focus him and shut him down within the fights, otherwise his utility from his E can make it difficult alongside other AD champions within the game. Alternatively, if Corki is mega behind we can just aim to focus other priority carries. 

",Coming Soon
Darius,Medium - 5/10,PTA / Conq > Resolve / Inspiration,Doran's Blade / Doran's Shield,Ignite + Flash,Q3 > W > E,"The Darius match ups if favoured towards Renekton in higher MMR, however Darius essentially must lead the dance in Renekton being able to find his right openings. Level 1 Darius can cheese in a multitude of ways, allowing Renekton to counter that with by corresponding Darius's ability starts with his own (Check notes to know more). Once Renekton reaches level 3, Renekton can force fast trades onto Darius each time Darius misses Q or uses his E, allowing Renekton to freely trade and burst him out. Renekton must always use his W before disengage, otherwise Darius can pull back Renekton and force kill windows on to him. When playing vs Darius, try to always avoid being hit by his Q by baiting it out with your movement or your E, as his outer Q allows him to apply bonus damage, heal and apply a bleedstack, heavily aiding him within fights. By level 6, Renekton can hard stat check Darius if you play optimally and avoid his damage, allowing Renekton to always have the upper hand. Renekton can rush BoTRK or Eclipse to always help him maintain damage and win the 1v1's. Within teamfights, try to prevent Darius from getting R resets by stunning him before reaching any low hp targets, or getting your team to focus him.","(1) Respect Darius Bush Cheese - Darius level 1 is a lot stronger than Renekton, allowing him to utilise bush cheeses in combination with W/E start and ghost, to help him run down and kill his opponents with his passive. From level 1 we want to try and mitigate or remove these factors from Darius within the following ways: Warding our closest top bush to force minion aggro and spot out Darius, Avoid standing or walking towards pixel bush, and covering our side of the jungle to avoid Darius cheese attempts. If you can do all of these, Darius won’t be able to cover the laning power needed to get an early advantage.

(2) Skill Abilities Accordingly - Darius has a number of ways to utilise his level 1, as he can practically skill every ability under the right circumstance. As good as this is for Darius, Renekton can also do the same and counter him accordingly. It should be noted however, that Renekton shouldn’t start his chosen ability first, as Darius can also counter accordingly. If Darius starts Q, we can also start Q to help us shove the wave and poke him back. If Darius takes W, we can take W or E, to help us trade harder in our damage or reposition away from him (I do recommend E vs W more, as if he has boneplating, we won’t be able to squeeze enough damage out to make W worth it). If Darius takes E, we can skill E to either dash instantly away, or use E2 after we try and disengage with E1. In the cases Darius does take E, we can typically know if his only incentive is to run past the wave and force a fight onto us, which in this case we can just try to avoid fighting and wait till the wave crashes. 

(3) Respect Darius’s Passive - Darius passive is one of his most important skill elements when it comes to the match up, as playing around his passive will provide all the success you need to consistently dominate the match up. Darius passive allows him to get up towards 200+ AD later on in the game, on top of also applying a DoT bleed to help out trade us in the fights. With that said, we never want to play to give Darius passive. Utilising our movement, dashes and overall feint playstyle to bait out abilities is absolutely essential for taking away Darius’s main strengths of the match up. Make sure that whenever you’re in a deep fight with Darius that you’re able to space correctly away from him keeping his passive stacks up, as Darius losing his passive stacks can be a giant disadvantage for him being able to win.

(4) Avoid Darius’s Q - Darius Q is another aspect of the match up we need to play around, as hitting his Q can essentially be the decider in being able to win a fight or not. Darius Q provides him with a moderate amount of damage, increasing even more if he lands his outer blade, which applies a free bleed stack and healing based on the amount of champions hit. With all that said, Darius Q packs quite a punch and has so many variables to allow him to outsustain and win a fight, so we need to utilise ways to avoid his Q. Renekton can achieve this by using his movement to bait out Darius Q with short in and out clicks, or the ability to dash into Darius to make him miss all his additional variables. Dashing into Darius isn’t as scary as you think, as Renekton can abuse fast combos to safely get him in and out.

(5) Avoid Overextended Wave States - Darius’s only real kill window is within his ability to run down his opponent within the lane, allowing him to easily obtain this with his use of slows, E pull and ghost activation. As Renekton, we want to always play waves on our side, as we’re able to safely trade into Darius, as much as being able to use enough room to avoid his overall strengths. Make sure to get your jungler to help you shove waves if you have a bad wave state, as this can also be a deciding factor into Darius snowballing.

(6) Respect Darius E - Darius E is another annoying ability, as a poorly timed E from ourselves can be very detrimental for Darius to abuse. Make sure to always use your W before disengaging from Darius, otherwise he will be easily able to pull you within your E animation to prevent you from escaping. As long as you always W to disengage, Darius will never be able to pull you. It should also be said that you can Empowered W and AA right before you disengage to apply more damage onto him.

(7) Quick Trades - E > Q > AA  > W > AA > E Out / E > Q > W > E / E Q E - These combos allow for Renekton to get quick damage off in being able to keep health up and whittling his opponent down, use these to get your laner low and look for a low HP kill with flash. 

(8) Abuse Renekton's R Powerspike - Once you reach level 6 your ultimate will essentially help you consistently stat check and dominate any match ups you were winning or losing. Make sure to always wait for your R CD to help you make plays, otherwise it will lead you towards a major disadvantage in dueling your enemies. 

(9) Respect Darius R - In combination with max passive stacks, Darius R can deal a ton of true damage which scales overall with how many stacks he has from a target. Darius can also R execute a low HP target to also quickly gain his passive stacks, always making him a potential danger within the fights. Try your hardest to avoid giving him max stacks, on top of also avoid giving him a free R execute as these can entirely decide a teamfight and 1v1 within the side lane. When fighting against Darius, make sure you always have your R available too, as it will help you easily mitigate against Darius’s overall damage and execution range of his ultimate. 

(10) 3 Points Q > W Max - I find this playstyle vastly great into Darius, due to the reason we can obtain a 7 to 4 second W, which will allow us to easily peel and out damage Darius in a 1v1. Abusing items such as Eclipse and BoTRK can also help us easily abuse W max to an even greater level, always leaving Darius at a total disadvantage. The 3 points Q also helps to provide early wave clear and poke against Darius, allowing us to have the best of all words when it comes to playability. 

(11) Build Plated Steelcaps, Eclipse, Black Cleaver or BoTRK - Go Plated Steelcaps if Darius rushes them to avoid being at a movement speed disadvantage. Go Eclipse for consistent power through mid game and damage mitigation with the shield. / Go Black Cleaver for additional CDR and other versatile stats for utility based gameplay. / Go BoTRK to one shot and snowball with a damage focused build. 

(12) Mid Game + Teamfighting Tips - Typically Darius struggles quite hard within the mid to later stages of the game, mainly due to his lack of mobility and his heavy summoner reliance. As Renekton, we can heavily play into Darius’s lack of mobility by utilising our W max playstyle to hard peel against him from our teammates. When it comes to side lane, Renekton can confidently fight Darius if he is even or ahead, as long as you’re playing by the overall match up tips. Making sure you kill Darius from fights is essentially if you want to take away his summoner strengths for team fights, or his overall ability to join the fights to help his team. When teamfighting vs Darius, try to avoid giving him 5 bleed stacks if he is focusing you and try to space away from him till it wears off. If Darius is focusing on an ally, try to hard peel your target with 5 bleed stacks as he is looking to obtain his mass stacks for heavier damage in his overall teamfighting potential.   
",Coming Soon
Diana,Easy - 1/10,PTA / Conq > Resolve / Inspiration,Doran's Blade / Long Sword,Ignite / Teleport / Ghost + Flash,Q3 > W > E,"Diana is a really simple match up that Renekton cannot really lose, due to his high stats to brute force trades or using his abilities counteract Diana's engage attempts. Diana really cannot do anything, as Renekton can shield break her W, or instantly burst her down before she's able to do anything. Make sure to always ping Diana's location on the map, as her only role is to snowball off squishier targets within the game.","(1) Level 1 Q or E Start - As mentioned through other notes, playing off Q and E both require different plays, however in this match up you can essentially do either of them and have pretty good success. With that said, play around the strengths of level 1 and look for a level 2 kill. 

(2) Play For Level 2/3 Kill Angle - Once you chunk out Diana you're most likely able to kill her with your W, Dash or Flash up. Look to shove the wave around your kill timer, so you're able to make Diana lose a lot more. 

(3) Abuse Renekton's Early Game - In this match up Renekton is essentially able to do whatever he simply wants. With that said, really hone into your strong early to mid game strengths to help you dominate and win the game. Play to deny your enemy of gold and xp, play to proxy and generally lead any top side skirmishes with your insane lane advantage.

(4) Avoid And Play Around Diana Q - Diana’s Q is essentially her bread and butter to create her play opportunities, as her hitting her Q will allow her to have a free stack of a dash allowing for quick and high burst damage combos that can obliterate any squishy champions early. As Renekton getting hit by her Q really isn’t a problem, Renekton’s high base stats mostly will deter Diana from trying to trade. However, if Diana tries to fight Renekton then you can abuse your high damage and simply stat check her.

(5) Abuse Diana’s E - Diana’s E works as a long CD dash, however if she lands Q it can give her a free stack to dash onto the marked targets. Typically if Diana makes the mistake of using 2 dashes onto Renekton then she essentially signs her death sentence, Renekton within all points of the game can deal with Diana, so make sure to be observant how she uses E and punish her if she’s trying to hard trade against you.

(6) Abuse Diana’s W - Diana’s W creates a shield to mitigate against incoming damage from her enemies. Renekton can easily counter her shield by utilising his shield break to nuke her shield, doing this allows you to get more damage off with the intent of hard punishing Diana’s aggressive playstyle. 

(7) Play Waves Accordingly - Simply assess whether or not you want to play for freeze, to help you deny XP and CS, while presenting yourself more opportunities to create fights. Or, play to shove waves to create proxy angles, tempo resets or create a dive opportunity. Renekton has all the cards to do whatever he wants with wave management. Also respect that if your laner tries to proxy, simply proxy back or coordinate a kill on them with your jungler.

(8) Respect Diana’s R - Diana’s R allows her to pull in her enemies, while dealing an absurd amount of AoE burst damage. Diana’s R doesn’t pose much of a threat towards Renekton, however it is worth noting that she can use it to cancel your E if you mistime the position. Diana’s main usage for her R is to use it when you’re low, or trying to create a gank/catch set up. Try to avoid being hit by her Q, which sets up her overall combo and make sure to ward or track enemies movements to prevent her shutting you down. 

(9) 3 Points Q > W Max - Renekton  can abuse W max against Diana as he is able to get a consistent amount of W’s up, always preventing Diana’s ability from being able to 1v1 Renekton. When it comes to general skirmishes or teamfights, W max allows you to consistently lock down Diana or other targets that are in melee range, preventing them from play making opportunities or allowing you to burst your targets down.

(10) Build Eclipse, Black Cleaver or BoTRK - Go Eclipse for consistent power through mid game and damage mitigation with the shield. / Go Black Cleaver for additional CDR and other versatile stats for utility based gameplay. / Go BoTRK to one shot and snowball with a damage focused build. 

(11) Mid Game + Teamfighting Tips - Diana’s role within the mid to later stages of the game, is trying to actively search for your squishier teammates with the objective of trying to one shot carries and utilise her AoE vacuum R to create giant plays. As Renekton it’s pretty easy to shut down Diana, mainly for the reason Renekton W can completely insta nuke Diana’s chances of looking for an engage. With that said, try to cut off Diana’s attempts of trying to jump onto your team, by looking to stun her right away, or trying to force a fight onto Diana before she makes it into the teamfight.
",Coming Soon
DR.Mundo,Medium - 5/10,PTA > Resolve / Inspiration,Doran's Blade / Doran's Shield / Long Sword,Ignite / Teleport / Ghost + Flash,Q3 > W > E,"DR Mundo can be pretty difficult the later the game gets, forcing you to optimally play the laning phase to a tee. Renekton must force Mundo over comitting on his side of the map, while Renekton should look to use his E > W trades to get rid of Mundo's passive. Renekton should go for any trade as soon as Mundo uses Q, as Renekton can reliably avoid taking the damage, as well as being able to reach him without being slowed. Once Mundo has no passive, Renekton can go for a heavy trade to help him one shot Mundo. Make sure to not waste your entire damage on Mundo's W if he has it active, instead wait for it to go on CD then use your damage right after. Make sure when playing vs Mundo you go healing reduction such as Executioners or Ignite, as they allow you to have the damage to lower his overall healing. Try to rush BoTRK when you're vs Mundo, as this allows you to nuke his HP bar up as soon as he enters range, providing you the ability to force dives or bait out his R. Once Mundo has Warmogs, Renekton should have taken first tower with the intention of roaming the map and using his lead to dominate the game before Mundo gets his items.","(1) Level 1 E Start - Try to cheese PTA proc or Conq with E1 > 3 auto's > disengage with E2. When playing against Mundo try to E when Mundo uses Q, as he won’t have the damage to stop you from out trading you. 

(2) Play For Level 2/3 Kill Angle - After chunking out Mundo, we can take W and look to utilise a heavy trade. If you have played the level 1 optimally, we will be able to double dash onto Mundo with empowered E, followed by our Empowered W. This damage alongside ignite will simply kill mundo, or leave him low enough to dive right after. 

(3) Avoid Mundo’s Q - Mundo’s Q absolutely HURTS if you get hit by it, so make sure to avoid it in every way possible. Try to time your combos around Mundo’s Q, as this will allow you to tank 1 Mundo Q max, always allowing you to get the upper hand in early fights. Alternatively, when playing against Mundo, utilising lots of clicks to avoid his cleavers is very much needed to help you bait his cleavers out, as well as utilising minions to help you block them. 

(4) Play Around Mundo’s Passive -  Mundo’s passive is essentially what we need to pay attention towards when it comes to our fights. If Mundo has his passive, typically we want to look for a short trade to get rid of it, as getting rid of it in our next trade will allow us to commit a lot harder, while also presenting an easy time to CC him down alongside our teammates. Within the lane, Mundo’s passive can also drop him a vial that heals him and refunds a large amount of CD of his passive. Try to walk or dash over his passive to deny him from picking it up, as this will hard cut his survivability against Renekton. 

(5) Respect Mundo’s W - Mundo’s W is a very underrated tool in being able to help him survive against burst champions. Mundo W can refund his missing HP within his grey bar, allowing him to tank a lot of Renekton’s damage in heavy trades. Most typically, if we play our first combo to get rid of Mundo’s passive, we are able to also bait out his W, allowing us to abuse around his 17 second to look for a combo under his tower if we opt into playstyles such as W Max. Within a fight we can also opt into holding our damage until his W goes off CD, we can choose to do this if we have a kill threat into Mundo and he’s overextended within the lane.

(6) Rush BoTRK - Rushing BoTRK is absolutely essential in being able to deal with Mundo’s high HP playstyle, as Mundo opts into going 3 Giant’s belts, Warmogs and Heartsteal., Renekton needs to have BoTRK to easily one shot through the majority of his HP, allowing himself to kill Mundo fast enough before he ults, or allows for his teammates to finish off the kill. When Mundo does get Warmogs he will try to force you into playing around his healing passive, which does create a big counter in being able to obtain kills onto him, with that said try to only force fights if you know you can kill him for sure.

(7) Play Wave On Your Side - Playing the wave on your side essentially means playing wave states on your side of the map, via abusing wave manipulation tactics or freezing on your side of the map. Simply use this to help you combo on your laner, taking away any space from them being able to trade you back (This also helps prevent the enemy running you down with their extended or sustained movement speed abilities). You can also use this wave state to run down your opponent with your abilities up, helping you obtain kills a lot easier vs stalemate or ranged match ups. Look to do this when your opponents are below 50% HP, or potentially make a mistake to provide you an all in opportunity to run them down. 

(8) Bait Or Counter Mundo R - Mundo’s R is an absolutely crazy ability that will allow him to easily cheese his way through surviving most things thrown at him, making it an absolutely game changing ability if played correctly. Something that Renekton can do once he has BoTRK, is considering that you can force harder trades, Renekton can easily shred him into his low HP threshold, allowing him to easily bait Mundo’s R. Within that time of baiting out Mundo R, we can use it to posture a more aggressive play if we have the HP for that, or nullify Mundo’s R from an important moment within the game. 

(9) 3 Points Q > W Max - W Max against Mundo is severely strong as we’re able to consistently abuse W’s raw power, as well as utilising BoTRK more effectively through its on hit power. In terms of playing vs Mundo, firstly we can knock his passive with a regular W, followed by another W within our 7-4 second CD time frame, allowing us to force more aggressive trades to create kill opportunities. As the game progresses, having more W’s is absolutely key to holding off Mundo’s relentless Push playstyle within the side lane or trying to get towards your teammates.

(10) Build Eclipse, Black Cleaver or BoTRK - Go Eclipse for consistent power through mid game and damage mitigation with the shield. / Go Black Cleaver for additional CDR and other versatile stats for utility based gameplay. / Go BoTRK to one shot and snowball with a damage focused build. 

(11) Mid Game + Teamfighting - Mundo’s role within the later stages of the game is to become an absolute gigantic meat shield with his ever lasting HP scaling, on top of his insane HP regen from his R and Warmogs passive. Before Mundo is able to reach up towards 7k+ HP, your objective should be to absolutely dominate the map before he comes online, so each time there’s an objective such as Dragon or an opportunity to take towers and spread your lead, that’s exactly what you should be prioritising to as Mundo cannot contest without his 2 item spikes. When it comes to teamfights, Mundo shouldn’t really be a priority, as killing his carries holds a lot more weight than trying to shred through Mundo’s HP. With that said, try to one shot his carries in fights before fighting Mundo, or alternatively if you have to play a peel role, try to use empowered E's and W’s to apply the utility need to shut him down. 
",Coming Soon
Draven,Medium- 5/10,PTA > Resolve / Inspiration,Doran's Shield,Ignite / Teleport / Ghost + Flash,Q > E > W,"Draven's early game damage can be tricky for people that don't usually play against it, as Draven can easily chunk out Renekton's HP and use his E to cancel Renekton's dashes if used incorrectly. While this match up isn't overly difficult, it should be respected by taking Doran's Shield and Second Wind, with the intention of keeping the wave on your side to recieve ganks or playing around your burst heavy and fast combos. When you're level 6, Renekton can completely stat check Draven with the help of Plated Steelcaps, allowing him to easily fight and kill Draven at will. If Draven dies once in the lane, Draven cannot recover the match up as Renekton will simply steamroll him on repeat if they fight.","(1) Play For Sustain Early - Draven’s high damage lane bully playstyle can most certainly be a huge threat towards most champions within the early game. Typically when it comes to playing vs Draven, you simply just need to reach your level 3 and 6 power spikes to really gain control over this match up. Before these main spikes keeping your HP up is essential, hence why D Shield and Second Wind are needed in order to beat Draven. 

(2) Respect Draven's Q - Draven’s Q is essentially his main ability and form of damage we need to respect within this match up. Draven Q simply provides him with additional on hit damage, on top of also allowing him to stack up to 2 Q’s to help him maintain his high DPS. Something Renekton can do within this match up is that when you eventually try to fight him, stunning him can remain a giant weakness as he is able to easily lose the ability to pick up his axes. Draven losing axes can lose him a lot of total damage within fights, making it a giant weakness within his kit. Also make sure to take notice if Draven misses an axe, as that can also lead into a trading or kill window.

(3) Respect Draven’s E - This is more of a reminder that Draven can use his E to cancel your E, allowing him to simply run you down and hard punish you. So when playing around Draven, try to dash fast enough when he least expects it based on your overall character positioning, or if you dash in the right range he simply won’t be able to fully cancel it, or stop you from using E2 to jump onto him.

(4) Play For Manaburn - As long as you’re playing the sustain game optimally, Draven can easily run out of mana trying to be aggressive or defensive. Forcing the right trades can help you bait out his E, force him to use W’s or force him to reuse Q after losing it. Making sure you commit towards the right trades and patterns will help you nullify his lane presence in lane, forcing him to recall or kill him when he has low mana.

(5) Quick Trades - E > Q > AA  > W > AA > E Out / E > Q > W > E / E Q E - These combos allow for Renekton to get quick damage off in being able to keep health up and whittling his opponent down, use these to get your laner low and look for a low HP kill with flash. 

(6) Rush Plated Steelcaps - Plated Steelcaps are straight up Draven’s cryptonite, as even that thought alone can make them want to run it down or unleash their racial tirade of abuse at you. Simply rushing this will instantly give you the damage mitigation needed against Draven to help you win the match up. 

(7) Play Wave On Your Side - Playing the wave on your side essentially means playing wave states on your side of the map, via abusing wave manipulation tactics or freezing on your side of the map. Simply use this to help you combo on your laner, taking away any space from them being able to trade you back (This also helps prevent the enemy running you down with their extended or sustained movement speed abilities). You can also use this wave state to run down your opponent with your abilities up, helping you obtain kills a lot easier vs stalemate or ranged match ups. Look to do this when your opponents are below 50% HP, or potentially make a mistake to provide you an all in opportunity to run them down. 

(8) Abuse Renekton's R Powerspike - Prior to this point in the match up, if Renekton has farmed safely and rushed defensive boots in the match up, Renekton is now ready to fight his opponent in an all in. Renekton's high base damage and stats from his R, allows Renekton to completely stat check his counter match up. Simply wait for the enemy to make a mistake, then go all out and kill your opponent.

(9) Build Eclipse, Stridebreaker or Profane - Go Eclipse for consistent power through mid game and damage mitigation with the shield. / Go Stridebreaker to cripple Draven's mobility and provide teammates with additional utility. / Go Profane for full damage focused playstyles.

(10) Mid Game + Teamfighting Tips - When it comes towards the mid game, Renekton will be able to match Draven with relative ease due to his overall item selection and playstyle options. Each time Draven attempts to split push, Renekton will be able to fight him at all points as long as he has his R available. Within teamfights, Draven’s role will be looking to burst your main carries with his high scaling damage. As Renekton your role is simply to just jump on him and look to one shot him, as his main weakness stems from his lack of natural peel and defensive stats. Typically locking in a ranged top laner such as Draven also puts a giant strain within the team comp, allowing you to easily build items such as Randiun’s to help you counter his crit and AD damage. 
",Coming Soon
Ekko,Easy - 2/10,PTA / Conq > Resolve / Inspiration,Doran's Blade / Long Sword,Ignite / Teleport / Ghost + Flash,Q > E > W or Q3 > W > E,"Ekko is another easy and free style of match up for Renekton, as Ekko cannot reliably engage into Renekton without getting his HP nuked by his W. As Renekton, try to avoid taking his passive stack damage or try to look for trades right after Ekko jumps on you with his E. Ekko's only strength within the match up is trying to roam and look for kills on squisher team members. With that said, try to always ping Ekko's roams and look to abuse him for leaving the lane. Later on, Renekton can use his W and potential heavy AD builds to help him one shot Ekko before he's able to R, make sure to chain your W CC wisely with other CC in the game.","(1) Level 1 Q or E Start - As mentioned through other notes, playing off Q and E both require different plays, however in this match up you can essentially do either of them and have pretty good success. With that said, play around the strengths of level 1 and look for a level 2 kill. 

(2) Play For Level 2/3 Kill Angle - Once you chunk out Ekko you're most likely able to kill him with your W, Dash or Flash up. Look to shove the wave around your kill timer, so you're able to make Ekko lose a lot more. 

(3) Respect Ekko’s Passive - Ekko's damage can be very impactful at all stages in the game, mainly due to his great ability to set up his combo using his Q > E > AA trade, or using his W to catch you off guard and easily apply his passive stacks onto you. When it comes to laning, Ekko will look to Q the wave with the aim of hitting you, with that said try to avoid walking into his Q and try to look for combos if he’s trying to engage you, or after his Q is on CD.

(4) Respect Ekko’s W - Ekko’s W can allow him to make great picks against his opponents, as it allows him to easily assassinate and catch targets off guard. Keep in mind, Ekko’s W can also be used to help lock down his targets for his team, allowing the ability to easily shut down champions such as Renekton. When playing around Ekko W, try to play with vision and try to predict where he will throw it. As Renekton you can also use your E, or simply try to use your movement to avoid Ekko W. When it comes to fighting Ekko, try to hold your empowered W so you can instantly break his shield, doing this can also help you easily shut down Ekko within fights.

(5) Abuse Renekton's Early Game - In this match up Renekton is essentially able to do whatever he simply wants. With that said, really hone into your strong early to mid game strengths to help you dominate and win the game. Play to deny your enemy of gold and xp, play to proxy and generally lead any top side skirmishes with your insane lane advantage.

(6) Play Waves Accordingly - Simply assess whether or not you want to play for freeze, to help you deny XP and CS, while presenting yourself more opportunities to create fights. Or, play to shove waves to create proxy angles, tempo resets or create a dive opportunity. Renekton has all the cards to do whatever he wants with wave management. Also respect that if your laner tries to proxy, simply proxy back or coordinate a kill on them with your jungler.

(7) Heavy Trades - Being that Renekton carries a lot of high damage, Renekton is able to just jump on his target nearly at will. Whenever your laners present you with the ability to jump on them, simply take the opportunity to burst them as much as you can. If you didn't kill them already from that, use your options of freezing or your tower diving ability to help you finish off your opponent.

(8) Respect Ekko’s R - Ekko’s R is another ability that can completely blind side you if you’re not paying too much attention. Against Ekko, try to not stand within his R trail if you’re low, typically for the reason he can easily one shot you if you’re at that HP range. When fighting Ekko, most of the time as Renekton you want to try and burst him as fast as possible. This is pretty easily to do with how fast Renekton combos can be, so make sure you’re mechanically playing it well to completely counter his ability to R. 

(9) Build Eclipse, Black Cleaver or BoTRK - Go Eclipse for consistent power through mid game and damage mitigation with the shield. / Go Black Cleaver for additional CDR and other versatile stats for utility based gameplay. / Go BoTRK to one shot and snowball with a damage focused build. 

(10) Midgame + Teamfighting Tips - What makes Ekko a remote threat is his roam potential with W and his naturally high burst damage. With that said, try to ping out his whereabouts  at all times to make sure you prevent him from cheesing free roam kills. Within teamfights, try to avoid stepping into his W, as any point of being hit by it can be absolutely devastating. Your general role can vary between trying to one shot his carries, or trying to peel your teammates from his engage combo. At any point within the fight where Ekko tries to utilise W or R, try to use empowered W to completely nuke his shield, or stun him before he gets low enough to use R. 


",Coming Soon
Elise,Medium - 6/10,PTA / Conq > Resolve / Inspiration,Doran's Shield,Ignite / Teleport + Flash,Q > E > W,"Elise being an uncommon laner can be difficult to figure out at first, providing Renekton to play safe early with the intention of reaching level 6 with Mercury Treads and his ultimate power spike. When laning vs Elise, try to take Doran's Shield and Second Wind to help you play into her damage, eventually if Elise over commits on Renekton at level 6, Renekton can double dash behind her to avoid her cacoon, as well using her missed E to force an all in opportunity. Elise through the rest of the game is absolutely useless as a top laner, so make sure to deny her early game strengths to make her useless within the rest of the game.","(1) Play For Sustain Early - Elise's as a laner is pretty underrated when it comes to how strong and annoying her early game actually is. Elise’s poke pattern relies on playing Grasp with the intention of trying to poke and collect grasp stacks switching forms into her spider form. This can be incredibly annoying with how cheesy this, so make sure to avoid any grasp and auto attack damage using the bushes, as well as also using D Shield and Second WInd to help you nullify and survive against her damage.

(2) Dodge Elise’s E - Whenever you try to engage Elise's natural instinct is to stun you into her disengaging with spider form. The trick to getting her to miss Cacoon, is trying to surprise her with your E to bait it out. You can E close to her Q > E out, this can bait out her cocoon allowing you to burn her mana for free. Another way is double dashing through her, which will make her miss her E while you're dashing past her, this gives you a free all in window to fight her and potentially kill her. 

(3) Rush Mercury Treads - Rushing Mercury Treads is a giant power play into this playstyle, as all her damage relies entirely off AP, as well as the fact the tenacity easily helps you escape her cocoon in case you’re hit by it. Overall, rushing this will present you with a much easier time dealing with her early strengths within the game, allowing you to easily outscale and surpass Elise as a top lane pick. 

(4) Play For Manaburn - The main objective for the early game is trying to keep your HP up, while trying to abuse quick combos to make her waste her mana. Eventually Elise won’t be able to keep sustaining damage against Renekton due to his heavy sustain based playstyle, preventing Elise from utilising her abilities in her ranged form, forcing her into her melee form, presenting Renekton a much easier time in fighting. 

(5) Play Around Elise Repel - Once you’re able to reach Elise, Elise may be able to switch form and look to panic E away onto a target. Make sure when you’re fighting Elise, try to cut off any path of escape she has by dashing on her side of the map, or angling your position to leave Elise within a vulnerable position within the lane.

(6) Play Wave On Your Side - Playing the wave on your side essentially means playing wave states on your side of the map, via abusing wave manipulation tactics or freezing on your side of the map. Simply use this to help you combo on your laner, taking away any space from them being able to trade you back (This also helps prevent the enemy running you down with their extended or sustained movement speed abilities). You can also use this wave state to run down your opponent with your abilities up, helping you obtain kills a lot easier vs stalemate or ranged match ups. Look to do this when your opponents are below 50% HP, or potentially make a mistake to provide you an all in opportunity to run them down. 

(7) Abuse Renekton's R Powerspike - Prior to this point in the match up, if Renekton has farmed safely and rushed defensive boots in the match up, Renekton is now ready to fight his opponent in an all in. Renekton's high base damage and stats from his R, allows Renekton to completely stat check his counter match up. Simply wait for the enemy to make a mistake, then go all out and kill your opponent.

(8) Build Eclipse, Stridebreaker or BoTRK - Go Eclipse for consistent power through mid game and damage mitigation with the shield. / Go Stridebreaker to cripple Elise’s mobility and provide teammates with additional utility. / Go BoTRK to one shot and snowball with a damage focused build.

(9) Midgame + Teamfighting Tips - When it comes to midgame vs Elise, this is essentially Renekton's element within the matchup, as Renekton's pure skirmishing and teamfighting tools through his naturally tanky and high damage kit allow him to reign supreme as the better top lane pick compared to Elise. In side lane Renekton will have the power to always win an all in's vs Elise, as well as also being able to shove waves with ease to out tempo and setup flanks. The only main threat Elise has is playing the fog of war game, make sure your team doesn't go alone vs Elise hiding in bushes, otherwise she will pick off your team with her cocoon setups. Try to walk with your team to gain vision, in fights try to peel your allies off Elise jumping onto your win condition, or try to one shot the enemy carries before Elise is able to do anything. 
",Coming Soon
Evelynn,Easy - 2/10,PTA / Conq > Resolve / Inspiration,Doran's Blade / Doran's Shield,Ignite / Teleport / Ghost + Flash,Q > E > W,"Evenlynn's only strength as a top laner revolves around her level 1, where Evenylnn can force a Q trade on repeat to get Renekton low to help force her a kill. If Renekton avoids hard trading into Evelynn Level 1, Renekton can hard burst and chunk Evelynn each chance he gets to jump on her. When fighting Evelynn, try to avoid taking her charm damage as it amplifies the rest of her damage onto her target. When you're low, try to also avoid fighting or getting caught by her R, as it provides execution damage to instantly kill you before you're able to ult. Evelynn doesn't really have the pure strength to beat Renekton outside of him messing up, so make sure to always keep healthy and play optimally around her W CD. Once Evelynn is level 6, try to spam ping your laners of her missing whereabouts to avoid giving her free kills. Later on in the game, make sure to have red trinket to help easily spot her out in fights, providing you a free window to easily kill her or force her to R out of fights.","(1) Respect Evelynn’s Level 1 - This is by far one of Renekton's easiest matchups, however her Level 1 is actually really crazy. Renekton's weak level 1 means Evelynn will look to exploit it by cheesing with bushes and spamming her Q level 1. Make sure not to get baited into fighting her with your own ego, otherwise she will kill you and can actually snowball the game. For Level 1, focus on your wave clear with Q, try to give up CS if she is being hyper aggressive and wait for level 3 to cruise through the lane. 

(2) Abuse Your Early Game - In this match up Renekton is essentially able to do whatever he simply wants. With that said, really hone into your strong early to mid game strengths to help you dominate and win the game. Play to deny your enemy of gold and xp, play to proxy and generally lead any top side skirmishes with your insane lane advantage.

(3) Quick Trades - E > Q > AA  > W > AA > E Out / E > Q > W > E - These combos allow for Renekton to get quick damage off in being able to keep health up and whittling his opponent down, use these to get your laner low and look for a low HP kill with flash. 

(4) Respect Her Charm - Evelynn's Charm is a really cheesy and crazy ability in the fact that, if she uses it onto you she can burst you down with you losing up to 35%-45% Magic Reduction, while also being able to use her E to gain additional max HP damage and movement speed to kite out after her combo. Overall, the best thing to do is simply try to walk away from her charm using your tower or dashes to avoid her charm proc, otherwise she can burst you down and leave you in a problematic scenario. 

(5) Ping Her Roams - Outside of her laning ability, the scariest thing to deal with against Evelynn is her roams. Evelynn's roam's with her level 6 powerspike are S+ Tier strong in lower MMR, in which that's how she will try to get ahead. Try to always ping Evelynn's whereabouts as soon as she is missing, try to also plant a control ward outside of the midlane bushes to potentially spot her out. 

(6) Respect Her R - Evelynn R is another ability that must be respected at all times, due to its surprisingly strong and crazy usage as an ability. Evelynn's R works based off missing HP, meaning the lower HP you are the more damage it will be dealing. With that said, overstaying vs Evelynn is absolutely a death sentence, so any time you're in the lane or game with close to no HP, Evelynn will be trying to bait you into fighting her. The best thing to do vs Evelynn R is just try to avoid this situation with your HP and try to ping your teammates not to overstay under any circumstance. 

(7) Heavy Trades - Being that Renekton carries a lot of high damage, Renekton is able to just jump on his target nearly at will. Whenever your laners present you with the ability to jump on them, simply take the opportunity to burst them as much as you can. If you didn't kill them already from that, use your options of freezing or your tower diving ability to help you finish off your opponent.

(8) Build Hexdrinker, Mercury Treads, Eclipse, Stridebreaker or BoTRK - Go Hexdrinker to lower Evelynn’s overall damage and have a MR shield / Go Mercury Treads to lower Evelynn’s overall damage and CC duration. / Go Eclipse for consistent power through mid game and damage mitigation with the shield. / Go Stridebreaker to cripple Evelynn’s mobility and provide teammates with additional utility. / Go BoTRK to one shot and snowball with a damage focused build.

(9) Mid Game + Teamfighting Tips - The main aspect of this match up is essentially preventing Evelynn from trying to assassinate your teammates. The objective for Renekton is trying to carry through the usage of his pings, to help provide his teammates with the alert of Evelynn’s whereabouts. This can obviously be difficult in lower elos, so just make sure you do at least hard ping wherever Eve can be, or alternatively use control wards on your side of the map to help spot out and prevent Evelynn’s chances of killing your team. When it comes to team fights where Evelynn uses her charm on your carry, try to walk in front of them and peel Evelynn away from reaching them. You can also use red trinkets or control wards to spot her in her stealth, making her a free target to jump on to force her R leaving her in a very vulnerable position. Furthermore, if you manage to jump on her auto pilioting towards your team, try to go for the one shot on her with your full combo to burst her out before she can disengage with R. 

",Coming Soon
Ezreal,Easy - 3/10,PTA > Resolve / Inspiration,Doran's Blade / Doran's Shield,Ignite / Teleport / Ghost + Flash,Q > E > W,"Ezreal's main threat within this match up is based around his scaling ability, allowing him to always have abilities to throw out at Renekton, as well as being tankier enough to stat check him the later the game gets. Early on in the game, Ezreal's damage is practically non existent, allowing Renekton to force the trades he wants to easily gather an advantage. While Ezreal's damage is low, make sure to avoid getting hit by his Q and W, as these can still hurt as well as lower the rest of his abilities cooldowns. Try to use your movement to bait out his abilities, or use E1 to bait out his E, allowing you to use E2 to follow up onto him or wait until your next E to force a kill window. Try to keep wave states on your side of the map, as this allows you to easily force fights onto him. If Renekton wins the lane, make sure to use your lead to influence fights and objectives on the map, allowing you to take the upper hand in the game while Ezreal is behind trying to scale. ","(1) Level 1 E Start - Try to cheese PTA proc or Conq with E1 > 3 auto's > disengage with E2.

(2) Play For Level 2/3 Kill Angle - Once you chunk out Ezreal you're most likely able to kill him with your W, Dash or Flash up. Look to shove the wave around your kill timer, so you're able to make Ezreal lose a lot more. 

(3) Abuse Renekton's Early Game - In this match up Renekton is essentially able to do whatever he simply wants. With that said, really hone into your strong early to mid game strengths to help you dominate and win the game. Play to deny your enemy of gold and xp, play to proxy and generally lead any top side skirmishes with your insane lane advantage.

(4) Respect Ezreal’s Passive Steroid - The way Ezreal's Passive works is that if he lands his abilities onto his target, he is able to get a burst of attack speed which stacks up to 50%. With that said, avoid being hit by his Q and W, to avoid being chunked out and try to fight him when he misses an ability to get the most value out of yourself within fights. 

(5) Play For Manaburn - Ezreal's main focus early is playing to scale through tear into triforce then manamune, in which he spikes at his hardest once completing both of these items. Based on this we can play to outsustain him early with second wind and d shield, allowing us to force our E to bait out his own E CD and mana, leaving him in a vulnerable position to lose mana and his blink. Right after this, we can force our next E trade to burst him down, or force a jungle gank to punish the Ezreal. 

(6) Abuse Ezreal E CD - Following on from the last point, Ezreal's E is 26 seconds at rank 1, which is lowered by 1.5seconds each time his Q lands onto a target. Renekton can bait out the Ezreal E with his own E, then within that time you potentially have from 10-5 seconds to abuse Ezreal before his next dash comes up. In the event that it comes up while you're dashing onto him, you can use your E2 to gap close even closer against Ezreal, preventing him from being able to escape you. Play off this intently to create the kill windows you need against him.

(7) Play Wave On Your Side - Playing the wave on your side essentially means playing wave states on your side of the map, via abusing wave manipulation tactics or freezing on your side of the map. Simply use this to help you combo on your laner, taking away any space from them being able to trade you back (This also helps prevent the enemy running you down with their extended or sustained movement speed abilities). You can also use this wave state to run down your opponent with your abilities up, helping you obtain kills a lot easier vs stalemate or ranged match ups. Look to do this when your opponents are below 50% HP, or potentially make a mistake to provide you an all in opportunity to run them down. 

(8) Heavy Trades - Being that Renekton carries a lot of high damage, Renekton is able to just jump on his target nearly at will. Whenever your laners present you with the ability to jump on them, simply take the opportunity to burst them as much as you can. If you didn't kill them already from that, use your options of freezing or your tower diving ability to help you finish off your opponent.

(9) Respect His R - Each time you're low HP make sure to respect that Ezreal can use R at any time. Make sure to look around you each time you're recalling to avoid his R hit, otherwise you will be giving free kill gold to help Ezreal scale into a monster. Also make sure to ping his R at the start of his animation to wake up your teammates from being hit by it, otherwise it will present free kill opportunities for Ezreal to scale faster. 

(10) Build Eclipse, Stridebreaker or Profane - Go Eclipse for consistent power through mid game and damage mitigation with the shield. / Go Stridebreaker to cripple Ezreal's mobility and provide teammates with additional utility. / Go Profane for full damage focused playstyles.

(11) Mid Game + Teamfighting Tips - At this point in the game Ezreal's powerspike will have finally come online. Ezreal's role in the game will be trying to poke out his enemies, with the gameplan of getting his targets low to present his team the opportunity to jump on those targets and finish them off. Within this situation you can't let him and him play his game, instead you must use your early and mid game lead to start the fight by engaging onto him or his other carries. Ezreal is very weak against upfront damage, so being able to dash onto him and stun him for your team is crucial for being able to win the fight.

",Coming Soon
Fiddlesticks,Easy - 3/10,PTA / Conq > Resolve / Inspiration,Doran's Blade / Doran's Shield,Ignite / Teleport / Ghost + Flash,Q3 > W > E,"Fiddlesticks is practically an easy match up within the lane, however his mid game focused playstyle with his R allows him to easily come back within the later stages of the game. Within the lane, try to avoid tanking his W drain damage by using your W to instantly cancel it, executioners to lower his overall healing or walking out of range to avoid providing him HP and damage. When playing vs Fiddle, avoidng his E is also essential to looking for fights, you can do this by weaving in and out with short mouse clicks. Buying Mercury Treads is very helpful against his overall CC, allowing you to easily stay onto him after he fears, providing you the close up range you need to help you overpower and shut him down. When pushing up against Fiddle's tower, make sure to avoid being caught by his R, as this is an instant kill if used correctly. Within the rest of the game, try to ward over walls and provide vision against his potential R, as one good R is enough for him to win the game.","(1) Respect Fiddle's Level 1 - When it comes to level 1, Fiddlesticks actually has the edge over most of his opponents due to his W draintank playstyle. Fiddlesticks essentially will walk up to you and the wave then simply W, preventing you from getting any chance to punish him or outpush him. One thing you could do is take W start to cancel his W altogether, also preventing him getting his W back a lot faster. However, as decent as this is your still gated by your own long W cooldown, so instead you should use this to reach level 2 in being able to take E to potentially cheese a level 2 kill. 

(2) Abuse Renekton's Early Game - Renekton naturally is the stronger champion between the two, Renekton is able to cancel his main source of wave clear and sustain with his W, leading into being able to win the rest of the fights with the remaining part of your auto attacks and abilities. Try to keep the lane long against Fiddle so he is forced to walk up into range, presenting you with the opportunity to kill him. 

(3) Play For Manaburn - Fiddlesticks can most certainly be annoying when it comes to finishing off the kill, with the fact he can fear and silence you to prevent you from staying on top of him. While it is annoying, he expends a lot of mana in trying to defend himself in these moments, in which you out sustain from based on your kit and items. Continue to freeze the lane on your side of the map and repeat your E trades until he runs out of mana, forcing him to miss a lot of gold and xp, or providing you a free kill in the process. 

(4) Play Wave On Your Side - Playing the wave on your side essentially means playing wave states on your side of the map, via abusing wave manipulation tactics or freezing on your side of the map. Simply use this to help you combo on your laner, taking away any space from them being able to trade you back (This also helps prevent the enemy running you down with their extended or sustained movement speed abilities). You can also use this wave state to run down your opponent with your abilities up, helping you obtain kills a lot easier vs stalemate or ranged match ups. Look to do this when your opponents are below 50% HP, or potentially make a mistake to provide you an all in opportunity to run them down. 

(5) Rush Mercury Treads - Rushing Mercury Treads into Fiddlesticks is the answer to hard countering his overall cheesy playstyle. Once you have Mercs Fiddlestick's Fear and Silence won't be able to save Fiddlesticks if you dash onto him, leaving him a free target for any engage or extended fight. 

(6) Heavy Trades - Being that Renekton carries a lot of high damage, Renekton is able to just jump on his target nearly at will. Whenever your laners present you with the ability to jump on them, simply take the opportunity to burst them as much as you can. If you didn't kill them already from that, use your options of freezing or your tower diving ability to help you finish off your opponent. 

(7) Respect Fiddlesticks R + Roams - Fiddle R is a giant tool for game winning plays. With that said, try to always ping Fiddlesticks whereabouts on the map at all times, as he can easily gank lanes from fog of war with his R. Also if you're shoving the wave and fiddle sticks is missing, respect the fact Fiddle can R over the wall and instant one shot you under his tower. 

(8) Abuse Renekton's R Powerspike - Abuse Renekton's R Powerspike - Once you reach level 6 your ultimate will essentially help you consistently stat check and dominate any match ups you were winning or losing. Make sure to always wait for your R CD to help you make plays, otherwise it will lead you towards a major disadvantage in dueling your enemies. 

(9) Build Eclipse, Black Cleaver or BoTRK - Go Eclipse for consistent power through mid game and damage mitigation with the shield. / Go Black Cleaver for additional CDR and other versatile stats for utility based gameplay. / Go BoTRK to one shot and snowball with a damage focused build. 

(10) Mid Game + Teamfighting Tips - Within the mid game, Fiddlesticks's overall objective is to simply look for R plays for his teams. These situations are absolutely crucial to avoid, otherwise Fiddlesticks can solo carry a game off 1 button alone with how much utility and damage it provides. A few ways to deal with this is always warding objectives, use blue trinkets if you can't walk up safely for vision. You can also try to bait it out by pushing up then instantly disengaging with your E's, although this is very risky and you need to have foresight on Fiddlesticks to begin with. Another aspect is that if you can play to catch Fiddlesticks, doing this with the objective to cancel his R is an absolutely giant play. So whenever Fiddlesticks is looking to R, try to instantly cancel it with your W to remove the overall presence he can provide for fights. Overall, if Fiddlesticks doesn’t have R he simply cannot do anything, so base your overall plays and timers to avoid fighting against Fiddlesticks when he has R available, also try to play fights when he is on the opposite side of the map if you get the opportunity to.
",Coming Soon
Fiora,Medium - 5/10,PTA / Conq > Resolve / Inspiration,Doran's Blade / Doran's Shield,Ignite / Teleport / Ghost + Flash,Q > E > W or Q3 > W > E,"Fiora's gameplay is entirely dictated off her vital passive, which allows her to win out on trades and duels if she's able to hit that location of the vital. When playing vs Fiora, try to always position away from her hitting the vital, as this allows her to easily get winning trades. Instead, try to use your movement to move away from the side she's trying to hit, or use walls to prevent her from hitting the vital location. Another trick you can do is by completely walking away from her vital range, providing you the ability to get a better vital position. When fighting Fiora, always let her W first as this allows you to avoid getting stunned by her own W. Once Fiora uses her W, Renekton can use his W right after to negate the attack speed slow as well as applying his damage back. Once you figure out her W pattern, Renekton can completely mind game her by using W first or activating W and walking into her, baiting out her W to win the fight. Later on Fiora eventually will have the damage to win, although Renekton's role should be to use his lead within figths or objective timings, while making sure to cover the side lanes well enough by his own admission or his team to prevent her from taking free towers.","(1) Respect Her Passive - Fiora's biggest strength across her kit is simply hitting her passive procs, if Fiora manages to hit her passive she is able to obtain true damage, healing and movement speed against her target. The skill factor in this matchup is trying to avoid her passive at all costs, we can do this in a number of ways: Running out of her passive range to reapply a better vital spawn - Positioning the vital onto the opposite side of Fiora - Using the terrain to prevent Fiora from hitting that vital. Overall if you do any of these it will aid you in 1v1 allowing you to easily deal with her. 

(2) Respect And Punish Her Q - Fiora's Q works in a way where if she hits a target with her Q, it refunds her Q CD by 50%. For example, if she hits her rank 1 Q onto you, it will be 6.5 seconds instead of 13. If Fiora ever misses her Q by accidently using it on a dying minion, being out of range of hitting you, or trying to use it to disengage, you should try to punish it at all costs as she loses out on a lot of consistent damage. 

(3) Abuse Renekton's Q - Renekton Q is a huge tool in this match up as it's able to consistently poke down Fiora HP, while also allowing you to out shove Fiora and reach level up spikes a lot faster. Early in the lane you can use it to trickle down her HP to set up a kill, and use the level up timers to abuse taking W or E to force a big trade off. If Fiora loses too much HP early she is unable to do anything and you can dive her with ease if you play it properly. 

(4) Respect And Outplay Fiora's W - The next biggest skill indicator in this matchup is essentially outplaying her W. This is the biggest and most fun mindgame of the lane, which essentially can make or break a 1v1.To outplay Fiora W make sure to study how she uses it, sometimes they use it at the start of the fight, after you E, middle of a fight, or as late as possible. Depending on how consistent she is using it, this can allow you to either W before or after her own. At most hold W and play around your vitals, she won't ever get you low enough in the 1v1 unless she is hitting them and if you W into her stun. 

(5) Respect And Deny Fiora R - Fiora R is a giant dueling tool to help her win her 1v1's, however the way she has to play it is very complicated, especially vs a champion such as Renekton. Just like the first point, do NOT let her get her Vitals, simply hold one side of the wall or walk on the opposite side of her to create awkward angles for her. If she is unable to hit them, she loses so much damage alongside the fact she cannot get her healing after hitting them all. 

(6) Play Waves Accordingly - Simply assess whether or not you want to play for freeze, to help you deny XP and CS, while presenting yourself more opportunities to create fights. Or, play to shove waves to create proxy angles, tempo resets or create a dive opportunity. Renekton has all the cards to do whatever he wants with wave management. Also respect that if your laner tries to proxy, simply proxy back or coordinate a kill on them with your jungler.

(7) Abuse Renekton's R Powerspike - Renekton's R Powerspike is simply too much for Fiora to play around, especially if she uses R on Renekton. While Fiora is trying to proc her R vitals, her HP will be absolutely melting from Renekton's raw R damage, on top of him having too many stats for Fiora to successfully shred against (Until later at least). Use Renekton R to hard statcheck Fiora, each time she tries to force a hard fight. 
(8) 3 Points Q > W Max - Honestly Q max into E isn't bad into Fiora, but the idea that Renekton can get 3 W's before Fiora can even get hers is such a disgusting advantage for dueling, meaning you always have a W ready for the situation Fiora puts you into. Simply max this if you're hard snowballing vs Fiora or you simply just want to have an easy time in being able to deal with her. 

(9) Build Plated Steelcaps, Eclipse, Black Cleaver or BoTRK - Go Plated Steelcaps to lower her overall damage and utilize the movement speed vs Fiora's movement, / Build Eclipse, Black Cleaver or BoTRK - Go Eclipse for consistent power through mid game and damage mitigation with the shield. / Go Black Cleaver for additional CDR and other versatile stats for utility based gameplay. / Go BoTRK to one shot and snowball with a damage focused build. 

(10) Mid Game + Teamfighting Tips - Fiora's job later on in the game is abusing her insanely strong side laning and dueling power. Fiora can easily take towers with ease the longer a game goes on, while her damage also gets ridiculously strong with how much true damage she is able to apply onto her opponents. Renekton's job vs Fiora is to make sure she is put really hard behind from denying overall CS, kills and tower gold. As the game progresses, try to always clear side lanes and try to defend pushes from Fiora. Sometimes if you're fed you may need to join the rest of the game and negate side lane vs Fiora. In these situations if you don't have TP, tell your teammate to play side lane to cover the lane while you can use your lead on the map. Alternatively try to kill Fiora off the side lane solo or with your team, so then you're able to force fights or objectives with her off the map. 
",Coming Soon
Fizz,Easy - 2/10,PTA / Conq > Resolve / Inspiration,Doran's Blade,Ignite / Teleport / Ghost + Flash,Q3 > W > E,"Fizz cannot really do anything into Renekton, as Renekton can always reliably get his damage off before or after he uses his Q or E. Fizz's stats are simply too weak to deal with Renekton in 1v1 scenarios, instead forcing him to roam and play the role of killing squishier champions. As Renekton you want to make sure you always ping his whereabouts on the map, using that time to crash waves and make him miss gold and xp. Within teamfights, Renekton should try to protect his team by using his W on Fizz before or while he engages, providing Renekton the ability to always stiffle Fizz's role within the game.","(1) Level 1 Q or E Start - As mentioned through other notes, playing off Q and E both require different plays, however in this match up you can essentially do either of them and have pretty good success. With that said, play around the strengths of level 1 and look for a level 2 kill. 

(2) Play For Level 2/3 Kill Angle - Once you chunk out Fizz you're most likely able to kill him with your W, Dash or Flash up. Look to shove the wave around your kill timer, so you're able to make Fizz lose a lot more. 

(3) Abuse Renekton's Early Game - In this match up Renekton is essentially able to do whatever he simply wants. With that said, really hone into your strong early to mid game strengths to help you dominate and win the game. Play to deny your enemy of gold and xp, play to proxy and generally lead any top side skirmishes with your insane lane advantage.

(4) Play Waves Accordingly - Simply assess whether or not you want to play for freeze, to help you deny XP and CS, while presenting yourself more opportunities to create fights. Or, play to shove waves to create proxy angles, tempo resets or create a dive opportunity. Renekton has all the cards to do whatever he wants with wave management. Also respect that if your laner tries to proxy, simply proxy back or coordinate a kill on them with your jungler.

(5) Heavy Trades - Being that Renekton carries a lot of high damage, Renekton is able to just jump on his target nearly at will. Whenever your laners present you with the ability to jump on them, simply take the opportunity to burst them as much as you can. If you didn't kill them already from that, use your options of freezing or your tower diving ability to help you finish off your opponent.

(6) Abuse Fizz’s Long Early Cooldowns - Fizz early cooldowns are fairly long and easy to abuse. Any slight mistake from Fizz can be absolutely monstrous for Renekton to abuse. Try to bait his E by dashing into him, once he finishes his animation try to W him as soon as possible to obtain your burst onto him. Doing this will present Fizz with no opportunities to out damage. 

(7) Ping And Abuse Fizz Roams - Fizz's only win condition for this lane is simply to outroam and try to establish a lead from other kills on the map. Fizz is pretty excellent at this with his R and high mobility, so it's pretty important to always track his movement for your team so he is unable to obtain free kills. Try to punish Fizz’s roams by crashing in the wave, as well as taking plates and the incoming minion waves. 

(8) Respect Fizz R - While Renekton doesn't usually die to Fizz R, he can still cheese you with his Q > R combo, which can catch you off guard if you're low and set up a kill for himself. The important detail to recognise when this is happening is watching Fizz Q onto a minion to position himself into R'ing right from it, simply try to dash away and he will completely miss his R. Once he has no R he simply will have no kill threat unless you misplay. 

(9) Build Eclipse, Black Cleaver or BoTRK - Go Eclipse for consistent power through mid game and damage mitigation with the shield. / Go Black Cleaver for additional CDR and other versatile stats for utility based gameplay. / Go BoTRK to one shot and snowball with a damage focused build. 

(10) Midgame And Teamfighting Tips - Fizz's goal in mid to late game is essentially to pick off isolated targets with his assassin based playstyle. He does this by looking for E Flash plays, or landing a gigantic R to gain max value damage for his damage for solo kills or teamfights. Typically you're able to tank Fizz's R in a teamfight if you want to peel against him, this eats up the majority of Fizz's play options and leaves him in a useless position. Another thing to look out for is to try and stun him as soon as he dashes in, this then leads to him getting one shot by your own damage, or allowing your teammates to apply additional damage to kill him off.
 ",Coming Soon
Galio,Easy - 3/10,PTA / Conq > Resolve / Inspiration,Doran's Blade,Ignite / Teleport / Ghost + Flash,Q > E > W or Q3 > W > E,"Galio is quite easy to deal with in the match up, as Renekton's high damage and tank killing ability allows him to easily break through Galio's stats, using abilities such as Empowered W or Empowered E. Renekton can always reliably punish Galio for engaging, taking away Galio's natural strengths into squisher melee based lanes. Renekton's only main concern in this match up is Galio's ability to easily use R to change the game, forcing Renekton to spam ping his team from over committing on plays Galio is roaming towards. If you can successfully avoid Galio's R by baiting it out with your team, or using your pings to make your team disengage, Renekton can punish Galio's failed attempts by crashing minion waves and taking platings. Within teamfights, try to avoid fighting Galio and instead using your lead to focus his carries within the game. ","(1) Level 1 Q or E Start - As mentioned through other notes, playing off Q and E both require different plays, however in this match up you can essentially do either of them and have pretty good success. With that said, play around the strengths of level 1 and look for a level 2 kill. 

(2) Play For Level 2/3 Kill Angle - Once you chunk out Galio you're most likely able to kill him with your W, Dash or Flash up. Look to shove the wave around your kill timer, so you're able to make Galio lose a lot more. 

(3) Abuse Renekton's Early Game - In this match up Renekton is essentially able to do whatever he simply wants. With that said, really hone into your strong early to mid game strengths to help you dominate and win the game. Play to deny your enemy of gold and xp, play to proxy and generally lead any top side skirmishes with your insane lane advantage.

(4) Respect Galio's CC Combo - Galio's only main tool in lane is trying to catch you with W into his E > Q > AA combo. This combo can give Galio a lot of strength in being able to out trade and set up gank/dive attempts on his opponent, with that said try your best to avoid this. If you can successfully avoid using your movement or dashes, you can try to follow up with a combo back against him to severely punish him from missing. Doing this leaves Galio in a really terrible spot, so make sure to abuse him if he is overextended in the lane after missing.

(5) Play For Manaburn - As Galio is more of a tankier champion, Renekton’s overall goal to set up his kills and advantages is playing to mana burn him. Galio’s only item to help him sustain his mana is through RoA, however before this Renekton can use his high tempo playstyle to completely burn through Galio’s mana. He can achieve this by crashing waves with his wave clear, utilising fast combos to punish or bait out Galio’s abilities and abusing sustain based playstyles such as D Shield and Second Wind, to help tank Galio's efforts in trying to fight back. Overall if Renekton can play with this gameplan, Galio won’t be able to roam or utilise any advantages against Renekton.

(6) Play Waves Accordingly - Simply assess whether or not you want to play for freeze, to help you deny XP and CS, while presenting yourself more opportunities to create fights. Or, play to shove waves to create proxy angles, tempo resets or create a dive opportunity. Renekton has all the cards to do whatever he wants with wave management. Also respect that if your laner tries to proxy, simply proxy back or coordinate a kill on them with your jungler.

(7) Quick Trades - E > Q > AA  > W > AA > E Out / E > Q > W > E / E Q E - These combos allow for Renekton to get quick damage off in being able to keep health up and whittling his opponent down, use these to get your laner low and look for a low HP kill with flash. 

(8) Respect Galio’s R - Galio’s R is a giant tool that can help him reach fights in a matter of time, allowing him to shift the tides of a fight for his team. Galio’s overall threat is within his R, so trying to negate that by hard pushing on his side of the map. If you do this, Galio has to decide whether or not to lose xp and gold, or take the chance of coinflipping with his ultimate. Alternatively, try to avoid Galio’s R altogether by taking isolated picks onto his team, or trying to shut him down when he is isolated with your team. 

(9) Build Eclipse, Black Cleaver or BoTRK - Go Eclipse for consistent power through mid game and damage mitigation with the shield. / Go Black Cleaver for additional CDR and other versatile stats for utility based gameplay. / Go BoTRK to one shot and snowball with a damage focused build. 

(10) Mid Game + Teamfighting Tips - When it comes to the mid and late game, Galio will try to play off his engages with his E or R to help him initiate picks or teamfights. Try to avoid these by warding fog of war territories with your yellow or blue trinkets, this overall will limit his play making potential and counter his ability to engage. When it comes to direct teamfights, if Galio tries to R, try to jump out of the radius to avoid being knocked up and focused. Within this stage of the game you should try to build more tanky or high resistance items to help you survive through his CC combos, alongside the ability to help you block his combos for your team. If you can act as a wall in front of him, Galio won’t be able to play the utility he needs for his team. You can also play to dive his back line and draw attention away from Galio’s engage, helping your team easily play front to back while being a giant distraction within the teamfights.
",Coming Soon
Gangplank,Medium - 7/10,PTA / Conq > Resolve,Doran's Shield,Ignite / Teleport / Ghost + Flash,Q > E > W,"GP's early poke style gameplay can be a little bit difficult to deal within the early game, forcing Renekton to use Doran's Shield and Second WInd to avoid being poked down against. Renekton's goal in the match up is simply to outsustain through his poke using his empowered Q, as well as avoiding GP's barrels and passive damage in the process. If GP has no passive, Renekton should look to aggressively posture to force GP to shoot one of his own barrel, or we can walk up and auto attack it before he hits it. Once GP has no barrels, Renekton can force trades up close with his damage, allowing him to burn GP's W and leave him low HP, or force a potential kill on him. Killing GP is always hard, however by level 6 Renekton can effectively beat GP in 1v1 if he plays the above steps correctly. Later on in the game, GP will outscale in terms of his damage, however Renekton's teamfighting abiltiy through the mid game allows him to have more playable options than what GP is able to provide. Make sure to play around your win conditions optimally, while looking to close out the game before GP gets his major items. ","(1) Respect Gangplank’s Level 1 - GP’s level 1 is pretty lethal if you play into his overall game plan, which consists of him hitting passive onto his target followed by using his barrels to reset his passive damage to out trade and potentially kill his target. Level 1 against  GP, you should avoid walking into bushes otherwise he will be able to apply his damage really easily. Once GP uses his passive on the minions, you can play to get push with Q and try to hard shove for level 2. Doing this can help you reach level 2 to try and force a fight for lane dominance. 

(2) Respect Gangplank’s Passive - As previously mentioned, GP’s strength relies on being able to hit his passive in melee range, on top of resetting his passive from destroying barrels. As Renekton you always want to let him hit his passive first onto a target, followed by trying to last his barrels to prevent him from getting his passive. If you’re able to do this, GP will lose out on tons of consistent damage, allowing Renekton to easily overpower him within all ins. 

(3) Play For Sustain Early - GP’s Grasp or Comet Q procs can pack quite the punch, especially when he reaches his sheen proc powerspike. As Renekton, you want to try and avoid tanking Q’s in the open, tanking too many Q’s will lose you play opportunities, leaving you in a vulnerable situation forcing you to recall, or potentially die. To make the lane a lot easier, Renekton should also abuse D Shield and Second Wind, to allow Renekton to tank GP’s damage as well as mana burn GP’s consistently. 

(4) Play For Mana Burn - GP’s oppressive lane nature can be very difficult to play against. However Renekton’s playstyle to simply force trades to burn GP’s mana, while abusing D Shield, Second Wind and playing off quick combos, remain a core factor to successfully beating GP. To play this successfully, while trying to avoid GP Q’s, try to force burst heavy combos to burn his  W, which eventually amounts up to burning GP’s mana pool, forcing him to recall or leads to his death.

(5) Avoid And Deny Gangplank’s E - As we have mentioned already, GP’s E is essentially the main skill element of the match up. If we’re able to consistently last hit or avoid the barrels, GP will not be able to assert any damage to deter Renekton from fighting him. Whenever you try to fight GP, it is within your best intentions to always focus on them first to lower his overall damage within the fights to give you the best success possible.

(6) Play Around Gangplank’s W - GP’s W is another element within the match up that you really need to pay attention to, as playing around this successfully will help you understand when you’re able to kill GP. Typically when trading vs GP if you’re W’ing him he will most likely try to break out of it with his own W, allowing him to potentially win out or survive the fight vs Renekton. Typically as Renekton, we play to kill GP within 2 combos, as the first combo is what’s ultimately going to help us set up for the eventual kill against GP. GP’S W CD is around 22 seconds, allowing us to have a 10-6 second window, depending on how early we used our E and how late GP used his W. Once you’re able to re-enter a second trade vs GP, you should try to go all out on your damage to help you chunk him out for a tower dive, or provide you the ability to kill him right there and then.

(7) Rush Plated Steelcaps - In my own preference, I personally like to rush Plated Steelcaps to help me deal with GP’s sheen poke if we’re even or he is ahead. This playstyle allows me to help mana burn GP harder, while utilising the rest of my sustain based playstyle, to give me more opportunities to trade, while also being able to keep more of my HP up. You can opt into straight damage if the lane is going too smoothly, however I find that GP can feel very awkward if you’re rushing straight AD as even the simplest mistakes can be very costly with how Squishy you are into him. 

(8) Play Wave On Your Side - Playing the wave on your side essentially means playing wave states on your side of the map, via abusing wave manipulation tactics or freezing on your side of the map. Simply use this to help you combo on your laner, taking away any space from them being able to trade you back (This also helps prevent the enemy running you down with their extended or sustained movement speed abilities). You can also use this wave state to run down your opponent with your abilities up, helping you obtain kills a lot easier vs stalemate or ranged match ups. Look to do this when your opponents are below 50% HP, or potentially make a mistake to provide you an all in opportunity to run them down. 

(9) Quick Trades - E > Q > AA  > W > AA > E Out / E > Q > W > E / E Q E - These combos allow for Renekton to get quick damage off in being able to keep health up and whittling his opponent down, use these to get your laner low and look for a low HP kill with flash. 

(10) Abuse Renekton's R Powerspike - Once you reach level 6 your ultimate will essentially help you consistently stat check and dominate any match ups you were winning or losing. Make sure to always wait for your R CD to help you make plays, otherwise it will lead you towards a major disadvantage in dueling your enemies. 

(11) Mid Game + Teamfighting Tips - Gangplank’s role within the late stages of the game is simply to scale into a behemoth using his side lane and farm dedicated playstyle, to help him farm up to his giant item and R upgrade powerspikes. Before these points of the game, you should be trying to utilise your early mid game power to help secure objectives and win fights while you’re at your strongest. Utilising your strengths within this stage of the game by roaming and grouping will help you overpower Gangplank’s chances of being able to farm to help his team contest objectives. Within teamfights, Gangplank will use his R to slow you while trying to set up his barrel plays, with the hope of trying to decimate any squishy carries. Against GP, try to bait out his W early so you’re able to get your team to use their additional CC abilities onto him. Also play with the aim to deny any barrels, as even one barrel can change the whole course of a fight. 

",Coming Soon
Garen,Medium - 5/10,PTA / Conq > Resolve / Inspiration,Doran's Blade / Doran's Shield,Ignite / Teleport / Ghost + Flash,Q > E > W or Q3 > W > E,"Garen is a relatively easy match up early on, as Renekton simply needs to play accordingly to what ability Garen uses. If Garen uses Q, Renekton should look to AA Q within that frame, or AA W. When Garen uses E, Renekton should look to disengage away from him, as Garen E provides him the damage needed to win duels. Once Garen is level 3, Renekton should try to avoid using his damage into Garen's W, as this will lose out all potential damage Renekton has to kill Garen. Once Garen has no W, Renekton can use all his damage right after to help him heavily chunk Garen. While out of combat, Garen will try to use his passive to heal from any fights, forcing us to break his regen by using our E or Q. When laning vs Garen, make sure to keep the wave state on your side to help provide room to look for kill windows. Whenever you're low vs Garen, make sure to stay out of his range of Flash > Q > R, as this will easily allow him to kill any low HP targets. Later on in the game, Garen's teamfighting ability consists of him jumping on your carries looking for R kills. Try to peel against Garen by stunning him away from your team, or getting your team to kill him before he's able to do it.","(1) Respect Garen’s Level 1 Trades - Garen’s level 1 can be pretty strong when it comes to playing vs Renekton, as Garen can simply AA Q AA then proc his phase rush, or utilise his raw damage from Conqueror, in being able to easily out trade Renekton. This strategy however is only strong if Renekton isn’t proactive enough. If Renekton skills Q, he can simply AA Q Garen back in the exact frames of Garen’s Q. Doing this will help you go even or ahead of Garen in the trade. Level 1 you will have push advantage to help you shove the wave and reach level 2 before him, so make sure to play to push and abuse your strong level 2 and 3 spikes.

(2) Abuse Garen’s Q Timing - So we already mentioned that you can AA Q in Garen’s Q frames, however Renekton can also W as well, allowing him to CC Garen on his own silence, providing Renekton with a safety net of locking Garen from being able to trade back. Doing this will help you easily win trades and overpower Garen without his W, so make sure you’re doing this if Garen doesn’t have W. Otherwise if he does use W he will eat up your damage and CC timer, helping him break out faster allowing him to out damage you. Alternatively I recommend simply baiting out Garen’s Q to begin with, by short clicking in and out of his range to bait out his Q. Overall this helps me put it on CD allowing me to get beneficial trading patterns against him, allowing my overall changes to overpower and win against him.

(3) Respect And Avoid Garen E - Garen E is the real strength when it comes to playing vs Garen, as this is the ability he usually maxes on top of it also being uncancelable against CC. As Renekton typically if Garen tries to Q me, I will buffer my W within the cast, followed by E’ing out of his beginning E frames to help me avoid his overall damage. If you tank too much E damage this will essentially lose you the duels, so try and play around avoiding his E and abusing his CDs to leverage power within the lane.

(4) Avoid Comboing into Garen’s W - Garen’s W is a really annoying ability for Renekton, as he can use it to reduce your overall damage, alongside easily breaking out of your CC. As Renekton you never want to blow your damage into his W, otherwise this results in you losing fights against Garen. Typically later through the laning phase, I simply will try to dash on Garen after his Q is on CD, then I will hold my entire damage until W wears off, then I will use all my damage and try to look for an all in if I’m available to. Alternatively, if Garen does engage with Q and W’s at the same time, I’ll hold old from using my W and will only use it after his W wears off. 

(5) Remove Garen’s Passive - Garen’s passive allows him to heal health while he isn’t in combat, allowing him to consistently sustain in lane with doran’s shield and second wind after any short combos. Once Garen exists while staying in range to you, make sure you chip his passive off with Q, or alternatively you can use your E Q to strategically hit Garen without ruining your potential wave state. Doing this can help you dive Garen within that window of his passive being on CD, or you can drop his overall sustain to help you zone him off the minion wave. 

(6) Play Wave On Your Side - Playing the wave on your side essentially means playing wave states on your side of the map, via abusing wave manipulation tactics or freezing on your side of the map. Simply use this to help you combo on your laner, taking away any space from them being able to trade you back (This also helps prevent the enemy running you down with their extended or sustained movement speed abilities). You can also use this wave state to run down your opponent with your abilities up, helping you obtain kills a lot easier vs stalemate or ranged match ups. Look to do this when your opponents are below 50% HP, or potentially make a mistake to provide you an all in opportunity to run them down. 

(7) Abuse Renekton's R Powerspike - Once you reach level 6 your ultimate will essentially help you consistently stat check and dominate any match ups you were winning or losing. Make sure to always wait for your R CD to help you make plays, otherwise it will lead you towards a major disadvantage in dueling your enemies. 

(8) 3 Points Q > W Max - I personally prefer W max into Garen, as I’m available to use multiple W’s onto Garen within a fight, denying the ability for him to escape or overpower me within the 1v1 battles. Doing this when you’re even or ahead is a great way to nullify and consistently overpower Garen in 1v1’s, so make sure to fully take advantage of this to always have the edge over Garen. 

(9) Respect And Avoid His R - Garen R is by far his most dangerous ability that can help him cheese kills over Renekton, alongside helping him pick up kills through skirmishes and teamfights. When playing vs Garen, you always want to make sure your HP is higher than his at all points, so playing away from his damage through the use of other tips is very important. If Garen has flash and ignite, he will try to flash on you with 40-30% and look to kill you with R execute. Try to consider this whenever you’re low, otherwise Garen will easily secure a kill on you. Alternatively, you can bait out his combo and buffer your R through Q, to help you miscalculate his damage and help you turn the fight against him. When it comes to avoiding Garen using R on your teammates, make sure to abuse your pings before the fights so Garen’s potential kills can be avoided.

(10) Build Eclipse, Black Cleaver or BoTRK - Go Eclipse for consistent power through mid game and damage mitigation with the shield. / Go Black Cleaver for additional CDR and other versatile stats for utility based gameplay. / Go BoTRK to one shot and snowball with a damage focused build. 

(11) Mid Game + Teamfighting Tips - Within the mid stages of the game, if you have successfully played the Garen match, you should have a substantial CS advantage over him and you should have taken his tower. Once doing these you should try your hardest to use your lead on the map while Garen is behind. One thing that should be said is that Garen can naturally outscale in terms of being a general threat, due to his R damage and annoying stats his build and kit is available to provide. With this in mind you should try to use your lead  as much as you can before these points, with your overall teamfighting and skirmishing power. Try to go to each objective and part of the map with the intent of distributing your power in other lanes, doing this will give you an easier time to collectively win the game as a team. Within teamfights against Garen, try to utilise your empowered W’s from W max and your empowered E to easily shred his armour and overall bruiser power. If you can successfully peel off your team from getting caught, Garen won’t be able to leverage much else as a front liner and your team will have a much easier time in being able to play the game. 
",Coming Soon
Gnar,Medium - 6/10,PTA / Conq > Resolve,Doran's Blade / Doran's Shield,Ignite / Teleport / Ghost + Flash,Q > E > W,"Gnar's early game is very crucial to abuse, as Gnar's Triforce powerspike simply provides him the damage and utility needed to exploit Renekton's weaknesses. Level 1 Renekton should take E start to help him remove bone plating, as well as providing short damage with PTA or Conq, allowing him to set up a level 2 kill. Once reaching level 2, Renekton can look for a kill with his E and Empowered W, allowing him to easily gain a kill and snowball the lane. Try to avoid tanking Gnar's W damage by using bushes to avoid giving him the proc activation, as well as standing out of his auto attack range. When looking for trades, try to use your E to bait his E, as his long 26 second CD will provide you a 10 second window to abuse it. When Gnar reaches Mega form, he should avoid fighting against him as his stats are simply too high to beat. Renekton can use his movement and E to outplay Mega Gnar's Q and W, allowing him to look for counter trades back, or providing him the window to kill Gnar. Later on in the game, try to avoid teamfights with Gnar's Mega form, as his ability to apply mass CC is absolutely lethal for him and his team to win the game.","(1) Level 1 E Start - Try to cheese PTA proc or Conq with E1 > 3 auto's > disengage with E2. Doing this will also help you take away his bone plating for a level 2 kill. 

(2) Play For Level 2/3 Kill Angle - Once you chunk out Gnar you're most likely able to kill him with your W, Dash or Flash up. Look to shove the wave around your kill timer, so you're able to make Gnar lose a lot more. 

(3) Respect Gnar’s Poke - Gnar’s main form of damage will take place with him being in his mini form, which provides him with decent range and poke from his auto attacks, Q and W passive. Being in Gnar’s auto attack range can be very dangerous as the game progresses, so make sure to always avoid being hit by his W passive, on top of also utilising D Shield and Second Wind earlier on to nullify his ranged strengths within the lane. 

(4) Respect And Punish Gnar E - The biggest skill element in the match up comes from abusing Gnar’s E Jump, which essentially sets up your kill patterns in being able to beat Gnar. Gnar’s jump from level 1 is 22 seconds, meaning within that down time Renekton is able to punish Gnar and potentially kill him if he plays it correctly. Firstly within the lane, try to do a bait trade by dashing into him with E > Q. Doing this will either make him jump, or it will allow you to force your damage on top of him, severely weakening him in the process. If Gnar does jump, you can wait for your next E engage to burst him down and potentially kill him.

(5) Respect Mega Gnar - Mega Gnar allows Gnar to empower his base stats, which also transforms his playstyle into a close range heavy damage bruiser. Within this time, Renekton should play to simply avoid his damage and R, using his movement or dashes to dodge Gnar’s W CC and Q damage. Typically you want to always avoid fighting Gnar in mega form, due to his high base health and armour stats. Most often you would rather wait it out until he’s back in mini form, in which after that you can then plan for your kill trades.

(6) Respect Gnar’s Kite Potential - As the game reaches the later stages, Gnar’s mobility combined with Triforce and Black Cleaver can be absolutely disgusting and unplayable. Within this stage you want to avoid taking these fights, as well as taking long trades with Gnar in the laning phase. If Gnar is able to consistently get his W damage off, he is able to get a burst of movement speed to help him kite you out and out damage you. Try to use bushes and do your best to play off getting his E off while also playing the wave on your side, helping you avoid his kite playstyle.

(7) Play Wave On Your Side - Playing the wave on your side essentially means playing wave states on your side of the map, via abusing wave manipulation tactics or freezing on your side of the map. Simply use this to help you combo on your laner, taking away any space from them being able to trade you back (This also helps prevent the enemy running you down with their extended or sustained movement speed abilities). You can also use this wave state to run down your opponent with your abilities up, helping you obtain kills a lot easier vs stalemate or ranged match ups. Look to do this when your opponents are below 50% HP, or potentially make a mistake to provide you an all in opportunity to run them down. 

(8) Quick Trades - E > Q > AA  > W > AA > E Out / E > Q > W > E / E Q E - These combos allow for Renekton to get quick damage off in being able to keep health up and whittling his opponent down, use these to get your laner low and look for a low HP kill with flash. 

(9) Abuse Renekton's R Powerspike - Once you reach level 6 your ultimate will essentially help you consistently stat check and dominate any match ups you were winning or losing. Make sure to always wait for your R CD to help you make plays, otherwise it will lead you towards a major disadvantage in dueling your enemies. 

(10) Respect And Avoid Gnar R - Gnar R can be a really powerful tool that can completely change the whole course of a fight, allowing him to easily chain all his damage and CC together in combination with his W and Q in mega form. No matter if you’re in a 1v1 or a teamfight, you must respect gnar’s engage, so make sure to either wait out his mega form, or try to play to avoid his E and R, with a well timed dash or flash. When you’re around mega Gnar, try to avoid standing near walls to avoid his bonus damage and cc duration, as providing these to Gnar will most likely send you into a death sentence, or heavily out trade you forcing you to recall. 

(11) Build Eclipse, Black Cleaver, Stridebreaker or BoTRK - Go Eclipse for consistent power through mid game and damage mitigation with the shield. / Go Black Cleaver for additional CDR and other versatile stats for utility based gameplay. / Go Stridebreaker to cripple Gnar’s mobility and provide teammates with additional utility. / Go BoTRK to one shot and snowball with a damage focused build. 

(12) Mid Game + Teamfighting Tips - Later on in the game Renekton should avoid fighting Gnar, as his overall stats severely weaken Renekton throughout the game. Renekton’s best interest should be looking for teamfights, where he can successfully play to peel his team, or play to dive the enemy backline carries. In the teamfights as already mentioned, try to avoid playing against Gnar’s mega form, as this will easily provide Gnar a clear game plan to help him win the fights. Once Gnar is in mini form, try to take fights as a team where you’re able to jump onto his carries, with the overall objective of trying to shut them down. If Gnar has no mega form, he simply cannot peel hard enough and will not outdo Renekton’s overall teamfighting presence. 
",Coming Soon
Gragas,Medium - 7/10,Conq > Resolve,Doran's Shield,Ignite / Teleport / Ghost + Flash,Q > E > W or Q3 > W > E,"Gragas's difficult comes from the ability to nullify Renekton's trading patterns with his E and run away playstyle. Renekton from the get go should abuse E start if Gragas tried to be annoying, allowing him to use E back and punish Gragas for forcing the play. Renekton's strong wave clear will allow Renekton to easily get good back timers, while mana burning Gragas from contesting push. Renekton's main kill window appears at level 6, once Renekton has Mercury Treads or Eclipse components, Renekton's ability to easily break out of Gragas E and use his high damage simply remains too much for Gragas to contest. Later on, Renekton's objective should be to ignore Gragas and focus his carry teammates. Make sure to watch out for Gragas's pick style engages with his flash, as this allows him to be lethal within teamfights. If Gragas has no flash, fights are a lot easier to take against him and his team, as Gragas entirely relies on this spell.","(1) Skill Ability Accordingly - Level 1 is within your favour, as Renekton can skill accordingly to counter Gragas’s ability start. For example, if Gragas takes E and tries to cheese you before the wave, or he simply tries to walk in and use it, you can skill E and trade back after he uses his E, which overall helps you setup a level 2 kill with W. If he takes Q, or W level 1, you can simply take Q and try to out push him, presenting you a level 2 trade window, or the ability to have complete wave control. 

(2) Respect Gragas’s Combo - At level 3 onwards gragas will typically W > E > Q > AA, which allows him to burst your HP, on top of him receiving phase rush to completely nullify his opponent from trading pack. The best way to avoid this is simply playing around minions, as he won’t be able to get his E hit, and if Gragas does E a minion, this presents you in a free trading opportunity to help you chunk out Gragas.

(3) Abuse Your Waveclear - Renekton's waveclear typically allows for gragas to use a lot of Mana back in trying to secure CS, or deny Renekton's push. This leads to Gragas losing mana fast on his early levels, leaving him unable to contest Renekton's roams or even tower dives if Gragas is low enough. If you’re able to crash waves and deny any Gragas roams, or skirmishes, this is huge for Renekton to have total control, on top of him also being able to easily reach his own powerspikes a lot easier. 

(4) Abuse W Buffer vs E - One of the biggest tools to deny gragas's play pattern is abusing Renekton's W into Gragas E interaction. The way this works is that if you activate W just before Gragas collides, Renekton can spam right click to help him stun Gragas right on the collision animation, stunning Gragas right on top of him. Doing this sets Renekton up to use his E's and the rest of his abilities to out trade Gragas and hard punish him from playing recklessly. 

(5) Rush Mercury Treads - If Renekton is able to buy Mercury Treads, this allows him to easily escape Gragas’s E stun, allowing him to punish Gragas even harder with the W buffer trick. Buying boots also allows you to easily lower Gragas’s overall damage, while providing you more mobility to help you manoeuvre against Gragas Q and his overall combos. 

(6) Respect Gragas Combos - Gragas has a ton of combos that can most certainly catch you off guard, these consist of plays such as his E Flash if you’re low or if he’s trying to setup a gank for his team, or using his R into Q combos to help one shot or push you towards his tower. Make sure to read the situation accurately by taking into account where you are in the lane, while also taking into account how much HP you’re around too. You can also use this foresight in your advantage to bait Gragas with your R to turn the fights, or waste his R and Flash with your movement, E or Flash.

(7) Abuse Renekton's R Powerspike - Once you reach level 6 your ultimate will essentially help you consistently stat check and dominate any match ups you were winning or losing. Make sure to always wait for your R CD to help you make plays, otherwise it will lead you towards a major disadvantage in dueling your enemies. 

(8) 3 Points Q > W Max - I personally love W max in this match up as I’m able to consistently provide W’s around the same time as Gragas has E, allowing me to counteract his negative playstyle to help provide me consistent access to getting my damage off on Gragas, as well as being able to find more kill opportunities onto him. Once I have more Haste, this presents me with an even much easier time to find kills and easily shut down his playstyle.

(9) Build Eclipse, Black Cleaver or BoTRK - Go Eclipse for consistent power through mid game and damage mitigation with the shield. / Go Black Cleaver for additional CDR and other versatile stats for utility based gameplay. / Go BoTRK to one shot and snowball with a damage focused build. 

(10) Mid Game + Teamfighting Tips - Gragas as a champion has a lot of tools, playstyles and overall gameplans to help him provide plenty of utility towards his teammates, or enough damage to easily nuke people from the game. Some of these come in the form of him playing as a tank, bruiser or a full damage carry, all of which come with their own strengths and weaknesses. Currently as a top laner, Gragas prefers playing a more heavy AP playstyle, as this is what can easily help him maintain his relevancy within the game as much as providing him a clear win condition to play around. Overall Gragas’s win condition is playing off his flash, followed by his E and R, allowing him to create disgusting full damage combos. As Renekton, before any major fights, you want to try your hardest to make sure you can burn his flash out within the side lane or skirmishes.  Try to hard focus him when you get the opportunity to, as losing this will severely weaken his overall team fighting plays. Within teamfights, try your hardest to block his E and his path to reaching your teammates, as this will nullify Gragas’s overall strengths as a pick.
",Coming Soon
Gwen,Medium - 6/10,PTA / Conq > Resolve,Doran's Blade / Doran's Shield,Ignite / Teleport / Ghost + Flash,Q > E > W or Q3 > W > E,"Gwen is a hard style match up for Renekton the later the game gets, as her overall windows to punish are a lot shorter than most other match ups. Renekton must make sure to avoid getting hit by her stacked Q, as it provides her a lot of damage to win the fights. Renekton should look for fights on his side of the map, as he's able to reliably get in range as well as avoiding consistent damage back. Renekton's quick trades matter a lot into Gwen, as Gwen's strength comes from her extended trades, allowing her to have the upper hand. When Gwen uses R, try to always disengage away from her at all costs, as her damage and slow are too much to deal with. Once Renekton has Eclipse, Renekton is able to have more lethal trades against her, allowing him to stat check Gwen reliably with Eclipse and R. Later in the game, Renekton should buy Kaenic to survive her scaling damage, otherwise she will completely melt him. Make sure to also peel your teammates from Gwen's R, using your W's to help stop her from running your team down.","(1) Respect Gwen’s Level 1 - Gwen as a champion can leverage a pretty great level 1 vs a lot of her opponents, mainly due to the reason she can abuse her high attack speed steroid from her E in combination with her Conqueror. As of a result, she can force a lot of early kills if she plays it correctly with her spacing. With that said if she does take E and she is trying to zone you off level 1, you can try to skill W to help you peel her off yourself, however losing the opportunity to touch the wave level 1 can be a big deal, on top of the fact W doesn’t really help vs Gwen’s boneplating in these early stages of the lane. Alternatively, I personally prefer Q start as it can help me easily poke it and allow me to poke my Q into the range of minions, if I’m able to touch the wave without going into auto range vs E start Gwen. 

If Gwen takes Q start the lane will overall be a lot easier to navigate, allowing you the opportunity to push hard against her to reach level 2 before her, resulting in a potential level 2 trade with E/W. Obviously respect her Q stacks, the higher they are the more damage she will deal, so space optimally and abuse your level 1 advantage with Q if you’re able to.

(2) Respect Gwen’s Passive - One of the most underrated aspects of the Gwen matchup comes from how strong her passive actually is. Firstly, Gwen is able to deal the target's maximum health damage based on her overall AP , resulting in her auto attacks, Q and R, to deal an insane amount of damage within duels. On top of this, Gwen can also heal for 50% of post mitigation damage dealt against champions, resulting in powerful sustain based fighting that allows her to win a lot of duels. These hidden variables present her in a strong time within extended fights, so try to to avoid taking these as much as possible and try to abuse Renekton’s strong trading patterns to over power Gwen.

(3) Respect And Avoid Gwen’s Q - When laning vs Gwen, if she has priority on the wave, she will build her passive Q stacks, then look to E Q at the same time, dealing tons of damage and heavily chunking you out. In this case, you can try to do short clicks to walk in and out, to help you bait her E Q early, assisting you to avoid her damage while making her over extend towards you. After she misses you should look to trade immediately, as you will have the upper hand within your damage. As also mentioned, you can use your dash to dash away, or you can use it towards her. Renekton E if timed well, can dash through her beginning frames of E Q, to majority of her entire damage from E Q, allowing you to heavily punish her, followed by a kill if you have R or if she’s low enough for lethal. Play wisely with how you do this, as she can ghost and run you down if you’re both even HP and if you’re over extended within the lane. 

(4) Respect Gwen W - Gwen’s W is a super annoying ability, even considering the fact that a melee champion like Renekton can still get cucked out of finishing kills against her with this ability. The way Gwen W works, is that if you’re not within her W’s inner radius of the ability, she can block all damage sources in the entire game outside of tower shots. Meaning if you ignite too early and she is within her W, she can completely avoid taking damage, wasting your ignite and your overall kill pressure within the process. Another factor of Gwen W, is her ability to gain 22 armour and magic resist, scaling off her overall AP. These stats also provide her an edge to make her pretty tanky in up front trades, causing difficulty in trying to out trade her. When fighting Gwen, typically she will start using E in the beginning to nullify Renekton’s potential damage within the trades. If Gwen does this, you can look to knock her boneplating off then disengage altogether, as Gwen’s next E will be 24 seconds, resulting in a window to get a better fight to overall help you chunk or kill her within that window. 

(5) Abuse Healing Reduction - An underrated strength that you can utilise within the Gwen match up is abusing anti heal, as this cuts down a large portion of her overall sustain that helps her naturally over power her opponents. Buying an executioners, or using ignite can be a giant difference in being able to snowball over Gwen consistently, as it allows you to overpower her with your naturally high stats and damage, in combination with taking away her extended trading prowess. 

(6) Play Wave On Your Side - Playing the wave on your side essentially means playing wave states on your side of the map, via abusing wave manipulation tactics or freezing on your side of the map. Simply use this to help you combo on your laner, taking away any space from them being able to trade you back (This also helps prevent the enemy running you down with their extended or sustained movement speed abilities). You can also use this wave state to run down your opponent with your abilities up, helping you obtain kills a lot easier vs stalemate or ranged match ups. Look to do this when your opponents are below 50% HP, or potentially make a mistake to provide you an all in opportunity to run them down. 

(7) Abuse Renekton's R Powerspike - Once you reach level 6 your ultimate will essentially help you consistently stat check and dominate any match ups you were winning or losing. Make sure to always wait for your R CD to help you make plays, otherwise it will lead you towards a major disadvantage in dueling your enemies. 

(8) Respect And Avoid Gwen R - Gwen’s R is an absolutely ridiculous fighting tool, making it a very feared ability that you need to escape ASAP if she uses it. Renekton’s overall flaws are presented when he 1v1’s Gwen in R, as her damage counters his naturally high HP as well as her ability to exploit Renekton if he doesn’t have any high magic resist items. Make sure when fighting Gwen that you never try to all in her when you’re over extended, otherwise she can completely run you down with R. Make sure to utilise short trades unless she makes a blatant mistake to kill her.  At most, try to always disengage if she uses R, try not to greed your flash too as this can be a giant mistake with how strong her slows stack in combination with ghost. 

(9) Build Hexdrinker, Eclipse, Cleaver or BoTRK - Go Hexdrinker to lower Gwen’s overall damage and have a MR shield / Build Eclipse, Black Cleaver or BoTRK - Go Eclipse for consistent power through mid game and damage mitigation with the shield. / Go Black Cleaver for additional CDR and other versatile stats for utility based gameplay. / Go BoTRK to one shot and snowball with a damage focused build. 

(10) Mid Game + Teamfighting Tips - Within the mid to late game, Gwen’s overall strength definitely super exceeds Renekton’s in the ability to fight in a 1v1 setting. With that said, your objective around Gwen should be to clear side lanes from her relentless pushing playstyle, or abusing your hard advantage early if you’re ahead of Gwen by hard shoving waves, on top of looking for skirmishes and teamfights with your team. No matter what stage of the game, your objective should be to try and use your teamfighting strengths to over power Gwen’s pick. With that said, compared to a lot of split pushers, Gwen is most certainly one of the better teamfighters with her W and R potential, so make sure to avoid directly fighting in her line of damage from her R, while also trying to utilise your empowered E and stuns to help you peel her away from your team. If possible, if you’re able to fight without her present around objectives, this will help you open up to closing the game a lot easier and overall taking her away her damage and utility from joining fights.


",Coming Soon
Hecarim,Easy - 1/10,PTA / Conq > Resolve / Inspiration,Doran's Blade / Long Sword,Ignite / Teleport / Ghost + Flash,Q3 > W > E,"Hecarim is one of the easiest match ups for Renekton, simply due to his weak ability to lane within modern league as well as Renekton's damage being  way too high for him to deal with.  When playing vs Hecarim, try to avoid fighting him with your abilities down, as his Q stacked damage can help him out trade Renekton within the early stages of the lane. Once reaching level 3, Renekton can dictate all trades onwards within the game, completely taking away Hecarim's ability to do anything. Hecarim's only role within the mid to late game is looking for E and R engages onto your squishier teammates. As Renekton, we can use our W to completely stop Hecarim from fully utilising his engage, providing him as a free target to kill with our teammates. ","(1) Respect Hecarim’s Q - Hecarim's main playstyle and source of damage comes from his Q ability. His Q deals AOE style damage which stacks up 3 times as well as the cooldown being lowered on each stack. As long as you don't heavily overtrade early into his Q, Hecarim won't really have an answer for your early game, so make sure to keep the fights short and play off your abilities to maintain consistent success.. 

(2) Play For Level 2/3 Kill Angle - Once you chunk out Hecarim you're most likely able to kill him with your W, Dash or Flash up. Look to shove the wave around your kill timer, so you're able to make Hecarim lose a lot more. 

(3) Abuse Hecarim’s Mana Issues - Hecarim’s solo lane has been pretty terrible for years, mainly due to the reason that his base mana and mana costs are just not suitable for top lane these days. Hecarim’s base mana usually gets consumed by his Q and his W abilities, as both are great combat and sustain tools within the lane. The problem for Hecarim however, is that the biggest issue within the Renekton match up, is the fact he has to use all his abilities at once in order to survive, making him quite a helpless target for Renekton to snowball off. Being that Hecarim has to defensively use his abilities to try and survive, this substantially burns his mana leaving him in a terrible position if Renekton plays to either dive or freeze minion waves. 

(4) Abuse Renekton's Early Game - In this match up Renekton is essentially able to do whatever he simply wants. With that said, really hone into your strong early to mid game strengths to help you dominate and win the game. Play to deny your enemy of gold and xp, play to proxy and generally lead any top side skirmishes with your insane lane advantage.

(5) Play Waves Accordingly - Simply assess whether or not you want to play for freeze, to help you deny XP and CS, while presenting yourself more opportunities to create fights. Or, play to shove waves to create proxy angles, tempo resets or create a dive opportunity. Renekton has all the cards to do whatever he wants with wave management. Also respect that if your laner tries to proxy, simply proxy back or coordinate a kill on them with your jungler.

(6) Quick Trades - E > Q > AA  > W > AA > E Out / E > Q > W > E - These combos allow for Renekton to get quick damage off in being able to keep health up and whittling his opponent down, use these to get your laner low and look for a low HP kill with flash. 

(7) Respect Hecarim’s R - The only thing you really need to care about within this match up is Hecarim's gank or teamfighting setup. If Hecarim can play off a CC jungler correctly, they can potentially lock you from being able to use abilities and punish you for overextending within the lane or their territory of the map. Try to avoid this by making sure to ward and deny Hecarim from this opportunity, limiting his overall options in being able to play the game.

(8) Ping Hecarim Roams - As already mentioned, Hecarim R is a giant utility tool that can allow him to get back into the game. With that said, he can also roam towards mid lane or any objectives and use R to help his team win the fights. Simply Ping his roams out before he is able to make these plays happen. 

(9) Build Eclipse, Stridebreaker or BoTRK - Go Eclipse for consistent power through mid game and damage mitigation with the shield. / Go Stridebreaker to cripple Hecarim's mobility and provide teammates with additional utility. / Go BoTRK to one shot and snowball with a damage focused build.

(10) Midgame + Teamfighting Tips - At this point within the game, Hecarim's only real threat and overall objective is to simply look for a Ghost R play onto your backline. Doing this will result in Hecarim’s ability to mass CC your team, providing himself plenty of burst and consistent damage through his high movement speed playstyle. As Renekton, shutting down a Hecarim is actually pretty easy, as Renekton’s W alone can completely lock Hecarim from engaging, or simply try to disengage. Try to burst him down as fast as you can, you can do this if he’s trying to initiate first onto your team, with that you can just target your W stun onto him and make quick work of him relatively easy. Overall Hecarim really isn’t that big of a threat, especially within his full damage build, which makes this overall gameplan really easy to stick to. The only other thing he will try to play for, is trying to engage on isolated picks that are overextended. With that in mind, try to always spam ping your teammates away from the fog of war territories if he isn’t on the map, as this will be the only play making opportunity he will be able to do.
",Coming Soon
Heimerdinger,Medium - 5/10,PTA / Electrocute > Resolve,Doran's Blade / Doran's Shield,Ignite / Teleport + Flash,Q > E > W,"The Heimerdinger match up is a pretty uninteractive match up till level 6, although Renekton can find kill windows post level 3, he should simply work up to that by waiting for Heimerdinger to miss his E. Renekton can easily force Heimerdinger to play in his way, as he can use his E to quickly dash in and out to bait his grenade, forcing Heimer to lose mana and play into Renekton's mind games. Renekton can also use his Q to easily kill Heimer's turrets, allowing him to take away damage and force him to waste more mana using them. Eventually at level 6, Renekton can take advantage of Heimer's E miss to force a kill window, allowing him to use his R to help him stat check towards a kill. Renekton needs to be careful of Heimerdinger's R turret, as this provides him a ton of damage to kill him. Instead, wait out of his R turret, then force the kill as soon as it's gone. Renekton can use items like Hexdrinker or Eclipse to provide him great success within the match up. Later on Renekton's role is a lot more versatile than Heimerdinger's, allowing him to play in any way he wants towards the mid to late game. Make sure to ward any bushes before any major objective timers, as Heimerdinger will camp bushes looking to burst down any targets. ","(1) Respect Heimerdinger’s Turrets - At level 1, Heimer will attempt to place all his turrets in the middle of the lane, as doing this provides him with easy time to push and zone his opponents off the minion wave. Trying to fight him or his turrets at this point is practically impossible without level 3. With that said, try to let him push and play for your level 3 spike, in which you will be able to use empowered Q to help you kill and outsustain through his poke.

(2) Play For Sustain - Heimer's early lane power will force you into tanking a lot of damage, providing a giant problem for Renekton’s early lane bully style. However within this match up, we simply try to win this lane by abusing our sustain and our ability to easily mana burn Heimerdinger. To do this, simply abuse Doran Shield and Second Wind, as these allow us to easily tank and kill his turrets. Once we hit level 3 we’re also able to do quick combos to get in and out, allowing us to easily avoid his abilities and successfully mana burn him towards an advantageous position. 

(3) Play For E Miss - Heimer's main weakness is located within his squishyness and the fact he only has one defensive ability with his E. Renekton can quickly dash in and out to avoid his stun, allowing him to burn through his mana and look for trading opportunities. Eventually Renekton can double dash to avoid his E and go for a one shot if Renekton played well prior to this. 

(4) Quick Trades - E > Q > AA  > W > AA > E Out / E > Q > W > E / E Q E - These combos allow for Renekton to get quick damage off in being able to keep health up and whittling his opponent down, use these to get your laner low and look for a low HP kill with flash. 

(5) Play Wave On Your Side - Playing the wave on your side essentially means playing wave states on your side of the map, via abusing wave manipulation tactics or freezing on your side of the map. Simply use this to help you combo on your laner, taking away any space from them being able to trade you back (This also helps prevent the enemy running you down with their extended or sustained movement speed abilities). You can also use this wave state to run down your opponent with your abilities up, helping you obtain kills a lot easier vs stalemate or ranged match ups. Look to do this when your opponents are below 50% HP, or potentially make a mistake to provide you an all in opportunity to run them down. 

(6) Avoid Extended Fights - Trying to look for extended fights vs Heimerdinger without a giant lead is always a recipe for disaster. Hemier generates additional movement speed when running next to his turrets, meaning that whenever you’re trying to greed your damage he will simply just run away and his turrets will end up eating you alive. As already mentioned, play for short trades and make sure you avoid his E stun to really leverage any kind of fights onto Heimer.

(8) Respect Heimerdingers R - When looking to fight heimerdinger in an all in attempt, he will usually try to use his R and look to use his Q. If he does this within a fight, simply use your E2 to exit, or simply walk out of range. Whenever Heimer uses R, it seriously isn’t recommended to fight with him as he’s able to nuke any targets in range with him. Another attempt at Heimer using his R, is that if you’re low and you potentially tank his grenade stun, Heimer can look to use R W to completely one shot or finish you off. As mentioned, try to always avoid and punish his grenade as that will dictate how you will be able to fight him within the lane. 

(9) Abuse Renekton's R Powerspike - Prior to this point in the match up, if Renekton has farmed safely and rushed defensive boots in the match up, Renekton is now ready to fight his opponent in an all in. Renekton's high base damage and stats from his R, allows Renekton to completely stat check his counter match up. Simply wait for the enemy to make a mistake, then go all out and kill your opponent.

(9) Rush Mercury Treads, Eclipse, Stridebreaker or Profane - Go Mercury Treads to lower Heimer's overall damage and CC duration. / Go Eclipse for consistent power through mid game and damage mitigation with the shield. / Go Stridebreaker to cripple Heimerdinger's mobility and provide teammates with additional utility. / Go Profane for full damage focused playstyles.

(10) Midgame + Teamfighting Tips - Heimerdinger’s overall strength within the mid game is a lot more linear when it compares to his early game. Within the mid game, Hemier’s role is either to look for picks, using his R > E to help CC his enemies, place turrets and cheese using bushes, or rushing objectives using his turrets. When playing around Heimerdinger make sure to provide vision in an area with blue trinket or prior wards, as heimer won't be able to cheese his damage onto you or your team. In a teamfight he is essentially a sitting duck to kill once he has no major abilities up, with that in mind you can engage for your team and try to lock him down into a one shot. Be aware of his R E, as it's a major utility stun tool, however if he misses he also falls under being very useless. It also should be said that, if Heimer tries to look for a R Q, you should try to reposition the fight away from his R, or simply try to kill Heimer or his turret as fast as possible. 
",Coming Soon
Hwei,Hard - 9/10,PTA / Electrocute > Resolve,Doran's Shield,Teleport + Flash,Q > E > W,"Laning vs Hwei is very hard, due to Hwei's abundance of abilities that allow him to deny Renekton from getting the trades he wants. All that Renekton can really do early is use Second Wind and Doran's Shield, as this allows him to sustain and survive the laning phase. Renekton's main objective should be to rush Mercury Treads, as it allows him to escape Hwei's CC faster, as well as lower his overall damage. Make sure to get your teammates to help gank Hwei, as his over extending playstyle will force him up into free kill. At post 6, Renekton can potentially kill Hwei, but this is pretty rare unless you're able to bush camp and wait for for him to use all his abilities. Renekton's main focus should just be to play around his team, playing around the necessary win conditions to help him find relevancy and win the game. Make sure when fighting that if Hwei R's you, that you try to dash or walk away from your team to avoid him dealing AoE damage.","(1) Play For Sustain Early - Hwei’s overall high damage playstyle from the form of his single target and AoE abilities can allow him to have a much easier time in poking Renekton down, forcing Renekton into a very uncomfortable laning phase. As Renekton the best thing he can do is simply go D Shield and Second Wind to help him survive Hwei’s early damage, following on within the lane Renekton should focus on rushing Mercury Treads to give him more play opportunities and defensive capabilities against Hwei.

(2) Respect Hwei Poke - Greeding against Hwei’s damage can be an absolutely terrible idea, as going for any unnecessary trades or forcing minion kills can result in him completely chunking you out. As Renekton, we need to simply wait for the wave to come towards our side, on top of utilising our teammates' presence within the game to help bail us out of this horrible lane. Try to keep as much HP as you can, abusing empowered Q and our sustain items and playstyle to help carry us through.

(3) Rush Mercury Treads - Rushing Mercury Treads is absolutely essential to Hwei, otherwise his high poke and cc playstyle will completely peg you into non-existence. Once you obtain these, the additional movement speed will help you easily bait out and avoid abilities, alongside the additional MR to help you negate his damage. 

(4) Bait Out Hwei Fear - Hwei’s fear is an absolutely terrible ability to play vs, as a good Hwei will always use this to peel Renekton away from him. The only event Renekton could maybe avoid his fear is that if Hwei already uses it onto one of your teammates, or you can quickly double dash past him to avoid it. Mainly baiting his fear is to allow for ganks, so make sure to do this if you’re in the process of potentially receiving one. 

(5) Play Wave On Your Side - Playing the wave on your side essentially means playing wave states on your side of the map, via abusing wave manipulation tactics or freezing on your side of the map. Simply use this to help you combo on your laner, taking away any space from them being able to trade you back (This also helps prevent the enemy running you down with their extended or sustained movement speed abilities). You can also use this wave state to run down your opponent with your abilities up, helping you obtain kills a lot easier vs stalemate or ranged match ups. Look to do this when your opponents are below 50% HP, or potentially make a mistake to provide you an all in opportunity to run them down. 

(6) Play For Ganks - Renekton really cannot do anything within this match up, so you essentially just have to pray and spam ping for ganks if you want to achieve anything. 

(7) Avoid Hwei R - Hwei R is absolutely disgusting as an ability, so with that said ever getting hit by it can be absolutely catastrophic. When playing vs Hwei, try to avoid his R if you’re low by simply dashing in and out quickly if you’re confident in doing that, or if he throws it out obviously react by dashing or flashing to the side. When it comes to overall teamfights and you’re hit by Hwei R, try to walk or disengage away from your team with it on you otherwise it will nuke every target it hits. 

(8) Play For Teammates - This match up is pretty doomed to deal with, so playing for utility is essentially the main thing you should do when it comes to having success within the game. Look to fight skirmishes with the ability of helping your teammates obtain early objectives, try to also risk TP plays if you need to so you’re able to create winning situations for your team. You may fall behind in the process, but compared to laning vs Hwei you’re already going to be on the losing side, so make sure you can do what you can to win.

(9) Build Hexdrinker, Eclipse or Stridebreaker - Go Hexdrinker to lower Hwei’s overall damage and have a MR shield / Build Eclipse, Stridebreaker or Profane - Go Eclipse for consistent power through mid game and damage mitigation with the shield. / Go Stridebreaker to cripple Hwei’s mobility and provide teammates with additional utility.

(10) Mid Game + Teamfighting Tips - When it comes to the Hwei match up, Hwei’s overall multipurpose playstyle is always going to leave a problematic style for Renekton to play against. Hwei overall is the perfect champion to keep Renekton at bay, but with that said he is also a mage and we can play around it. Kaenic later on in the game is an absolute must vs Hwei, as this item will completely counter and lower Hwei’s potential damage, allowing for us to go more risky and tank more within fights. Within teamfights, Renekton should try to just do what he can to help his team, by playing around his carries and utilising his utility through W’s, E’s and items to help his teammates win the game. Play smartly, look for picks and try to avoid Hwei’s massive AoE in choke points. 
",Coming Soon
Illaoi,Hard - 9/10,Conq > Resolve,Doran's Blade / Doran's Shield,Ignite / Teleport + Flash,Q > E > W,"Illoai is a super hard match up for Renekton, due to her low CDs and punishing abilities being way too much for Renekton to really deal with. Renekton's best bet at gaining an advantage is from his first few levels, as he can take W to counter Illoai's W start playstyle, or take Q if Illoai starts Q. Make sure to keep the wave state close to the middle, as being near her tower or your own provides her the ability to easily use tentacles. If Illaoi fights you in the middle of the lane, you can go toe to toe against her, potentially forcing a kill if she's low enough. By level 6, Illoai will straight up win fights if she lands E, so make sure to always avoid being hit by E in any way possible. Alternatively if Illoai does miss E, Renekton can force an all in on her E down timer, allowing him or his allies to easily shut her down and take away her power. Later on in the game, Illoai's weak teamfighting presence allows Renekton to fulfill a valuable role on his team. Illaoi will most likely look to push side lane with her items, forcing you and your team to remove her from the map before making any plays possible. Once she is dead, you and your team should force any major objectives or fights that are available on her death timer. ","(1) Respect Illaoi Level 1 - Illaoi’s level 1 is pretty underrated in the fact she can hard outtrade her opponents with her grasp W trades, which allows her to also abuse her tentacles to hit the targets she is hitting. As Renekton, we can’t do much other than trying to mitigate it by trying to hard push the wave, on top of also trying to avoid her tentacle slams. If we hesitate too hard vs Illaoi, she will completely zone us from the wave preventing level 2 and the ability to get a hard trade on her.

(2) Play For Level 2/3 Kill Angle - Once we reach level 2 vs Illaoi, we’re able to look for a hard trade to abuse her. It is absolutely essential to put everything into the first few levels in our trades before her inevitable fun times. As Renekton, try to look for a heavy trade when we reach level 2, then look for a level 3 kill on the wave shove back. Try to hard push first 2 waves and look for the waves to crash back around the middle, as staying away from the walls and her side of the map will leave her in an uncomfortable state.

(3) Respect And Kill Illaoi Tentacles - Playing around Illaoi’s tentacles is absolutely crucial to keeping your HP up and preventing her overall sustain. Illaoi will always try to poke with her W and Q, providing she misses her E. Try to kill any tentacles you can whenever Illoai doesn’t have her E or range available to poke with. Doing this will also limit her overall tentacles she can receive through her R. 

(4) Avoid And Punish Illaoi E - Illaoi E is an absolutely horrible ability, which quite honestly is probably my most hated ability in the entire game. What does hard suck for this match up is how big Renekton’s hit box is, which can completely feel awful when it comes to trying to dodge on lower movement speed thresholds. As Renekton, the best thing we can do to deal with this and avoid being hit, is trying to rush movement speed to easily out manoeuvre her E, trying to use minions to block her tentacle hits and just trying to utilise our E dash to bait her ability. Within this match up, Renekton does have to play very on edge to beat Illaoi, so trying to fast trade and look for any opportunity to bait or miss her E is essential for fights. Once Illaoi misses even one E, we can look for a heavy trade or kill window, as Renekton’s power completely overpowers Illaoi once she has no E. Just be aware her E CD is very short as the game goes on, so make sure you play around your timers effectively to have success over her.

(5) Rush Antiheal - If you don’t take ignite into this match up, then going Executioners is absolutely a must if you’re going to beat Illaoi. Illaoi’s overall healing from her tentacles can be the absolute decider for her being able to cheese low hp fights, hence why anti heal is needed to take away that opportunity for her. Later on in the game, the healing reduction will become even more essential for defeating illaoi within fights with your team. 

(6) Play Wave Within The Middle - Playing within the middle of the lane is most certainly the best point around the Illaoi match up, as Illaoi won’t be able to easily access her tentacles compared to inner points of either side of the lane. Typically if you’re pushed in, Illaoi can spawn to tentacles aside of the tower wall and rocks, making it incredibly hard to deal with her poking ability. When you’re shoving in, Illaoi can easily farm and prevent herself to trades using her tentacles around her tower, overall making it impossible to leverage any fights. Keeping the wave in the middle is always the best case, so try to always stick to this if you’re available to. 

(7) Abuse Renekton's R Powerspike - Prior to this point in the match up, if Renekton has farmed safely and rushed defensive boots in the match up, Renekton is now ready to fight his opponent in an all in. Renekton's high base damage and stats from his R, allows Renekton to completely stat check his counter match up. Simply wait for the enemy to make a mistake, then go all out and kill your opponent.

(8) Avoid Illoai R - Whenever Illaoi R’s there’s a couple of situations that make it more impactful on whether or not you can kill, or you absolutely need to dip away from her. If Illaoi misses E, her R is generally not as impactful as it spawns less tentacles, as well as the fact she will be dealing way less DPS in the process. In these moments where she doesn’t land E, you need to abuse it, so as long as you have R up you can tank against Illaoi’s R and stat check the overall fight if played well. If Illaoi hits E then R however then you need to instantly dash away, otherwise she will absolutely fist you. 

(9) Play For Ganks - Ganks can be very awkward vs Illaoi as most people don’t understand that getting hit by her E is simply GG, so with that said if you can make her miss by dashing in with E then side stepping or double dashing past her to avoid it, you can then create a free gank setup and easily shut her down.

(11) Build Plated Steelcaps, Eclipse, Black Cleaver or Death's Dance - Go Plated Steelcaps to lower Illaoi’s overall damage and utilise the additional movement speed. / Go Eclipse for consistent power through mid game and damage mitigation with the shield. / Go Black Cleaver for additional CDR and other versatile stats for utility based gameplay. / Go Death’s Dance to lower Illaoi’s overall damage, while providing decent survivability stats in side lane. 

(12) Mid Game + Teamfighting Tips - Illaoi as a teamfighter isn’t really her strong point, as CC is one of Illaoi’s difficult attributes to deal with. Another huge con towards Illaoi’s playstyle within the mid game, is trying to deal with high mobility based targets, which she absolutely sucks at. With that said, Illaoi will try to play heavy for side lane push, as she can essentially dominate most champions in the entire game with her high stat check and low CD playstyle. As Renekton, this is a very difficult point within the game, as most often you’re relegated towards dealing with her. Renekton can’t really offer a lot within the 1v1 or in terms of trying to deter her from pushing, so you need to get your team to help you shut her down. Try to spam ping your teammates to help you so you can get her off the map, which subsequently helps to help you and your team look for fights. In teamfights if she does join, try hard to stun her from reaching your back line, and try to utilise empowered E to help apply armour shred to her playstyle.
",Coming Soon
Irelia,Easy - 2/10,PTA / Conq > Resolve / Inspiration,Doran's Blade / Doran's Shield / Long Sword,Ignite / Teleport / Ghost + Flash,Q3 > W > E,"Irelia is a very easy match up for Renekton, as long as Renekton plays waves in an optimal state. Level 1  Renekton should try to instant push the wave to deny Irelia from reaching level 2 before him, or he should let her push and wait till the 3rd bounces back from his side. Once reaching level 3, Renekton can simply out damage and kill Irelia at will, as long as he doesn't use his abilities on her W, as well as avoiding her E. Irelia will typically Q onto a minion then use her E to help her force trades onto Renekton, with that said try to side step or E away from this potential scenario to take away her damage threat. By level 6, Renekton can completley stat check Irelia to death, allowing him to easily take control of the game and easily win fights until she gets her full build. As Renekton, we should make sure to use our lead as much as we can before she gets her items to outscale us in 1v1's. ","(1)  Respect Irelia Level 1 - Irelia’s level 1 can be very strong if you play directly into it. Irelia’s level 1 goal will be simply trying to get her 4 passive stacks from minions, allowing her to Q onto you and auto attack you down. This is one of Renekton’s biggest mistakes within the match up, to where he doesn’t respect this and lets Irelia kill him. As Renekton, you can either play to shove the wave if you’re there first, to avoid Irelia getting her level 1 all in, or you can simply wait it out and let her shove the wave. I personally prefer letting Irelia shove first two waves, otherwise if I shove the first two waves, Irelia can abuse the 3rd and 4th wave crash to stack on her passive and get her fast back, or allow her to maintain her passive damage to out trade Renekton. 

(2) Play For Level 2/3 Kill Angle - Once letting Irelia push the first two waves into our turret, we can look to play more aggressively with the wave on our side. Make sure to use our wave state, to force more aggressive plays by utilising trades onto Irelia when she Q’s a minion. Punishing her minion dashing is absolutely free for obtaining damage onto her, as long as we don’t W her W and hold her damage accordingly. Once doing this optimally, we can either instant kill Irelia within a fight, or we can look for a kill on our next ability timers. 

(3) Play Around Minions - As previously mentioned, Irelia’s deaths or kills are all determined under how you’re playing around her minions. Irelia will always use them to land her E’s, as she can easily mask her E ability onto the minion, then target from that minion onto you to land her damage. Try to always be observant and anticipate any form of engage, by short clicking side to side or towards her, as these will easily allow her to make a mistake and lose out her winning trade potential. Spotting out any of your low HP minions when trying to run across to Irelia can also be a great way to cut her off and also anticipate her own movements, which are very linear when you really play off these conditions. 

(4) Avoid Comboing Into Irelia W - Irelia W provides Irelia with the ability to survive Renekton’s burst if used correctly, however it should be in Renekton’s best interest to always play around her W to ensure he gets the max damage possible. Try to spot out how Irelia W’s, if she uses it for wave clear or uses it as soon as you engage onto her, simply auto attack her down and hold your abilities, as once she comes out of W you can look to one shot her. 

(5) Play Waves Accordingly - Simply assess whether or not you want to play for freeze, to help you deny XP and CS, while presenting yourself more opportunities to create fights. Or, play to shove waves to create proxy angles, tempo resets or create a dive opportunity. Renekton has all the cards to do whatever he wants with wave management. Also respect that if your laner tries to proxy, simply proxy back or coordinate a kill on them with your jungler.

(6) Abuse Renekton's Early Game - In this match up Renekton is essentially able to do whatever he simply wants. With that said, really hone into your strong early to mid game strengths to help you dominate and win the game. Play to deny your enemy of gold and xp, play to proxy and generally lead any top side skirmishes with your insane lane advantage.

(7) Heavy Trades - Being that Renekton carries a lot of high damage, Renekton is able to just jump on his target nearly at will. Whenever your laners present you with the ability to jump on them, simply take the opportunity to burst them as much as you can. If you didn't kill them already from that, use your options of freezing or your tower diving ability to help you finish off your opponent.

(8) Respect Irelia’s R - Irelia’s R can be a great tool for her being able to have another Q, providing her more damage alongside her on hit playstyle. Irelia R isn’t so impactful against Renekton in 1v1, however it should be said that when it comes to teamfights, Irelia’s R can be a giant tool in providing her easy access to carries. Make sure you always do what you can to deny Irelia’s chances of killing your teammates with your high utility stun and damage playstyle.

(9) 3 Points Q > W Max - W max is another great playstyle into Irelia, as it hard counters her melee up close playstyle against your high damage and heavy CC approach. Within most stages of the game Renekton will be able to successfully 1v1 Irelia with the right items and combos, so make sure to play optimally for the situations and follow all the previous tips to shut down Irelia.

(10) Build Eclipse, Black Cleaver or BoTRK - Go Eclipse for consistent power through mid game and damage mitigation with the shield. / Go Black Cleaver for additional CDR and other versatile stats for utility based gameplay. / Go BoTRK to one shot and snowball with a damage focused build. 

(11) Mid Game + Teamfighting Tips - Irelia’s general role is to essentially hard split push and look for winning skirmishes with her team comp. Irelia’s main weaknesses stem from the lack of agency in being able to close out games, with her overall R and flash reliant playstyle. As Renekton we can easily answer Irelia in side lane, as long as we build heavy damage items such as eclipse or bork. As Renekton we can easily shut down Irelia with our team if you ping them towards your side of the map, which subsequently allows you to remove her from the map to take objectives or teamfight with ease. Within general teamfights, try to peel off Irelia from your team if she looks for an engage with her R. Irelia will try to focus your backline, so try to use your CC and damage to lock her down and instantly make her a non factor.
",Coming Soon
Ivern,Easy - 1/10,PTA / Conq > Resolve / Inspiration,Doran's Blade / Long Sword,Ignite / Teleport / Ghost + Flash,Q > E > W,"Ivern is a very easy match up, as Ivern's laning phase is pretty non existant into Renekton. Renekton can force freezes on his side of the map to force Ivern to overextend, as well as deny him from any reliable way to farm. Renekton can basically do whatever he wants in this match up, allowing him to get an easy lead and win the game.  Make sure when teamfighting that you focus his Daisy first, as this allows you to remove his CC threat to help you win fights effortessly. ","(1) Level 1 E Start - Level 1 E Start - Try to cheese PTA proc or Conq with E1 > 3 auto's > disengage with E2.

(2) Play For Level 2/3 Kill Angle - Once you chunk out Ivern you're most likely able to kill him with your W, Dash or Flash up. Look to shove the wave around your kill timer, so you're able to make Ivern lose a lot more.  

(3) Abuse Renekton's Early Game - In this match up Renekton is essentially able to do whatever he simply wants. With that said, really hone into your strong early to mid game strengths to help you dominate and win the game. Play to deny your enemy of gold and xp, play to proxy and generally lead any top side skirmishes with your insane lane advantage.

(4) Avoid Ivern Q - Ivern’s Q isn’t really much of a threat when it comes to laning vs Renekton, however the gank setup Ivern Q can provide can definitely be lethal when it comes to ganks. Try to always ward up and avoid fighting multiple people without a lead, as one Ivern Q in combination with enemy high burst and CC, can overall lead to your own demise. When trying to avoid Ivern Q use your movement and your dashes to avoid his Q, as missing this essentially gives him no other play making opportunities to stop or deter Renekton from fighting him. 

(6) Abuse Renekton's W Shieldbreak - Ivern’s W is one of his strongest tools, as it provides a pretty decent sized shield with moderate damage and a slow built into it. Using it on allies in combination with his supportive items can really make a huge difference for Ivern, in his ability to consistently apply any shields and counter any burst damage. As Renekton we want to prioritise any targets with Ivern shield with our Empowered W, as this can easily nuke the shield and remove all additional value his items can provide. Alternatively, with how much of a lower CD it gets, you can opt into maxing W after 3 points in Q to always ensure you have enough W’s to shred as many shields as possible. 

(7) Play Waves Accordingly - Simply assess whether or not you want to play for freeze, to help you deny XP and CS, while presenting yourself more opportunities to create fights. Or, play to shove waves to create proxy angles, tempo resets or create a dive opportunity. Renekton has all the cards to do whatever he wants with wave management. Also respect that if your laner tries to proxy, simply proxy back or coordinate a kill on them with your jungler.

(8) Heavy Trades - Being that Renekton carries a lot of high damage, Renekton is able to just jump on his target nearly at will. Whenever your laners present you with the ability to jump on them, simply take the opportunity to burst them as much as you can. If you didn't kill them already from that, use your options of freezing or your tower diving ability to help you finish off your opponent.

(9) Respect Ivern R - Ivern’s R low key is a very strong ability mainly due to the fact that compared to most pets within the game, Ivern’s offers a ton of utility through its knock ups, fast damage and overall thickness, to block or tank any incoming abilities. As Renekton, if he pulls out his R we should always opt towards killing it, as his ult can be very annoying when it comes to duels or teamfights. If Ivern R isn’t an option to stop within the fights, then try to hard focus Ivern down and nuke him from the fight to instantly kill off his R and overall utility.

(10) Build Eclipse, Stridebreaker or BoTRK - Go Eclipse for consistent power through mid game and damage mitigation with the shield. / Go Stridebreaker to cripple Ivern's mobility and provide teammates with additional utility. / Go BoTRK to one shot and snowball with a damage focused build.

(11) Mid Game + Teamfighting Tips - Ivern’s role within the mid to late game is to essentially focus on hard protecting his carry teammates, while using his R and W to hard peel against any incoming threats within a fight. Renekton’s role against Ivern is either focusing his Daisy before any fights snowball into anything bigger, or trying to instantly nuke his carry targets with an empowered W. Ivern’s overall threat is definitely big if he has multiple support items, however if you can coordinate with your team to jump on his main carries, Ivern will not be able to have the utility to fully support them alone, furthermore making him useless in losing fights as he lacks any hard carry potential compared to a lot of other top lane picks. Alternatively, we can look to play for picks if his team is ahead, or utilise our strong split pushing power as he struggles to control and defend sidelane vs Renekton.  
",Coming Soon
Janna,Easy - 1/10,PTA > Resolve / Inspiration,Doran's Blade / Doran's Shield,Ignite / Teleport / Ghost + Flash,Q > E > W,"Janna is a pretty easy match up to deal with, as her lack of damage and laning power provides her no real way to beat Renekton within lane. While Janna is a free pass match up, her ability to survive and cuck Renekton out of kills is definitely apparent. Make sure to look for proxy attempts any chance you get, as this allows you to easily amass a giant CS lead as well as providing you the power to invade and kill her jungler. Janna's only real option to be relevant is actually using her champion to roam, so make sure you spam ping enough where Janna's whereabouts are at all times. Within the mid game, you can essentially do whatever you want to win, however make sure to either hard focus her carries when she is not present within the fights, or force her to use her Q and R to take away her overall power at protecting her teammates.","(1) Level 1 E Start - Try To Cheese PTA Proc or Conq With E1 > 3 Auto's > Disengage With E2. 

(2) Play For Level 2/3 Kill Angle - Once you chunk out Janna level 1, you're most likely able to kill her with your W, Dash or Flash up. Look to shove the wave around your kill timer, so you're able to make Janna lose a lot more. 

(3) Abuse Renekton's Waveclear - A giant advantage Renekton has within this match up, is his overall ability to easily clear minion waves. This can help him achieve perfect tempo resets, or allow him to proxy waves to help increase his gold lead, while also hostaging the enemy top laner under their own tower. Being able to fast clear also forces the enemy into contesting push, allowing you to easily mana burn and create advantageous positions from it. Abuse this strength to cheat out bad laning situations, or increase your overall power within the game. 

(4) Respect Janna Q - Janna’s Q is probably one of the only things you need to worry about when it comes to this match up, as if timed right she can instantly cancel your dash before you get E2, or she can use it to simply peel you away from her carries or herself within the lane. Overall, if Janna is play her Q well enough, simply just play to proxy or play to freeze her out and let her waste Q to get the wave. If she uses Q to get minions, try to abuse this by double dashing from the wave with the intent of heavy trading her.  Doing this can help you tower dive her or force her to back.

(5) Play Waves Accordingly - Simply assess whether or not you want to play for freeze, to help you deny XP and CS, while presenting yourself more opportunities to create fights. Or, play to shove waves to create proxy angles, tempo resets or create a dive opportunity. Renekton has all the cards to do whatever he wants with wave management. Also respect that if your laner tries to proxy, simply proxy back or coordinate a kill on them with your jungler. 

(6) Heavy Trades - Being that Renekton carries a lot of high damage, Renekton is able to just jump on his target nearly at will. Whenever your laners present you with the ability to jump on them, simply take the opportunity to burst them as much as you can. If you didn't kill them already from that, use your options of freezing or your tower diving ability to help you finish off your opponent. 

(7) Ping Janna’s Roams - Janna as a champion absolutely sucks as a laner, so expect her to cheese roams the whole game to get her teammates ahead. Simply spam ping her movements and play for perma push to punish Janna’s decision making, as this will help you easily snowball the game and dominate top side of the map.

(8) Respect Janna's R - Janna’s R can be quite an annoying ability when it comes to playing against it. Most of the time at this point, if you try to fully commit to Janna she will instantly press R to knock you away. As annoying as this is burning her ult is an absolute win, as any chance a teamfight or skirmish opens up, if she has no R to play around she instantly loses all value to protect her carries from your engages. 

(9) Build Eclipse, Stridebreaker or Profane - Go Eclipse for consistent power through mid game and damage mitigation with the shield. / Go Stridebreaker to cripple Janna’s mobility and provide teammates with additional utility. / Go Profane for full damage focused playstyles.

(10) Mid Game + Teamfighting Tips - Janna’s role within the game is essentially to play around her teams and people with her Q, E and R abilities, with the hopes of protecting and denying any engage champions from touching her carries. As Renekton, typically we want to look for her to either use Q or R in a fight before hard committing ourselves onto their carries, but as we’re most likely giga fed and play a more frontline based position, as we need her to force out her R within a fight. If you successfully do this you can easily waste a portion of her kit, allowing your teammates to jump on her carries or allow you to easily one shot them with flash or having your dashes available. Alternatively, you can look to make picks with red trinket before a fight and use a higher damage play style to instantly nuke targets before any objectives or even Janna if she crosses through towards you.
",Coming Soon
Jarvan IV,Easy - 2/10,PTA / Conq > Resolve / Inspiration,Doran's Blade / Long Sword,Ignite / Teleport / Ghost + Flash,Q3 > W > E,"Jarvan is a pretty free match up to deal with as Renekton, as Jarvan's simplistic and easy to outplay kit provides Renekton the ability to kill Jarvan at will. Level 1, try to avoid Jarvan's passive autos with grasp and his W, as these provide him early damage to help him assert dominance. By level 2, Renekton can simply take W and look for heavy trades as soon as Jarvan walks into range. Post level 3, Renekton can force trades on Jarvan to heavily burst him down, or he can side step Jarvan's engages, countering him back with a heavy trade and potential kill window from that. Jarvan's only real purpose within the game is to look for picks with his team, so make sure to ping his whereabouts to avoid giving his team any potential assistance. In teamfights we can simply nuke Jarvan before he's able to do much, but preferably focusing his main carries is more important for the game.","(1) Level 1 Q or E Start - As mentioned through other notes, playing off Q and E both require different plays, however in this match up you can essentially do either of them and have pretty good success. With that said, play around the strengths of level 1 and look for a level 2 kill. 

(2) Play For Level 2/3 Kill Angle - Once you chunk out Jarvan you're most likely able to kill him with your W, Dash or Flash up. Look to shove the wave around your kill timer, so you're able to make Jarvan lose a lot more. 

(3) Abuse Renekton's Early Game - In this match up Renekton is essentially able to do whatever he simply wants. With that said, really hone into your strong early to mid game strengths to help you dominate and win the game. Play to deny your enemy of gold and xp, play to proxy and generally lead any top side skirmishes with your insane lane advantage.

(4) Respect Jarvan’s Passive + Q Shred - Jarvan’s early laning phase consists of him abusing grasps and passive procs for damage, or using his Q to poke out and trade with auto attacks. Make sure when fighting Jarvan that you always avoid trading into his Q damage and armour shred passive, on top of also denying him any auto attack trades without your W. If you play to keep your HP up and play around your abilities, Jarvan will not be able to do a single thing. 

(5) Abuse Renekton W Shield Break - Renekton’s W shield break is a really great tool into Jarvan, as you’re able to consistently break his shields and counter his overall shield heavy playstyles with some of his bruiser builds. As long as you’re using empowered W on his shield timing, Jarvan will never be able to out trade Renekton in a 1v1.

(6) Respect Jarvan’s Gank Setup - Jarvan’s overall gank setup is pretty great with the right jungler, as he applies a lot of utility against targets with his overall armour shred, knock up, W slow and his R lockdown. Try to hold your dashes against Jarvan, wait for him to E > Q and side step it, if he tries to ult use your E1 or E2 to dash out of it to avoid getting caught.

(7) 3 Points Q > W Max - W Max vs Jarvan is a giant counter option towards his overall playstyle, as if he opts towards his bruiser shield build with his W, Eclipse and Fimbulwinter, Renekton will be able to consistently nuke through all his shields with the consistent amount of W’s he is able to obtain within a fight.

(8) Build Eclipse, Black Cleaver or BoTRK - Go Eclipse for consistent power through mid game and damage mitigation with the shield. / Go Black Cleaver for additional CDR and other versatile stats for utility based gameplay. / Go BoTRK to one shot and snowball with a damage focused build. 

(9) Mid Game + Teamfighting Tips - Jarvan’s overall objective when it comes towards the mid to late game, is essentially to make play making opportunities using his E Q and R combos, or adding in flash to help him easily combo towards out of access targets. Jarvan’s reliability as a pick through the game severely weakens when more champions access HP, Armour Shred or Mobility, so as you’re getting into the game, utilising playstyles such as W max continuously creates problems in him trying to stick towards targets. When playing vs Jarvan, try to avoid fights where the enemy has the player advantage, as he thrives off the ability to make picks and plays in greater numbers. When teamfighting vs Jarvan, you’re most likely able to easily cut down his resistances using Empowered E and W’s, to weaken his accessibility to front line within front to back fights. Playing to jump and distract his backline is another great option vs Jarvan, as his commitments are setting up engages with his teammates following them. If you’re able to build correctly you will be able to easily stick onto his carries and potentially nuke or slow them down, as within that time your team can successfully kill Jarvan and look to advance against his team within the fight. 
",Coming Soon
Jax,Medium - 6/10,Conq > Resolve,Doran's Blade / Doran's Shield,Ignite / Teleport + Flash,Q > E > W or Q3 > W > E,"Jax is a very volatile match up within the early stages, as Renekton needs to play the match up optimally before Jax outscales within the 1v1. When playing vs Jax, try not to fight him with his passive fully stacked from the wave, as his ability to hard win trades is very apparent with the additional attack speed. When jax walks in with E, we should use our E to avoid Jax from landing his stun. Later on, we can time our E as soon as Jax Q's into us, providing us the ability to burn Jax's mana and CDs. Short trades with Q are very important, as well as using our W as soon as Jax uses his E. By level 6, try to avoid heavy trades vs Jax with full HP and R up, instead play the wave on your side and look for kills as soon as Jax misplays and has no R up. Renekton can rush Eclipse if he's hard winning the match up, or he can go Black Cleaver for consistency and insurance to deal with Jax's heavy armour in teamfights. Renekton's skirmishing and teamfighting power is a lot more influential than Jax's, so make sure to play around your teammates and for objectives. Jax will be stronger within 1v1's after Triforce, so make sure to get your teammates to help you shut him down in side lane before fighting for any major objectives. ","(1) Level 1 Q/E Start - When playing vs Jax level 1, the lane can go two different ways. Jax can either come out of bushes and force a hard trade with Lethal Tempo, or he can start hitting the wave for his grasp, following with him forcing a grasp trade with his E. As Renekton, we need to play accordingly into his play pattern, as we can prevent Jax getting the upper hand early. If Jax has lethal tempo, or if he simply tries to come out of the bush and force his auto attack and E trades, try to skill E and simply dash out of it. Doing this prevents Jax from getting his stun off, as well as being able to proc his auto attacks. Following this scenario, simply wait for him to shove the wave and play for level 2/3 to obtain lane control. 

If Jax doesn’t cheese from the bushes, you can walk into the middle of the lane and take Q start. Jax in this situation most likely will have grasp, meaning he will try to auto the wave then look for his trade with his grasp auto and E. Renekton with Q start can simply overpower Jax, in his ability to poke him down and push for level 2 faster than he can. Do note that spacing plays a GIANT part in avoiding Jax’s early power; make sure to Q right at the edge of your indicator to hit him, try to trade short and play to push with Q, try to also kite jax into a position where your minions will attack him after his E. As long as you preserve HP and reach level 2 before him you essentially win and gain lane control. 

(2) Play Around Jax Passive / Avoid Extended Trades - Jax’s passive is a core component to play around in the match up, as misplaying into his passive will leverage Jax the strength he needs to win every trade and fight vs Renekton. Usually Jax looks to stack passive on a pushing wave, followed by him comboing you if you walk up into his range. The trick to playing around Jax to avoid this, is to always pay attention to his passive stacks. Simply if Jax has passive stacks, don’t fight and just use E to escape his Q engage combo. If Jax doesn’t have stacks, make sure to sit on the wave and punish him if he comes close. Wait out his E, then look to punish him with your combo and E2 out. Furthermore, look to do your trades once your wave starts to slow push from your side; this is beneficial as you’re closer to your side of the map, preventing jax from overstacking passive and allowing for extended trades. 

(3) Respect And Outplay Jax E - Jax E is a giant counter towards Renekton, as he can completely avoid Renekton’s damage and stun, making it a giant power move in 1v1’s. Jax’s E is 17 seconds rank 1 CD, which is crucial for remembering within the match up. If Jax opens up with E you then have 17 seconds afterwards to punish Jax, make sure to hard combo him then look to disengage right after. Sometimes Jax won’t open up with E, in which he will use it mid trade of his combo. If he does this, you can try to time your W right away and disengage if he’s constantly trading with this pattern. 

Sometimes when E’ing away, Jax will also try to E > Q onto your E1 or E2 to try and chase up towards you. Make sure when dashing from Jax E, you hold E2 until he uses his Q animation, as doing this will escape his E stun and also allow you to maintain HP. Also make sure to always hold your W until you know what pattern he is doing, as this is a core way of understanding how to effectively use it. 

(4) W Stun Buffer Vs Jax E - I thought it would also be worth mentioning that you can actually stun Jax E, however you need to have giant balls to do this as it’s very risky in nature. Right at the end of Jax’s E frame, you can right click right at the end of it, to actually stun and deal all 3 of your W hits back at Jax, allowing you to stun him and punish his E. The great thing about this, is that you can ALWAYS do this, as long as Jax uses his E for the full 2 seconds. Problem is Jax can recast his E a second earlier, making this a very risky read unless he is fully committing, where he will use E for every second he can. Use this knowledge wisely and outplay with caution. 

(5) Abuse Empowered Q/E - Playing off your Empowered Q and E are essentially for a lot of portions of the game. As W’ing is hard until Jax E’s, we must rely on using our Q to poke down Jax, allowing us to outsustain and steadily get his HP down. Using Q like this will force Jax into recalling, or leave him troubled under his tower against Renekton’s quick Q waveclear. Later on in the game, Jax R is absolutely disgusting with his overall armour stacking, in which using empowered E to shred a giant portion of that is important for 1v1’ing, or playing around our team when playing vs Jax.   

(6) Play Wave On Your Side - Playing wave on our side is very important vs Jax as it provides safety in nullifying Jax’s extended trades, as well as giving us the perfect room to trade into Jax. Use this side of the map to abuse slow pushes, then wait out until Jax pushes back in order to force him back on your side of the map.

(7) Avoid Fighting Jax R - NEVER FIGHT JAX R. Simply as that, this ability has been buffed and it provides him an insane amount of stats and damage in a pure 1v1. Try to utilise your double dashes to completely escape his all in, as burning his R is a giant resource to allow you to handle him within the lane. Alternatively, we can use empowered E to shred his R if it’s a winnable fight, however this isn’t always consistent as an option, so make sure to assess wisely. 

(8) Abuse Renekton R Powerspike - This is practically always needed vs Jax post 6, as our own stats can help us completely stat check Jax if we’re already ahead, or if we played well enough in an even state. Jax R is still to be avoided in a pure 1v1, however Renekton R can turn the fight if you’re kiting out and playing with minions or ignite to win the 1v1.

(9) Build Eclipse, Black Cleaver or Stridebreaker - Go Eclipse for consistent power through mid game and damage mitigation with the shield. / Go Black Cleaver for additional CDR and other versatile stats for utility based gameplay. / Go Stridebreaker to cripple Jax’s mobility and provide teammates with additional utility.

(10) Mid Game + Teamfighting Tips - Within the mid game, Jax’s overall power level reaches a critical mass when it comes to side laning power, meaning our full attention to fight or trade with Jax is simply non-existent. Once Jax gets Triforce and Sunderered, he can essentially hard win 90% of 1v1’s with Renekton if he has R up, as his low CDs and hard hybrid damage completely gaps Renekton in side lane. With that said, our only role is trying to wave clear and look for plays with our team when he’s isolated. Shutting down Jax is a giant advantage on the map, as he is not able to split push turrets and you’re able to roam or fight for map based objectives. Renekton’s overall strength over Jax is his skirmishing and teamfighting power, so finding opportunities to snowball is essential for beating Jax.

Within teamfights try to either focus Jax’s carries if you’re fed enough to kill them and tank their damage, or play to protect your carries from Jax’s engage with your empowered W’s and your empowered E shred. 
",Coming Soon
Jayce,Medium - 6/10,PTA > Resolve / Inspiration,Doran's Blade / Doran's Shield,Ignite / Teleport / Ghost + Flash,Q > E > W,"The Jayce match up is pretty even when it comes to playability, revolving around Renekton keeping his HP up with Doran's Shield and Second Wind, while using bushes and abusing his form switches to find trading windows. Level 1, Renekton can take E start with PTA, allowing him to heavy trade Jayce for the PTA activation, then using E2 to disengage away from him. By level 2, Renekton can kill jayce with Empowered W and forcing another E trade. When playing vs Jayce, make sure to keep the wave on your side to create quick trading opportunities, as well as making him a gankable target. Renekton can use combos like E Q W, to quickly buffer his damage against Jayce's E. Whenever Jayce switches from Melee > Cannon form, Renekton should look to instantly abuse this window to force his damage, as Jayce's lack of consistent damage and stats makes him a very killable target. Through the later stages of the game, Jayce's damage massively ramps up to help him become a heavy poke damage champion, forcing you and your team to avoid the damage. Try to look for fights as soon as possible with your team, allowing you to take away he and his team's poke playstyle, providing you the ability to unload your damage and use your lead.","(1) Level 1 E Start - Try to cheese PTA proc or Conq with E1 > 3 auto's > disengage with E2.

(2) Play For Level 2/3 Kill Angle - Once you chunk out Jayce you're most likely able to kill him with your W, Dash or Flash up. Look to shove the wave around your kill timer, so you're able to make Jayce lose a lot more. 

(3) Avoid Jayce Poke - While Jayce’s damage isn’t too high early, it’s the fact Jayce has up to a total of 7 abilities, as well as a range of different passives. Jayce will most often use his ranged form to help poke his opponent down, while he uses his melee form to utilise his burst combo after landing his ranged E Q. Most often Renekton will simply stat check and win early, as long as he uses bushes and abuses D shield and second wind to outsustain Jayce’s aggression, as well as providing a mana burn strategy to weaken Jayce’s approach. You can often also play the lane more aggressively without D Shield and Second Wind combo, however it really depends on you. As long as you stand behind minions, use your movement to avoid his damage and play generally smart, you should have no problem with the lane. 

(4) Abuse Jayce Stance Switching - When Jayce switches stances, Jayce most often leaves him within a vulnerable states; Melee Jayce leaves him at the disadvantage of being in Renekton’s melee range, while Ranged Jayce negates his own resistances to play off solely of range. Overall, If Jayce ever tries to engage with his melee form, we can apply our damage before he can knock us away with his E, which right after Jayce will force himself back to ranged form, which should be our target to all in. Ranged form Jayce doesn’t really do any damage early, as he needs to max his Q and obtain Eclipse before he starts hitting hard. With that said, we can use our E and just look to straight up force a fight onto Jayce to abuse his weaker stance, combined by the fact his melee form is on cooldown.

(5) Buffer W Vs Jayce E - A very important trick within the Jayce lane is trying to buffer your own W vs Jayce’s E. Historically, Jayce always had a trick that he could abuse within the Renekton lane, which was using his melee form E as soon as Renekton casts his E animation. While this generally is an annoying problem, most often Jayce players will always try to greed out on damage before using his E, meaning we are able to get our abilities off while we are on top of him. Jayce can do this in very fast succession, so make sure to spam your W as soon as you get out, or try to time your W for his E input. If done successfully, you will be able to trade even with Jayce, as well as stunning him right on his E cast, preventing him switching back to ranged from to use his abilities. 

(6) Quick Trades - E > Q > AA  > W > AA > E Out / E > Q > W > E / E Q E - These combos allow for Renekton to get quick damage off in being able to keep health up and whittling his opponent down, use these to get your laner low and look for a low HP kill with flash. 

(7) Play Wave On Your Side - Playing the wave on your side essentially means playing wave states on your side of the map, via abusing wave manipulation tactics or freezing on your side of the map. Simply use this to help you combo on your laner, taking away any space from them being able to trade you back (This also helps prevent the enemy running you down with their extended or sustained movement speed abilities). You can also use this wave state to run down your opponent with your abilities up, helping you obtain kills a lot easier vs stalemate or ranged match ups. Look to do this when your opponents are below 50% HP, or potentially make a mistake to provide you an all in opportunity to run them down. 

(8) Abuse Renekton's R Powerspike - Once you reach level 6 your ultimate will essentially help you consistently stat check and dominate any match ups you were winning or losing. Make sure to always wait for your R CD to help you make plays, otherwise it will lead you towards a major disadvantage in dueling your enemies. 

(9) Build Eclipse, Stridebreaker or BoTRK - Go Eclipse for consistent power through mid game and damage mitigation with the shield. / Go Stridebreaker to cripple Jayce’s mobility and provide teammates with additional utility. / Go BoTRK to one shot and snowball with a damage focused build.- 

(10) Mid Game + Teamfighting Tips - Jayce within the mid game gets exceptionally stronger than he was in the early game, due to him reaching his item powerspikes, alongside maxing his Q and W within this stage of the game. Jayce’s overall playstyle includes shoving waves within the side lane, on top of looking for isolated picks against the opposing teams carries. Jayce’s role consists of playing off his high Q damage in his ranged form, allowing him to whittle down his enemies health while looking to use his melee form burst damage when his enemies are in lethal range. While Jayce’s damage can be pretty threatening, when compared to Renekton his overall role as a teamfighter isn’t that great. When playing against him try to avoid tanking his poke, while actively searching for an engage onto Jayce while he’s in his ranged form. Jayce is always susceptible to one shots when he’s in his ranged form, so try to get your team to engage on him, or look for flash/dash W onto him to help create the engage. Within teamfights, Renekton can easily soak up and block his damage from carries, while also heavily preventing Jayce from abusing his total power within melee range. Try to keep your back line protected, or alternatively try to just one shot Jayce out of the game before teamfights happen. 
",Coming Soon
Jhin,Easy - 1/10,PTA > Resolve / Inspiration,Doran's Blade / Doran's Shield,Ignite / Teleport / Ghost + Flash,Q > E > W,"Jhin is practically a free match up, as his inability to have consistent DPS costs him the ability to have many winning situations into Renekton. Renekton can practically dash at him at will, allowing him to easily have access and the damage needed to perma kill him on repeat. Jhin's only real chance of being relevant is using his W and R, in which you and your team should avoiding if you're low or isolated. Renekton is essentially able to do whatever he wants in this match up, allowing him to easily win the game.","(1) Level 1 E Start - Try to cheese PTA proc or Conq with E1 > 3 auto's > disengage with E2.

(2) Play For Level 2/3 Kill Angle - Once you chunk out Jhin you're most likely able to kill him with your W, Dash or Flash up. Look to shove the wave around your kill timer, so you're able to make Jhin lose a lot more. 

(3) Abuse Renekton's Early Game - In this match up Renekton is essentially able to do whatever he simply wants. With that said, really hone into your strong early to mid game strengths to help you dominate and win the game. Play to deny your enemy of gold and xp, play to proxy and generally lead any top side skirmishes with your insane lane advantage.

(4) Avoid Jhin’s 4th Shot - The only thing worth noting about this match up is that, Jhin’s 4th shot damage will deal additional damage based on how low his target’s HP is. With that being said, the lower you are the easier it is for him to finish off his kills. As Renekton, try to always keep your HP up to avoid being in his execute range, on top of also avoiding his 4th shot damage by walking out of his range. 

(5) Avoid Jhin W - Jhin W can be a great tool to last hit low HP kills, or set up his stuns for his teammates or his R shots to land. Try to always make sure you’re backing in good positions, otherwise Jhin can stop your recall or use it towards finishing you off. Within fights, try to also avoid being hit by his W to prevent his team capitalising on it. 

(6) Play Wave On Your Side - Playing the wave on your side essentially means playing wave states on your side of the map, via abusing wave manipulation tactics or freezing on your side of the map. Simply use this to help you combo on your laner, taking away any space from them being able to trade you back (This also helps prevent the enemy running you down with their extended or sustained movement speed abilities). You can also use this wave state to run down your opponent with your abilities up, helping you obtain kills a lot easier vs stalemate or ranged match ups. Look to do this when your opponents are below 50% HP, or potentially make a mistake to provide you an all in opportunity to run them down. 

(7) Heavy Trades - Being that Renekton carries a lot of high damage, Renekton is able to just jump on his target nearly at will. Whenever your laners present you with the ability to jump on them, simply take the opportunity to burst them as much as you can. If you didn't kill them already from that, use your options of freezing or your tower diving ability to help you finish off your opponent.

(8) Avoid Jhin’s R Shots - Jhin’s R can be absolutely deadly within skirmishes or teamfights depending on how low his targets are. As Renekton, we can easily avoid his shots with good movement and usage of our dashes, on top of how tanky your overall stats are to prevent dying to his ult. When Jhin R’s with the intent of trying to kill your teammates, try to block his shots by standing behind your teammates to help tank his R. 

(9) Build Eclipse, Stridebreaker or Profane - Go Eclipse for consistent power through mid game and damage mitigation with the shield. / Go Stridebreaker to cripple Jhin's mobility and provide teammates with additional utility. / Go Profane for full damage focused playstyles.

(10) Mid Game + Teamfighting Tips - Jhin’s overall purpose within the mid to late game, is essentially to play as a utility long range ADC, dealing burst damage with his RFC and 4th shot damage, on top of using his W and R to pick off targets and help his team initiate plays. As Renekton, we can easily deal with Jhin’s presence by being able to help our teammates by blocking his R and W damage, on top of also aiming to dash onto him or other carries to try and eliminate them from the game. Renekton’s overall weakness is sitting and tanking ranged damage, with that it’s very important to try and jump onto him or any other targets as quickly as you can to avoid playing their game. If Jhin comes close enough within teamfights, try to immediately assassinate him with your combo to instantly nuke him from the game. 
",Coming Soon
Jinx,Easy - 2/10,PTA > Resolve / Inspiration,Doran's Blade / Doran's Shield,Ignite / Teleport / Ghost + Flash,Q > E > W,"Jinx is another free style match up for Renekton, as her weak and helpess solo early game allows her to easily be a killable target. Jinx's only threat within the game is using her gold to help scale her into major items, however when laning vs Renekton that's practically an impossible objective. Each time Renekton has the wave on his side, Renekton can force kill trades with his double dash, allowing him to get in range and slightly avoid Jinx's traps. Make sure you or your teammates avoid recalling when you're low, as Jinx's R can easily pick up kills to help her funnel gold within the game.","(1) Level 1 E Start - Try to cheese PTA proc or Conq with E1 > 3 auto's > disengage with E2.

(2)  Play For Level 2/3 Kill Angle - Once you chunk out Jinx you're most likely able to kill her with your W, Dash or Flash up. Look to shove the wave around your kill timer, so you're able to make Jinx lose a lot more. 

(3) Abuse Renekton's Early Game - In this match up Renekton is essentially able to do whatever he simply wants. With that said, really hone into your strong early to mid game strengths to help you dominate and win the game. Play to deny your enemy of gold and xp, play to proxy and generally lead any top side skirmishes with your insane lane advantage.

(4) Respect Jinx's Poke - Jinx’s early game poke can definitely hurt if you’re tanking it consistently, as her minigun can provide decent DPS, as well as her rockets to poke you out from range. While it isn’t massive damage you can still go D Shield and Second Wind to prevent Jinx from doing absolutely anything.

(5) Avoid Jinx E - Jinx E is a very annoying ability as Renekton, as she can instantly cancel your E ability distance and potential E2 cast. However, when fighting Jinx Renekton has a 0.5 second before he traps effectively work vs his E, so he can use it within this frame to avoid being CC’d and having his E cancelled. Play around this optimally to ensure you never get your E cancelled. 

(6) Play Wave On Your Side - Playing the wave on your side essentially means playing wave states on your side of the map, via abusing wave manipulation tactics or freezing on your side of the map. Simply use this to help you combo on your laner, taking away any space from them being able to trade you back (This also helps prevent the enemy running you down with their extended or sustained movement speed abilities). You can also use this wave state to run down your opponent with your abilities up, helping you obtain kills a lot easier vs stalemate or ranged match ups. Look to do this when your opponents are below 50% HP, or potentially make a mistake to provide you an all in opportunity to run them down. 

(7) Heavy Trades - Being that Renekton carries a lot of high damage, Renekton is able to just jump on his target nearly at will. Whenever your laners present you with the ability to jump on them, simply take the opportunity to burst them as much as you can. If you didn't kill them already from that, use your options of freezing or your tower diving ability to help you finish off your opponent.

(8) Avoid Jinx R - Just like most other cross map abilities, Jinx R is definitely to be feared as it can easily provide her the gold necessary to easily start snowballing against your team on the map. Recall with caution and make sure not to die while buying items.

(9) Build Eclipse, Stridebreaker or Profane - Go Eclipse for consistent power through mid game and damage mitigation with the shield. / Go Stridebreaker to cripple Jinx’s mobility and provide teammates with additional utility. / Go Profane for full damage focused playstyles.

(10) Mid Game + Teamfighting Tips - Jinx’s overall role within the late game is trying to dish out as much damage as she can, utilising her high attack speed playstyle with the intention of playing off resets and using her range and high movement speed to keep her at bay. While this would be a problem if she was bot lane, if she is played as a laner into Renekton, she most likely will be a lot more useless than she normally would be. Regardless, as Renekton we always want to play with the intent of shutting her down hard, while using our lead to snowball the map through securing objectives and destroying enemy towers. We can also pretty much kill her at will if she is solo within the side lane, so make sure to abuse Jinx’s very weak stats and avoid fighting vs multiple of her teammates. Within teamfights, Renekton’s overall job is to try and nuke Jinx as fast as he can, as even with 1 kill Jinx can completely pop off within a fight. With that said, make sure to either jump on Jinx with a good timed engage, or try to assassinate her or her teammates before any major objectives spawn.
",Coming Soon
K'sante,Hard 7/10,Conq > Resolve,Doran's Blade / Doran's Shield,Ignite / Teleport + Flash,Q > E > W or Q3 > W > E,"K'sante can be a very awkward match up depending on how good he is, as higher MMR K'sante players opperate a lot differently to lower MMR ones. Against K'sante, try to always avoid walking into his Q's, as this provides him his stacks he needs to get his knock up as well as his additional damage. When looking to trade into K'sante, avoiding timing your W on his W, instead use your E to instantly reposition away from his W and look to abuse W right after. Make sure to use your Q poke to help you cut down K'sante's HP, as well as using your movement at all times to find the angles you need to reliably apply your damage. Once K'sante has R, try to avoid tanking his ability damage as even 1 R W is simply enough to win him the fight. If K'sante is low enough after using R, Renekton can also time his W right after K'sante's R animation to help him easily apply damage and nuke him down. Renekton needs to rush Black Cleaver in this match up, as it helps provide him the damage and stats to reliably beat him. Within the mid game, Renekton is able to achieve a lot more as a champion. It's important to try and use your empowered E within the later stages of the game, as the armour shred with your E and Cleaver completely take away any of his builds strengths. ","(1) Level 1 Q or E Start - As mentioned through other notes, playing off Q and E both require different plays, however in this match up you can essentially do either of them and have pretty good success. With that said, play around the strengths of level 1 while avoiding K’sante’s Passive and Q trades, with the aim of potentially setting up a level 2 or 3 kill. 

(2) Respect K’sante’s Early Game - On the contrary to popular belief, most people think Renekton completely counters K’sante. While this used to be somewhat true, since K’sante’s changes K’sante actually has a way better time at being a neutraliser pick into Renekton, preventing Renekton from playing comfortably into the match up. K’sante’s early passive, Q and threat of W, provide K’sante with an easy solution towards Renekton’s trading patterns. While it isn’t impossible to play around it, he does always have an upper hand early with his overall potential. Try to play with the intent of scaling into the mid game, as Renekton’s overall role and strengths surpass K’sante’s. 

(3) Avoid K’sante Q - K’sante’s Q allows him to consistently fight and trade damage with his opponents, allowing him to also apply his CC knock up to help him synergise with the rest of his kit. K’sante Q is a very important ability to always avoid, as this can ultimately set him up to W, or use R if near a wall. Try to utilise your movement at all times to avoid K’sante’s Q, use short clicks to bait in and out movements, followed by the ability to punish it right after if you have any abilities up.

(4) Avoid K'sante W - K’sante’s W is essentially a make or break ability, meaning if he hits his W, he can basically win out and heavily trade his opponent. If he misses W however, K’sante loses out on a lot of serious damage and damage reduction, making him a lot easier of a target to abuse. Renekton should never try to look for a W or fight when K’sante has W, as his damage reduction reduces all of what Renekton can provide into a fight against him. Try to bait K’sante’s W by using your E, to dash in then out, as this can usually bait K’sante to whiff his W completely. Do remember that K’sante’s W can only go in 1 line, so with that said we can E or side step to an angle to avoid it. 

(5) Abuse Renekton W Shieldbreak - An underrated aspect to K’sante is actually his dash ability, which allows him to dash in a short multidirection way, or he can use it onto an ally or minion to extend his dash range. His dash also provides him with a shield that scales with his overall HP. As Renekton, trading into his dash can be painful without our empowered W, but do note that we can’t always use our shieldbreak onto K’sante until he uses his W. When K’sante has no W, he most likely will try to dash and poke, meaning we can space our W within these situations. 

(6) Play Wave On Your Side - Playing the wave on your side essentially means playing wave states on your side of the map, via abusing wave manipulation tactics or freezing on your side of the map. Simply use this to help you combo on your laner, taking away any space from them being able to trade you back (This also helps prevent the enemy running you down with their extended or sustained movement speed abilities). You can also use this wave state to run down your opponent with your abilities up, helping you obtain kills a lot easier vs stalemate or ranged match ups. Look to do this when your opponents are below 50% HP, or potentially make a mistake to provide you an all in opportunity to run them down. 

(7) Abuse Empowered Q/E - K’sante’s weakness against Renekton is typically through Renekton’s Q poke and empowered E shred. When trading vs K’sante, most of our damage comes from our Q as it's the safest way to trade back into him. When fighting K’sante, using empowered Q against him and the minions, will present you in being able to outsustain his short attacks while being able to whittle his HP down. Later on in the mid to late game portions of the game, I recommend using empowered E to shred his overall resistances. Using empowered E early isn’t as recommended, as it leads into unfavourable laning positions with overextending on his side of the map, or using it while he has his CC or dash available, losing out on any additional value from the empowered E shred timing. 

(8) Abuse Renekton's R Powerspike - Once you reach level 6 your ultimate will essentially help you consistently stat check and dominate any match ups you were winning or losing. Make sure to always wait for your R CD to help you make plays, otherwise it will lead you towards a major disadvantage in dueling your enemies. 

(9) Respect And Punish K'sante R - K’sante’s R is a very conflicting ability, as when he uses it he becomes very much weaker in his overall tankiness, allowing Renekton to easily kill if K’sante is low. However, K’sante also obtains a crazy amount of damage that Renekton can’t risk to tank whatsoever. K’sante’s R abilities upgrade making them deal even more damage, while also resetting once he uses R. Meaning, he can do a full combo then R into resetting his entire CDs (Riot Please). When fighting against K’sante with R, simply try your best to avoid his Q’s and make sure not to tank his W whatsoever, in which case we should use our dashes or flash to simply avoid it. Alternatively, before K’sante R’s try to stand on the outer lane’s side of the walls, otherwise he will be able to ult you through the wall and take you away from your turret, allowing him to secure an easy kill if you’re low.  

(10) Build Eclipse, Black Cleaver or BoTRK - Go Eclipse for consistent power through mid game and damage mitigation with the shield. / Go Black Cleaver for additional CDR and other versatile stats for utility based gameplay. / Go BoTRK to one shot and snowball with a damage focused build. 

(11) Mid Game + Teamfighting Tips - Renekton’s overall power surpasses K’sante when we reach the mid game, as his overall role allows him to apply a ton of utility within the fights. Renekton’s Cleaver rush and empowered E synergy, allows him to shred through K’sante’s abundance of armour, which subsequently lowers his overall damage too. Renekton’s W can also stun K’sante when he’s in his all out mode, making him a much easier target to burst down with your team. Overall, if you can prevent K’sante from jumping on your carries while utilising your strong utility options, K’sante will overall struggle in trying to play the fights vs your team. When it also comes to the side lane, Renekton’s overall power outscales K’santes with his overall potential items allowing him to do much more. Black Cleaver, BoRTK, Shojin or Eclipse, all of which provide great damage for Renekton, on top of his R AP damage, which helps him shred K’sante’s stats and provides consistent DPS within the 1v1’s. Within teamfights, our objective is essentially trying to block K’sante from jumping onto our team, as this provides him the inability to CC and potential kidnapping when your teammates are near a wall. Be aware of K’sante’s flash engages, as these can be a great setup to help his teammates initiate the fight. 
",Coming Soon
Kaisa,Easy - 2/10,"PTA > Resolve / Inspiration
",Doran's Shield,Ignite / Teleport / Ghost + Flash,Q > E > W,"Kaisa is another free match up post level 3 for Renkton, as Renekton's high damage and mobile based playstyle allows him to easily jump onto Kaisa to make easy work out of her. Kaisa's playstyle within the top lane consists of going tear into full ap, allowing her to poke off her range with her W. Kaisa's pre level 3 damage can be quite a lot, forcing Renekton to go Doran's Shield and Second WInd. Once Renekton has the wave on his side, Renekton can force his quick trades to easily chunk out Kaisa, eventually allowing him to easily kill her in single trades after his first back. Renekton when rushing damage completely makes the match up unwinnable for Kaisa, allowing him to essentially do whatever he wants within the rest of the game. Kaisa's only strength is trying to reach her 3 item powerspikes with her W spam. As long as you prevent Kaisa from getting free kills and warning your team of her W playstyle, Kaisa won't really be able to do much within the game.","(1) Level 1 E Start - Try to cheese PTA proc or Conq with E1 > 3 auto's > disengage with E2.

(2) Play For Level 2/3 Kill Angle - Once you chunk out Kaisa you're most likely able to kill her with your W, Dash or Flash up. Look to shove the wave around your kill timer, so you're able to make Kaisa lose a lot more. 

(3) Abuse Renekton's Early Game - In this match up Renekton is essentially able to do whatever he simply wants. With that said, really hone into your strong early to mid game strengths to help you dominate and win the game. Play to deny your enemy of gold and xp, play to proxy and generally lead any top side skirmishes with your insane lane advantage.

(4) Respect Kaisa Passive - Kaisa’s passive works in the form of stacks, where if she’s able to proc 6 attacks with her autos or W, she will be able to proc her passive to deal 15%+ damage upon target’s missing HP. When fighting Kaisa try to always consider her passive stacks, as she can do a ton of damage if you tank it straight up. Play for quick in and out combos in the beginning, then look for heavier trades when you start building more damage. 

(5) Play Wave On Your Side - Playing the wave on your side essentially means playing wave states on your side of the map, via abusing wave manipulation tactics or freezing on your side of the map. Simply use this to help you combo on your laner, taking away any space from them being able to trade you back (This also helps prevent the enemy running you down with their extended or sustained movement speed abilities). You can also use this wave state to run down your opponent with your abilities up, helping you obtain kills a lot easier vs stalemate or ranged match ups. Look to do this when your opponents are below 50% HP, or potentially make a mistake to provide you an all in opportunity to run them down. 

(6) Heavy Trades - Being that Renekton carries a lot of high damage, Renekton is able to just jump on his target nearly at will. Whenever your laners present you with the ability to jump on them, simply take the opportunity to burst them as much as you can. If you didn't kill them already from that, use your options of freezing or your tower diving ability to help you finish off your opponent.

(7) Respect Kaisa W - Kaisa W will mainly be problematic if she goes for her W nuclear missile build, allowing her to spam W’s as long as they hit her target. If they hit her target, she can either use her R to pick off low HP targets, or she can use W again due to her CD refund when hitting a target. Try to avoid Kaisa’s W at all costs, as this can easily nuke your HP bar if you don’t respect her repetitive hits. Making her miss her W with your movement or dashes also puts a giant strain on her playstyle, so make sure to avoid any of these as you can.

(8) Build Eclipse, Stridebreaker or Profane - Go Eclipse for consistent power through mid game and damage mitigation with the shield. / Go Stridebreaker to cripple Kaisa’s mobility and provide teammates with additional utility. / Go Profane for full damage focused playstyles.

(9) Mid Game + Teamfighting Tips - Depending on Kaisa’s overall playstyle, if she opts into her AP W focused playstyle, she will look to constantly launch nuclear missiles until her target is low enough to either kill them with her W, or use her R and Q to finish off her targets. Kaisa’s pretty deadly when she gets more items, so make sure to always avoid getting hit by her W, as it can reset her CD a lot longer. Try to look for plays as a team to dogpile on to her, as this is the best way to easily deal with this playstyle. If Kaisa plays her normal on hit build, Kaisa remains pretty easy to kill for Renekton, allowing you to easily play the match up and control the mid portion of the game. When it comes to teamfights, if Kaisa is AP, try to hard focus her and kill her out of the fight. If Kaisa is on-hit, you can afford to ignore her if she is relatively weak from the laning phase, so with that said you can aim to focus her other carries and then kill her off if she’s nearby. 
",Coming Soon
Kalista,Medium - 5/10,"PTA > Resolve / Inspiration
",Doran's Shield,Ignite / Teleport / Ghost + Flash,Q > E > W,"Kalista is a pretty easy match up post level 6, as her early high mobility and lane bully based playstyle, allows her to completely dictate the early portions of the lane, making it hard for Renekton to really do much against. Renekton's way of winning is starting Doran's Shield and Second Wind, as this allows him to easily sustain and survive against her early poke, as well as rushing Plated Steelcaps to completely take away her damage. Once Renekton reaches level 6, he can completely run down Kalista with R and boots, providing her 0 room to do anything to outplay the situation. As a champion Kalista absolutely sucks, which gives Renekton all the freedom to actually do anything he wants to in the game. ","(1) Alcove Strat - Kalista’s level 1 is way too strong for Renekton to really punish, due to her high mobility and spear stacking damage. To avoid her zoning you off the wave completely, try to hide in alcove with E start, then look to wait until she shoves the wave into your tower. Doing this will help you regain HP and allow you to play safely into level 3. 

(2) Play For Sustain Early - Kalista’s early is too difficult for Renekton to really punish without reaching level 3 and rushing plated steel caps, in which we need to play to keep our HP up and look for the right trades and points to fight within the lane. Try to abuse D Shield and Second Wind to outsustain her damage in the lane, on top of using empowered Q trades to help keep HP up and whittle her HP down.

(3) Respect Kalista's Damage - Kalista isn’t really a complex champion, being that her main attributes are trying to kite with her jump passive, as well as trying to stack her spears in her opponent until she has enough to insta kill her opponent. Kalista’s biggest weakness naturally is the fact that she can’t really sustain her E properly against bruiser champions like Renekton, as he’s able to deal his damage then get out with ease. With that said, don’t over commit and let her constantly throw spears into you, but play with speed and look for quality over quantity trades. 

(4) Rush Plated Steelcaps - Plated Steelcaps completely counter Kalista in the lane, as her heavy on hit playstyle loses out on a lot of damage in combination with her overall AD damage. Use these to also help you maintain mobility with Kalista, allowing you to have faster E trades, as well as you having the ability to easily kill her at level 6. 

(5) Quick Trades - E > Q > AA  > W > AA > E Out / E > Q > W > E / E Q E - These combos allow for Renekton to get quick damage off in being able to keep health up and whittling his opponent down, use these to get your laner low and look for a low HP kill with flash. 
Heavy Trades - Being that Renekton carries a lot of high damage, Renekton is able to just jump on his target nearly at will. Whenever your laners present you with the ability to jump on them, simply take the opportunity to burst them as much as you can. If you didn't kill them already from that, use your options of freezing or your tower diving ability to help you finish off your opponent.

(6) Play Wave On Your Side - Playing the wave on your side essentially means playing wave states on your side of the map, via abusing wave manipulation tactics or freezing on your side of the map. Simply use this to help you combo on your laner, taking away any space from them being able to trade you back (This also helps prevent the enemy running you down with their extended or sustained movement speed abilities). You can also use this wave state to run down your opponent with your abilities up, helping you obtain kills a lot easier vs stalemate or ranged match ups. Look to do this when your opponents are below 50% HP, or potentially make a mistake to provide you an all in opportunity to run them down. 

(7) Play For Ganks - Kalista is pretty easy to kill when it comes to ganks, as she can’t properly utilise her R ability with her marked target, that most likely is an engage support or her jungler, which most potentially are very underwhelming champions being that its solo queue. Regardless, when your jungler comes to gank try to cut off Kalista’s way of escape utilising good movement and dashes to keep Kalista in an awkward position, followed by chaining your CC and damage together with your jungler. 

(8) Abuse Renekton's R Powerspike - Prior to this point in the match up, if Renekton has farmed safely and rushed defensive boots in the match up, Renekton is now ready to fight his opponent in an all in. Renekton's high base damage and stats from his R, allows Renekton to completely stat check his counter match up. Simply wait for the enemy to make a mistake, then go all out and kill your opponent.

(9) Build Eclipse, Stridebreaker or Profane - Go Eclipse for consistent power through mid game and damage mitigation with the shield. / Go Stridebreaker to cripple Kalista’s mobility and provide teammates with additional utility. / Go Profane for full damage focused playstyles.

(10) Mid Game + Teamfighting Tips - Kalista isn’t really a great pick these days within league, making it a very suboptimal champion to play into the mid stages of the game. As much as the utility she has with her W and R, it still simply isn’t enough to entirely help her play the game as she really needs a great support champion alongside her. When playing Renekton, we typically hard counter her with a full damage playstyle, or anti mobility items such as stridebreaker or Randiun’s Omen, preventing her from hopping away and being able to play the game. Within teamfights, focusing Kalista is always preferred to stop any of her R CC or spear stacking attempts, making her a valuable target. Renekton doesn’t need to do much to kill her, so no matter what playstyle he opts into, he can always hard counter her and easily kill her off within the game. 
",Coming Soon
Karma,Hard - 8/10,"PTA > Resolve
",Doran's Shield,Teleport + Flash,Q > E > W,"Karma is an insanely infurtiating match up for Renekton, due to her ability to go either full tank and take away Renekton's damage, or building AP which provides her with insane burst power. Renekton against Karma requires avoiding her Q and E abilities, as directly tanking either can be absolutely devestating for Renekton. Instead, Renekton should play around minions to avoid her Q, as well as using them as a shield against her empowered Q. When Karma runs in to W > E Renekton, Renekton should try to disengage to avoid Karma stunning or healing against him. Make sure to go Doran's Shield and Second Wind in the lane, while trying to build straight into Eclipse or Mercury Treads to survive her damage. When laning vs Karma, try to keep the wave on your side, as this will help your teammates gank the lane when she's overextending. Renekton at level 6 can face tank Karma much better, however he should try to use his empowered W to take away Karma's shield, as well as using his E optimally to correctly space away into her. Try to avoid Karma's R abilities as much as you can, as these provide her too much value in her base abilities to help her turn fights. Within the mid game, Renekton is able to do a lot more in combination with his team, so make sure to play around your win conditions correctly to help win you the game.","(1) Alcove Strat - Karma is a pretty horrid match up at most points within the game, mainly due to the fact her damage, sustain and overall tankiness from potential builds, make her very difficult to play against. With that said, use the alcove strat to help you prevent tanking unnecessary level 1 damage, while waiting for the 1st wave to push towards your side until you come out. 

(2) Play For Sustain Early - Karma’s ability to have low CDs, high damage and high factors of sustain makes it a very hard match up in being able to be aggressive. With that said, try to play to survive with abusing items like D Shield and Second Wind to help you bypass her horrible poke, up until you’re able to get ganks or reach level 6 for a potential kill angle within the lane.

(3) Respect Karma's R - Karma’s R allows her to empower her abilities to provide the following variables; Empowered Q allows her to do even more damage, on top of slowing her targets even harder. / Empowered W allows her to root her target longer, while also providing her the ability to heal 17% missing HP back from her target, which also heals her for the same amount if she completes or kills her target with W active. / Karma’s E provides a bigger shield, while also providing her teammates an AoE and movement speed shield. Overall, respect Karma’s empowered ability as this allows her to force strong trades against you. 

(4) Avoid Karma Q Poke - Karma’s Q is primarily her main poking tool, to which she will try and use this whenever you walk up towards her or the minion wave. Karma’s empowered Q poke also deals a truck load of damage, which you need to try and avoid at all costs. When you understand how Karma Q’s, try to use that pattern against her by baiting her Q to force it on CD, allowing you room to potentially fight her. Alternatively, you can also play around your minion wave to help you block her Q, especially if she’s running towards you and looking to stun you directly in front of her. 

(5) Respect Karma R W - As mentioned, Karma’s W can help root and heal from her target based on her missing HP. Karma’s W is a VERY frustrating ability into Renekton, mainly due to the reason she prevents Renekton from putting her into a lethal range, while providing peel against Renekton’s combos. The only thing we can really do into Karma at this point, is let her hit the first W to put her R on CD, following on from that we then use our dash to escape out of her tether range. This allows her to only heal once, rather than twice, which can help remove her additional healing within the lane. This ability is pretty aids in general, so unless you can stay out of healing range and spam ping your jungler, that’s the best thing you can really do.

(6) Rush Mercury Treads - Mercury Treads are a really great rush into Karma, as it can help you mitigate against her magic damage abilities, on top of providing the mobility and tenacity needed to survive or fight against Karma. Personally if you don’t go Mercs, Karma just gets to do whatever she wants with you, so make sure to rush these to have a chance into Karma.

(7) Play For Ganks - This match up is practically very boring and very reliant on Karma running out of mana, or massively misplaying to the point you can kill her. Aside from that, try to get your jungler to help snowball your side of the map by playing the wave on your side, while spam pinging them when they’re on your side of the map. Karma only has her E for mobility, yet that isn’t enough to stop Renekton from bursting and catching her out with his dashes. If your jungler comes, make sure to use empowered W in a trade to help burst Karma down, while presenting your jungler an easy way to engage onto Karma. Getting any lead from ganks can massively change the lane, so make sure to play waves to where you’re able to get them. 

(8) Abuse Renekton's R Powerspike - Prior to this point in the match up, if Renekton has farmed safely and rushed defensive boots in the match up, Renekton is now ready to fight his opponent in an all in. Renekton's high base damage and stats from his R, allows Renekton to completely stat check his counter match up. Simply wait for the enemy to make a mistake, then go all out and kill your opponent.

(9) Build Eclipse, Black Cleaver or Stridebreaker - Go Eclipse for consistent power through mid game and damage mitigation with the shield. / Go Black Cleaver for additional CDR and other versatile stats for utility based gameplay. / Go Stridebreaker to cripple Karma’s mobility and provide teammates with additional utility.

(10) Mid Game + Teamfighting Tips - Karma’s overall presence with the game will focus on her buffing her allies with her movement speed and shield gameplay, on top of using her Q to burst your back line or stun her targets with her W. As Renekton, now that we reached these points of the game, we need to play with the ability to focus her carries while trying to avoid Karma’s main abilities. Within teamfights, it’s best to play as a distraction or engage for your team, trying to intentionally bait Karma’s focus onto you. Karma will typically use her E to peel and protect her carries, to which Renekton will need to prioritise his empowered W to instantly break these shields. Alternatively, you can go Serpent’s Fang to help deal with her abundance of shields for the team, but if you’re already weak-sided you’re better off just focusing her main target with W to instantly remove all her value she provides onto them. 
",Coming Soon
Karthus,Easy - 1/10,"PTA > Resolve / Inspiration
",Doran's Blade / Doran's Shield / Long Sword,Ignite / Teleport / Ghost + Flash,Q > E > W,"Karthus is a very easy match up for Renekton, as Karthus's lack of mobility prevents him from being able to escape Renekton's jaws of death. When playing vs Karthus, try to always avoid being hit by his Q by always moving side to side. Whenever you have E up, you can try to force heavy trades to instantly kill Karthus on demand. If Karthus takes exhaust try to hold your damage until it wears off, Karthus will typically use exhaust if he's on low HP. Karthus cannot really do much against Renekton to snowball, however he's always able to use his R to get kills within the game. Try to ping or warn your teammates of his R to prevent him getting free kills. Within teamfights, Renekton can essentially do anything he wants, however try to avoid instantly killing Karthus before any other major carries, as his damage passive allows him to apply additional damage after he is dead. ","(1) Level 1 E Start - Try to cheese PTA proc or Conq with E1 > 3 auto's > disengage with E2.

(2) Play For Level 2/3 Kill Angle - Once you chunk out Karthus you're most likely able to kill him with your W, Dash or Flash up. Look to shove the wave around your kill timer, so you're able to make Karthus lose a lot more. 

(3) Avoid Karthus Q Poke - Karthus’s main way of playing the game is simply using his Q to land damage onto his target. Try to utilise your movement side to side to avoid his damage, while also making him waste mana in the process. You can also use your dashes to easily avoid his damage, then look to one shot him while he is stuck in his Q cast animation. Another thing to note, is that Karthus Q does more damage when the target is isolated, so make sure to avoid tanking Q’s when you’re away from the wave. 

(4) Respect Karthus Passive - Whenever you kill Karthus, remember to respect his passive as it can easily obtain him kills if you’re low. Preventing Karthus from getting any gold is essential, so make sure to never hand him over any free gold or he will use it to hard snowball the game with his R. 

(5) Abuse Renekton's Early Game - In this match up Renekton is essentially able to do whatever he simply wants. With that said, really hone into your strong early to mid game strengths to help you dominate and win the game. Play to deny your enemy of gold and xp, play to proxy and generally lead any top side skirmishes with your insane lane advantage.

(6) Play Waves Accordingly - Simply assess whether or not you want to play for freeze, to help you deny XP and CS, while presenting yourself more opportunities to create fights. Or, play to shove waves to create proxy angles, tempo resets or create a dive opportunity. Renekton has all the cards to do whatever he wants with wave management. Also respect that if your laner tries to proxy, simply proxy back or coordinate a kill on them with your jungler.

(7) Heavy Trades - Being that Renekton carries a lot of high damage, Renekton is able to just jump on his target nearly at will. Whenever your laners present you with the ability to jump on them, simply take the opportunity to burst them as much as you can. If you didn't kill them already from that, use your options of freezing or your tower diving ability to help you finish off your opponent.

(8) Respect Karthus R - Karthus R can help him obtain lots of kills through the game, as he can use it to deal damage to enemies from across the map. When playing vs Karthus, you can’t really do a lot to stop him from getting kills unless he ults right in front of you, in which you can cancel his R with your W. Overall, try to be wary of low HP plays as his R can easily help him trade 1 for 1 against you in these moments. 

(9) Build Eclipse, Stridebreaker or Profane - Go Eclipse for consistent power through mid game and damage mitigation with the shield. / Go Stridebreaker to cripple Karthus’s mobility and provide teammates with additional utility. / Go Profane for full damage focused playstyles.

(10) Mid Game + Teamfighting Tips - Karthus’s role in the game will always exist based upon his R, and how much of a clutch ability it is for him to come back. With that said, buying MR or getting your team to get MR is pretty good in order to survive his overall damage and allow you to easily win fights. Karthus’s power is utilising his passive in teamfights, but we can take that overall power away by allowing ourselves to split push in side lane. Karthus can’t really stop Renekton solo from tanking towers, meaning he always puts himself in harm's way to die to an easy one shot combo. Killing Karthus first in skirmishes or bringing him away from the teamfights will always result in an easier way to play the game, as long as your team doesn’t coin flip a fight until he is dead. When it comes to teamfights, simply play towards your overall win condition of killing his main carries. Wasting your damage on Karthus in a teamfight is usually int because of his passive, so make sure to kill his other carries as they hold a lot more value in these situations. 
",Coming Soon
Kassadin,Easy - 2/10,PTA / Conq > Resolve / Inspiration,Doran's Blade / Long Sword,Ignite / Teleport / Ghost + Flash,Q3 > W > E,"Kassadin is a very free match up for Renekton, as Renekton can completely zone him off the minion wave and force any kills at will. Renekton raw damage completely destroys Kassadin's attempts at being able to play safe, allowing Renekton to always freeze the wave to deny Kassadin any attempts of being able to scale. Once Kassadin reaches level 6, Renekton can still hard abuse his 6 sec CD R with his 2 dashes, allowing him to go for one shots and punish Kassadin for aggressive posturing. All Kassadin can do is look for free kills out of roams, or lane swap to help him farm in side lane. Try to always ping his whereabouts on the map if he tries to roam, as well as asking to swap with your other laner if you want to keep putting Kassadin behind. Within the later stages, Kassadin will scale into a beast at level 16, however Renekton's W lock down is enough to always force Kassadin into terrible circumstances.","(1) Level 1 Q or E Start - As mentioned through other notes, playing off Q and E both require different plays, however in this match up you can essentially do either of them and have pretty good success. With that said, play around the strengths of level 1 and look for a level 2 kill. 

(2) Play For Level 2/3 Kill Angle - Once you chunk out Kassadin you're most likely able to kill him with your W, Dash or Flash up. Look to shove the wave around your kill timer, so you're able to make Kassadin lose a lot more.

(3) Play Wave On Your Side - Playing the wave on your side essentially means playing wave states on your side of the map, via abusing wave manipulation tactics or freezing on your side of the map. Simply use this to help you combo on your laner, taking away any space from them being able to trade you back (This also helps prevent the enemy running you down with their extended or sustained movement speed abilities). You can also use this wave state to run down your opponent with your abilities up, helping you obtain kills a lot easier vs stalemate or ranged match ups. Look to do this when your opponents are below 50% HP, or potentially make a mistake to provide you an all in opportunity to run them down. 

(4) Heavy Trades - Being that Renekton carries a lot of high damage, Renekton is able to just jump on his target nearly at will. Whenever your laners present you with the ability to jump on them, simply take the opportunity to burst them as much as you can. If you didn't kill them already from that, use your options of freezing or your tower diving ability to help you finish off your opponent.

(5) Abuse Renekton's Early Game - In this match up Renekton is essentially able to do whatever he simply wants. With that said, really hone into your strong early to mid game strengths to help you dominate and win the game. Play to deny your enemy of gold and xp, play to proxy and generally lead any top side skirmishes with your insane lane advantage.

(6) Ping Kassadin Roams - Kassadin can’t really do anything towards Renekton within the laning phase, so try to actively ping Kassadin’s attempts to roam as that’s his only win condition in being able to snowball kills. When pinging Kassadin’s roams, try to abuse your wave clear and try to take plates while he isn’t in the lane. 

(7) 3 Points Q > W Max - This playstyle allows you to constantly have W’s to help you stay onto Kassadin while abusing your high damage ratios, allowing you to easily snowball and permanently shutdown Kassadin within all stages of the game. Make sure to put 3 points into your early wave clear and poke, then look to max W throughout the rest of your points. Once completed, max your E for additional mobility to help enable your up close stun abusing playstyle.   

(8) Build Eclipse, Black Cleaver, Stridebreaker or BoTRK - Go Eclipse for consistent power through mid game and damage mitigation with the shield. / Go Black Cleaver for additional CDR and other versatile stats for utility based gameplay. / Go BoTRK to one shot and snowball with a damage focused build. 

(9) Mid Game + Teamfighting Tips - Typically within this match up, Kassadin should already be giga behind within the game, as his overall laning ability is far too weak to be able to safely play within the early game. Kassadin’s overall job within the mid game, is trying to farm up in side lane with the objective of farming towards his core level 16 powerspike, on top of his core burst and mana heavy items. Within this stage, you should try to abuse your lead by spreading it across the map and trying hard to end the game as fast as possible. Attempt to be at every objective, tower secure, skirmish and look to abuse your lead within teamfights. If you throw any gold or grief your timer in the game, Kassadin will slowly come back and eventually hard snowball out of control. When it comes to side lane, Renekton can easily handle Kassadin within the side lane as his overall power and items are simply too much for Kassadin to handle. Try to look for isolated kills on Kassadin, then look to hard split or join up for teamfights. When teamfighting, you can essentially ignore Kassadin if he’s weak and just focus on his team’s main carries, as once they’re out of the game Kassadin will most likely not be able to do anything. If Kassadin is fed, try to look for a stun on Kassadin’s R engage, as that is always enough to completely shut down Kassadin within a fight. 
",Coming Soon
Katarina,Easy - 2/10,PTA / Conq > Resolve / Inspiration,Doran's Blade / Long Sword,Ignite / Teleport / Ghost + Flash,Q3 > W > E,"Katarina is a free match up for Renekton to snowball against, as his high damage and mobility allows him to easily nuke and prevent Katarina from doing anything within the lane. Katarina's only way of escape is using incoming minons waves near her tower to help her disegnage away.  Try to let the waves always meet in the middle before going for fights, as this takes away Katarina's ability to escape as well as forces her into a terrible circumstance. Katarina's only chance to win is by using her roaming ability to help her pick up kills. Try to always ping Katarina's whereabouts and punish her for leaving the lane. In teamfights, Renekton can always stop Katarina from using her R with his W, allowing him to easily lock her down and kill her with his team.","(1) Level 1 Q or E Start - As mentioned through other notes, playing off Q and E both require different plays, however in this match up you can essentially do either of them and have pretty good success. With that said, play around the strengths of level 1 and look for a level 2 kill. 

(2) Play For Level 2/3 Kill Angle - Once you chunk out Katarina you're most likely able to kill her with your W, Dash or Flash up. Look to shove the wave around your kill timer, so you're able to make Katarina lose a lot more. 

(3) Track Katarina daggers - Katarina’s whole gameplay revolves around playing off her daggers, which she can create using her Q or W. When using these a dagger will drop onto the ground, allowing Katarina the ability to dash or deal damage when walking onto them. Make sure to always be aware of where she is using them, as this can help provide you the foresight of where she will go towards. If you’re low in the lane, Katarina will look to E onto her Q dagger to deal damage or look for a kill. If Katarina is low or you engage, she will use her W dagger to reposition herself away with her movement speed, or use her E to blink back towards the dagger. If you can read the situation and see how she plays off them, you will be able to easily cut her off or prevent her engage combos. 

(4) Understand Katarina E - Now that we covered her dagger playstyle and how she uses her E, it’s also important to understand she can also E onto minions and enemies. Katarina E when picking up a dagger also refunds 78%>96% CD based on level, meaning that she can potentially always have her blink the later the game gets. Katarina’s E, while seemingly strong, is actually entirely dependent on the wave states. When each wave arrives within the lane, Katarina can instantly blink towards her own minions, meaning if she gets ganked she can easily avoid it with a simple click of a button. However, this only applies if the wave is crossing past the turret, meaning if the wave is met in the middle of the lane, Katarina simply cannot easily reach her tower, making her a sitting duck in the process when it comes to Renekton. Renekton can easily force trades onto Katarina within this wave state, so make sure to wait for the wave when it’s in the middle or on your side to prevent Katarina from escaping. 

(5) Play Wave On Your Side - Playing the wave on your side essentially means playing wave states on your side of the map, via abusing wave manipulation tactics or freezing on your side of the map. Simply use this to help you combo on your laner, taking away any space from them being able to trade you back (This also helps prevent the enemy running you down with their extended or sustained movement speed abilities). You can also use this wave state to run down your opponent with your abilities up, helping you obtain kills a lot easier vs stalemate or ranged match ups. Look to do this when your opponents are below 50% HP, or potentially make a mistake to provide you an all in opportunity to run them down. 

(6) Heavy Trades - Being that Renekton carries a lot of high damage, Renekton is able to just jump on his target nearly at will. Whenever your laners present you with the ability to jump on them, simply take the opportunity to burst them as much as you can. If you didn't kill them already from that, use your options of freezing or your tower diving ability to help you finish off your opponent.

(7) Abuse Renekton's Early Game - In this match up Renekton is essentially able to do whatever he simply wants. With that said, really hone into your strong early to mid game strengths to help you dominate and win the game. Play to deny your enemy of gold and xp, play to proxy and generally lead any top side skirmishes with your insane lane advantage.

(8) Ping Katarina Roams - Katarina’s strongest part of her kit is based within her low CD and resets, making her a very dangerous skirmish based champion. Katarina will function towards looking for low HP targets to help her snowball her potential dark seal stacks, while trying to reset her CDs for additional damage within the fights. As Renekton, we want to always prevent Katarina with the ability to roam by making sure we spam ping constantly when she’s not in the lane, as well as perma shoving as soon as she’s gone. Playing to maker her miss XP and gold, on top of obtaining plates is very important in these situations, as even in the worst case we get something if Katarina manages to. 

(9) Cancel Katarina R With W - Katarina’s R is a very dangerous ability with how much damage it is able to do, on top of it applying on hit effects, as well as its own ability to set up her crazy reset ADHD playstyle. While it’s a very crazy ability, Renekton W is by far one of her biggest counters with how easily he can stun her and cancel it out completely. With that said, try to always hold your W within low HP situations or teamfights, as you will be able to instantly cancel it out, allowing you to set up easy kills individually or with your own team. 

(10) 3 Points Q > W Max - This playstyle allows you to constantly have W’s to help you stay onto Katarina while abusing your high damage ratios, allowing you to easily snowball and permanently shutdown Katarina within all stages of the game. Make sure to put 3 points into your early wave clear and poke, then look to max W throughout the rest of your points. Once completed, max your E for additional mobility to help enable your up close stun abusing playstyle.  

(11) Build Eclipse, Stridebreaker or BoTRK - Go Eclipse for consistent power through mid game and damage mitigation with the shield. / Go Stridebreaker to cripple Katarina’s mobility and provide teammates with additional utility. / Go BoTRK to one shot and snowball with a damage focused build.

(12) Mid Game + Teamfighting Tips - Katarina’s strengths through the mid to late game, are trying to create chaotic and advantageous skirmishes or teamfights, essentially baiting out the enemy abilities with her high mobility, while searching for the right time to jump in and abuse her kit. Katarina’s probability of insta winning teamfights completely depends on how much you and your team prioritises her. A few big mistakes to avoid vs Katarina, are ignoring Katarina within the fights, allowing her to get off her R and resets to win fights. Another mistake is ignoring her roams and rotations, allowing her to pick off free kills and snowball for free. To play against Katarina you need to always pay attention and spam ping her whereabouts on the map, to prevent her getting free kills to snowball. Within teamfights, try to always look for Katarina with the intention of holding your stun. Once Katarina shows up, try to instantly prioritise W’ing her when she jumps into your team, as doing this allows you to instantly lock her down allowing you and your team to easily shut her down. 
",Coming Soon
Kayle,Easy - 2/10,PTA / Conq > Resolve / Inspiration,Doran's Blade / Long Sword,Ignite / Teleport / Ghost + Flash,Q > E > W or Q3 > W > E,"Renekton completely destroys Kayle early, providing him a clear objective of trying to deny her as much gold as he can to prevent her inevitable scaling threat. Renekton's only threat from Kayle early consists of her level 1, where she will try to force a fight with her lethal tempo and Q start. Renekton simply should play for his level 2 powerspike, which allows him to skill W or E, allowing him to completely burst or kill Kayle if she's playing wrecklessly. Post level 3, Renekton needs to always play the wave states on his side of the map, as he can abuse Kayle's low range from being able to touch the minion wave. Each time Kayle steps up, Renekton can force double dash trades, using his heavy damage to easily out trade and punish Kayle for stepping up. Each time Kayle is low near her tower, Renekton can force tower dives against her. If Kayle has R, Renekton can fake tower diving by walking into her with or without W active, allowing him to easily bait her R to dive her by the next minion wave. After stomping Kayle, Renekton should try to roam the map and use his lead to hard win the mid game. Failing to end before level 16 and 3 items, Kayle will completely uturn the game and force her stong damage to win the game.","(1) Respect Kayle Level 1 - Kayle’s level 1 is one of Kayle’s misunderstood strengths, as she can easily out duel you with either Lethal Tempo or PTA. Kayle can actually hard bully Renekton level 1, meaning sometimes we might have to defensively take W just to keep her at bay. By level 2 and 3 Renekton can play the lane normally, but make sure before reaching that point you space adequately and avoid trading auto attacks at all costs. 

(2) Level 1 Q or W Start - As mentioned through other notes, playing off Q and E both require different plays, however in this match up you can essentially do either of them and have pretty good success. Q start is preferred if Kayle isn’t posturing aggressively, allowing you to hit the wave and reach level 2 before her. If Kayle is aggressive posturing, skill W to AA > W her, into moving towards your side of the minion wave. Wait back for W, then look for an empowered W trade if she tries again. 

(3) Play For Level 2/3 Kill Angle - Once you chunk out Kayle you're most likely able to kill her with your W, Dash or Flash up. Look to shove the wave around your kill timer, so you're able to make Kayle lose a lot more. 

(4) Abuse Kayle’s Early Game - Renekton can practically do whatever he wants to Kayle once he reaches level 3, so make sure you play specifically to keep waves on your side, while looking for heavy trades and aiming to tower dive her when she is low. Alternatively, playing to deny her and set her back is very important, to which you should always aim for this instead of playing for hard pushes and trying to search for kills. If you freeze vs Kayle, the kills will most often come to you.

(5) Play Wave On Your Side - Playing the wave on your side essentially means playing wave states on your side of the map, via abusing wave manipulation tactics or freezing on your side of the map. Simply use this to help you combo on your laner, taking away any space from them being able to trade you back (This also helps prevent the enemy running you down with their extended or sustained movement speed abilities). You can also use this wave state to run down your opponent with your abilities up, helping you obtain kills a lot easier vs stalemate or ranged match ups. Look to do this when your opponents are below 50% HP, or potentially make a mistake to provide you an all in opportunity to run them down. 

(6) Heavy Trades - Being that Renekton carries a lot of high damage, Renekton is able to just jump on his target nearly at will. Whenever your laners present you with the ability to jump on them, simply take the opportunity to burst them as much as you can. If you didn't kill them already from that, use your options of freezing or your tower diving ability to help you finish off your opponent. 

(7) Rush Tier 2 Boots - A good Kayle will most likely rush boots into Renekton, making her overall trading and kiting ability a lot more infuriating if you’re playing strictly for item rush. I personally prefer building boots, as my combat ability is only improved once building them. As long as I can stay on top of Kayle that’s ultimately what matters, as Renekton’s base damage with abilities and R is also enough to still give me damage to successfully kill her. 

(8) Respect And Punish Kayle R - When playing against Kayle, it’s very important to understand the pattern of how she uses her R. Kayle will either R when she’s in her enemies kill range, if she’s trying to protect and peel for her carries, or use her R to block any major damage abilities. As Renekton, we’re able to bait out her R in a low of ways, as we can successfully mind game her by either: Baiting a trade against her with our E when she’s low HP, allowing us to bait her R then hold our damage until it goes away. Or. Walking up to Kayle on low HP activating our W, baiting out her R before we use our own W. Later on, Kayle may instantly use it at full HP when you dash onto her, in which you should hold your abilities, then use them right after her R cast ends. 

(9) 3 Points Q > W Max - This playstyle allows you to constantly have W’s to help you stay onto Kayle while abusing your high damage ratios, allowing you to easily snowball and permanently shutdown Kayle within all stages of the game. Make sure to put 3 points into your early wave clear and poke, then look to max W throughout the rest of your points. Once completed, max your E for additional mobility to help enable your up close stun abusing playstyle. Overall, W max allows you to stun Kayle longer to prevent her auto attacking playstyle, allowing you to have more duelling power in the ability to fight Kayle in longer periods of the game.

(10) Build Eclipse, Stridebreaker or BoTRK - Go Eclipse for consistent power through mid game and damage mitigation with the shield. / Go Stridebreaker to cripple Kayle’s mobility and provide teammates with additional utility. / Go BoTRK to one shot and snowball with a damage focused build.

(11) Mid Game + Teamfighting Tips - Kayle’s overall power within the game solely depends on how good your laning phase was, as if you play it correctly you will be able to hard put Kayle behind, to the point where she is unable to join any fights or play towards any objectives. Renekton’s overall goal within the Kayle match up is simply hard putting her behind, then using his early game lead to completely dominate the map, with the objective of ending the game before Kayle scales. Within most cases, regardless of her lead Kayle will always try hard to farm towards her level 16 and Deathcap powerspike, as at this stage she will be literally god tier level of powerful. If Kayle is split pushing, try to either kill her with your fed lead or get your team to jump onto her before any major objectives, as this will allow you to prevent her using her late game advantage. Within teamfights, try to either one shot Kayle as fast as you can, otherwise she will try to use ult and then auto attack with it active. Try to get your teammates to fully commit to Kayle, by playing off your flash W with the intention of all jumping on her. Alternatively, if Kayle isn’t there in the fights, you should try to instantly look to fight as not having Kayle in these situations is absolutely gigantic. Overall, Kayle’s late game can be hard to manage, so do your best to find winning plays and play to kill her in isolation, or play to kill her team and secure Baron.
",Coming Soon
Kayn,Easy - 2/10,PTA / Conq > Resolve / Inspiration,Doran's Blade / Long Sword,Ignite / Teleport / Ghost + Flash,Q > E > W,"Kayn is a really free match up for Renekton, as Renekton's raw damage can completely overpower each time Kayn tries to fight. Kayn's objective into Renekton is to try and farm early passive stacks for his Rhaast, which while is his gameplan is also suicide. Renekton can brute force kills on Kayn at will if he tries to walk up towards him, only with Kayn's level 1 being a minior threat towards Renekton. Once Renekton snowballs hard enough, he's able to buy Eclipse and Executioners, allowing him to easily kill Kayn's Rhaast form, as well as continuing his top side snowball. After winning lane, Renekton can look to use his lead around his teammates, providing him the ability to play for objectives and win teamfights.","(1) Respect Kayn Level 1 - Kayn is an absolute psycho of a champion, whose entire goal and identity is trying to force fights off CD until he gains his form. Top lane Kayn, can either play to proxy level 1, or he can play to instantly fight you with Q start and Conqueror. To stop Kayn from proxying level 1, walk with your minion wave level 1 to prevent him from doing this, as if Kayn does show up, you can take W start and try to force a kill onto him. When the lane normally starts, Renekton can’t really fight Kayn level 1 due to his lower CD on Q, as well as his overall wave clear and damage to reach level 2 before Renekton. As Renekton, try to sit back and take short AA Q trades if he engages. If Kayn is playing safe, try to abuse hitting level 2 first to help you force a level 2 fight. 

(2) Play For Level 2/3 Kill Angle - Once you chunk out Kayn you're most likely able to kill him with your W, Dash or Flash up. Look to shove the wave around your kill timer, so you're able to make Kayn lose a lot more. 

(3) Abuse Renekton's Early Game - In this match up Renekton is essentially able to do whatever he simply wants. With that said, really hone into your strong early to mid game strengths to help you dominate and win the game. Play to deny your enemy of gold and xp, play to proxy and generally lead any top side skirmishes with your insane lane advantage.

(4) Take Advantage of Kayn’s Power INT - Kayn will 100% try to prema fight you off CD to get stacks, so make sure to fully hone into heavy trades and look to kill him on repeat if he tries this. Once you’re able to sustain a lead, you can try to zone him off his minion wave behind his turret, allowing you to proxy or force kills on him if he doesn’t use W within the wall.

(5) Cancel Kayn’s W - Kayn’s W earlier on before his form can be cancelled, leaving him in terrible situations when he’s trying to escape through the walls. As Renekton, whenever he’s trying to fight us for stacks, Kayn will try to run away and heal within the wall to prevent him being at death’s door. However if we hold our W, we can use this to completely cancel his W to stop him from escaping, leaving us the ability to easily stat check and kill him in the rest of a fight.

(6) Heavy Trades - Being that Renekton carries a lot of high damage, Renekton is able to just jump on his target nearly at will. Whenever your laners present you with the ability to jump on them, simply take the opportunity to burst them as much as you can. If you didn't kill them already from that, use your options of freezing or your tower diving ability to help you finish off your opponent.

(7) Play Waves Accordingly - Simply assess whether or not you want to play for freeze, to help you deny XP and CS, while presenting yourself more opportunities to create fights. Or, play to shove waves to create proxy angles, tempo resets or create a dive opportunity. Renekton has all the cards to do whatever he wants with wave management. Also respect that if your laner tries to proxy, simply proxy back or coordinate a kill on them with your jungler.

(8) Respect Rhaast Powerspike - After Kayn completely sprints it down, he will be able to obtain his Rhaast form, allowing him to sustain much more effectively through combat, as well as having more damage and obtaining a knock up to help him win fights. Renekton at this point should already be strong enough to fight him, however if you’re not utilising Ignite then make sure to take Executioner’s to completely gut his healing through a fight. Do note that once Kayn R’s with his Rhaast form, he can also heal up towards his full HP bar, making it SUPER necessary to have healing reduction.

(9) Abuse Renekton's R Powerspike - Once you reach level 6 your ultimate will essentially help you consistently stat check and dominate any match ups you were winning or losing. Make sure to always wait for your R CD to help you make plays, otherwise it will lead you towards a major disadvantage in dueling your enemies. 

(10) 3 Points Q > W Max - This playstyle allows you to constantly have W’s to help you stay onto Kayn while abusing your high damage ratios, allowing you to easily snowball and permanently shutdown Kayn within all stages of the game. Make sure to put 3 points into your early wave clear and poke, then look to max W throughout the rest of your points. Once completed, max your E for additional mobility to help enable your up close stun abusing playstyle.  

(11) Build Eclipse, Black Cleaver or BoTRK - Go Eclipse for consistent power through mid game and damage mitigation with the shield. / Go Black Cleaver for additional CDR and other versatile stats for utility based gameplay. / Go BoTRK to one shot and snowball with a damage focused build. 

(12) Mid Game + Teamfighting Tips - Once Kayn reaches the later stages of the game, Kayn will want to play for chaotic skirmishes around his team, using his Rhaast form to initiate with his knock up, as well as abuse his high sustain playstyle. Kayn does a lot of damage at these stages based around his Q’s target maximum HP damage, as well as having very low CDR to spam in the process. As Renekton, your overall goal is trying to utilise healing reduction against Kayn, while playing off our W max playstyle to constantly stun and lock Kayn into place. The less CC we have, the harder it will be to shut down Kayn, so make sure to opt into maxing your W to make the game a lot easier. Overall, try to avoid fights without your full team members, try to pick off or kill easy targets within the fight before trying to fully commit against Kayn. If we’re playing to frontline and protect our team, try to stun lock him down and use empowered E to shred any potential armour he also has against your team. 
",Coming Soon
Kennen,Hard - 7/10,PTA > Resolve ,Doran's Shield,Ignite / Teleport + Flash,Q > E > W,"Kennen is a pretty difficult match up, as his range and mobility provide him the ability to keep Renekton at range. Despite it being somewhat difficult, Renekton can use Second Wind and Doran's Shield to help him out sustain Kennen's damage, as well as providing Renekton more trading opportunities. Something Renekton can do, is that he can use his E to double dash onto Kennen, allowing him to time his W onto Kennen's W animation, providing Renekton the ability to deal damage and look for his main source of damage. Renekton's first major buys can be either Mercury Treads to avoid being stunned as long, or he can buy straight into damage, allowing him to easily deal with Kennen. Once Renekton has Mercs and is successfully playing around his passive, Kennen cannot really do much if Renekton jumps onto him. Kennen's main role within the game is simply looking to flash R, so make sure to watch every flank point and make sure to stun Kennen before he jumps into range of your team. ","(1) Level 1 E Start - Try to cheese PTA proc or Conq with E1 > 3 auto's > disengage with E2.

(2) Play For Level 2/3 Kill Angle - Once you chunk out Kennen you're most likely able to kill him with your W, Dash or Flash up. Look to shove the wave around your kill timer, so you're able to make Kennen lose a lot more. 

(3) Play For Sustain Early - Kennen’s early power can definitely deter Renekton from many aggressive trades, due to playing around Kennen’s stun as well as respecting Kennen’s overall burst damage if he lands his abilities. To make the lane a lot easier, make sure to build D Shield and take Second Wind to help you sustain through his damage. Going both of these allows you to provide more trading patterns within the laning phase.

(4) Respect Kennen Stun Passive - The way Kennen’s stun works, is that he can apply 3 stacks of his passive towards a target, allowing him to stun them 1.25 seconds as well as gaining back 25 energy. This is a core element to play around Kennen, as if Renekton typically dashes into Kennen. Kennen can use his Q E W, or passive stun auto, Q, W to help him disengage and stun Renekton before he’s able to trade any damage back. As Renekton, we need to play around his passive stacks, as once he uses his stun auto we can look to trade against Kennen if we’re quick enough with our timing. Alternatively, we can also try to bait his abilities using our short click movement, to walk in and out to bait Q’s to prevent him from having an additional stack for his passive if we dash onto him.

(5) Punish Kennen W - Kennen’s W allows him to speed away from his targets, on top of allowing him to do deal damage and apply a passive stack. His W is usually his core ability that prevents Renekton from getting satisfactory trades. However, if we’re able to dodge Kennen Q and avoid his passive stun auto, we can look to double dash onto Kennen from the minion wave, allowing us to land on top of him while in his W animation, presenting the opportunity to W AA Q him, giving us a decent amount of damage, while allowing us to setup future kill trades onto him. Being able to stun Kennen within his W, also allows us to cut his overall timing of escape, preventing him from being able to kite us, while presenting the ability to kill him in post 6 fights. 

(5) Use Minions Effectively - This point essentially means we can use minions to weave in between to avoid Kennen’s Q’s, or use them to make him auto attack a low HP minion with his passive. If we’re able to use the minions to our advantage, we can also create trading or all in opportunities to help us kill Kennen within the lane.

(6) Rush Mercury Treads - Mercury Treads rush allows us to make the lane a whole lot easier, as we’re able to easily break out of Kennen’s stun, lower his overall AP damage and provide us with the mobility to stick onto Kennen within fights. When we also trade CC in fights, Renekton’s able to escape Kennen’s stuns a lot faster making him pretty uncontestable within fights.

(7) Quick Trades - E > Q > AA  > W > AA > E Out / E > Q > W > E / E Q E - These combos allow for Renekton to get quick damage off in being able to keep health up and whittling his opponent down, use these to get your laner low and look for a low HP kill with flash. 

(8) Respect Kennen R CC Combo - Kennen’s R is absolutely massive for a game changing play, as it’s pretty OP within skirmishes or teamfights. Kennen R allows him to apply AoE damage and stuns across a fight, also synergising with his passive to potentially reach double stuns off on a single target. When playing around it in lane, try to use your mercury treads to counter his incoming stuns. You can also bait Kennen R by using E1 to engage, then use E2 to instantly disengage if either of you are lower HP in the lane. Within later stages of the game, try to ward or spot flank attempts with Kennen’s TP to stop him from utilising a max value R.

(9) Abuse Renekton's R Powerspike - Once you reach level 6 your ultimate will essentially help you consistently stat check and dominate any match ups you were winning or losing. Make sure to always wait for your R CD to help you make plays, otherwise it will lead you towards a major disadvantage in dueling your enemies. 

(10) Go Hexdrinker, Eclipse, Stridebreaker or Profane - Go Hexdrinker to lower Kennen’s overall damage and have a MR shield. / Go Eclipse for consistent power through mid game and damage mitigation with the shield. / Go Stridebreaker to cripple Kennen’s mobility and provide teammates with additional utility. / Go Profane for full damage focused playstyles.

(11) Mid Game + Teamfighting Tips - Kennen’s whole mid to late game objective, is playing for TP or opposite side flank engages. Kennen’s whole identity is trying to amass a CS lead within the side lane, trying to build towards rocket belt, shadowflame and deathcap, with the intention of looking for a TP or roam play, allowing him to flank from behind and land a giant AoE R, to nuke his opposing targets. Kennen’s overall playability resides in being able to get into the centre of fights, meaning if you can stop him with your stun before he enters the fight, this will cut his chances of being able to be relevant within the fights. When it comes to direct teamfights, try to always watch where Kennen’s position is, then once Kennen tries to engage, try to block his path by using your W and R to block his ability to directly get into range. If you’re able to protect your teammates from his flank, you will essentially win the fight from your utility and damage potential. After Kennen has no R, try to play around either protecting your carries from any other remaining damage, or look to flash or dash onto his backline with the intention of killing his carries. 
",Coming Soon
Kha'zix,Easy - 1/10,PTA / Conq > Resolve / Inspiration,Doran's Blade / Long Sword,Ignite / Teleport / Ghost + Flash,Q3 > W > E,"Kha'Zix is a complete troll pick into Renekton, as Renekton's way of playing will constantly take away from Kha'Zix assassin style of playstyle. Kha'Zix's core stats are simply too weak to fight Renekton, however if Renekton has no cooldowns and is fighting in isolation, Kha'zix can do a lot of damage to help him secure his kills. Make sure to always be around minions or your team when fighting Kha'Zix, as he won't be able to utilise his isolation passive. Through the rest of the game, his only role will be trying to pick off any squishy targets, in which we counteract this by focusing him as soon as he appears in vision. ","(1) Respect Kha'Zix Isolation Passive - Kha’Zix’s main strength within duels is abusing his passive, which allows him to deal bonus damage based on his targets being isolated. Alongside this, Kha’Zix’s auto attack also slows and deals bonus damage every time he goes out of vision through using bushes, or using his R. When fighting Kha’Zix early, try to prevent being away from your minions as he’s unable to abuse his isolation damage, giving him essentially no damage to really compete against Renekton.

(2) Level 1 Q or E Start - As mentioned through other notes, playing off Q and E both require different plays, however in this match up you can essentially do either of them and have pretty good success. With that said, play around the strengths of level 1 and look for a level 2 kill. 

(3) Play For Level 2/3 Kill Angle - Once you chunk out Kha’Zix you're most likely able to kill him with your W, Dash or Flash up. Look to shove the wave around your kill timer, so you're able to make Kha’Zix lose a lot more. 

(4) Abuse Renekton's Early Game - In this match up Renekton is essentially able to do whatever he simply wants. With that said, really hone into your strong early to mid game strengths to help you dominate and win the game. Play to deny your enemy of gold and xp, play to proxy and generally lead any top side skirmishes with your insane lane advantage.

(5) Heavy Trades - Being that Renekton carries a lot of high damage, Renekton is able to just jump on his target nearly at will. Whenever your laners present you with the ability to jump on them, simply take the opportunity to burst them as much as you can. If you didn't kill them already from that, use your options of freezing or your tower diving ability to help you finish off your opponent.

(6) Play Waves Accordingly - Simply assess whether or not you want to play for freeze, to help you deny XP and CS, while presenting yourself more opportunities to create fights. Or, play to shove waves to create proxy angles, tempo resets or create a dive opportunity. Renekton has all the cards to do whatever he wants with wave management. Also respect that if your laner tries to proxy, simply proxy back or coordinate a kill on them with your jungler.

(7) Ping Kha'Zix Roams - Kha’Zix cannot really achieve much into Renekton, so he’s most likely choice to play the game is to look for skirmishes or roam towards mid lane. Kha’Zix’s damage can always be impactful if he’s able to isolate his targets, therefore providing him a comeback condition in being able to snowball the game. Try to always ping Kha’Zix’s roam attempts whenever he isn’t in the lane, and if your jungler is trying to skirmish for a river or grubs, make sure to prioritise those objectives to help you snowball through top side of the map.

(8) 3 Points Q > W Max - This playstyle allows you to constantly have W’s to help you stay onto Kha’Zix while abusing your high damage ratios, allowing you to easily snowball and permanently shutdown Kha’Zix within all stages of the game. Make sure to put 3 points into your early wave clear and poke, then look to max W throughout the rest of your points. Once completed, max your E for additional mobility to help enable your up close stun abusing playstyle.  

(9) Build Eclipse, Black Cleaver or BoTRK - Go Eclipse for consistent power through mid game and damage mitigation with the shield. / Go Black Cleaver for additional CDR and other versatile stats for utility based gameplay. / Go BoTRK to one shot and snowball with a damage focused build. 

(10) Mid Game + Teamfighting Tips - Kha’Zix’s main role towards the game, is using his assassin based playstyle to help him burst down carry targets to help him gain objective or tower priority. Kha’Zix’s whole playstyle simply works around his stealth, using his R to set up his engages towards a target, or playing on fog of war waiting for people to walk into his isolated range. As Renekton, his damage doesn’t really offer us any problematic situations, however for our teammates it’s very much in our best interest to make sure we stick to them in any mid game objective timers. Using wards to spot out his initial flank positions is very important, or being able to use red trinkets will help us locate his movements. Typically if Kha’Zix breaks stealth, we can use our W to stun Kha’Zix in place, allowing us to easily one shot him with how squishy he is. Overall, being that he’s a top lane Kha’Zix, his overall power level will be a lot weaker than he would be in the jungle, however we should play with the intent to always protect our teammates from his play making potential as that’s enough to help him obtain objectives for his team.
",Coming Soon
Kindred,Easy - 2/10,PTA > Resolve / Inspiration,Doran's Blade / Doran's Shield,Ignite / Teleport / Ghost + Flash,Q > E > W,"Kindred is a pretty horrible laner all things considered, hence why as a top laner she is very easy to deal with compared to her jungle counterpart. Just like Bel'Veth, Kindred's overall scaling entirely depends on getting jungle camps and consistent kills, something she is not really able to get within the top lane. Renekton can basically do whatever he wants to her in this match up, as he can simply freeze wave states then look to force his trades as soon as she walks into range. To make the match up really easy, you can go Doran's Shield and Second Wind to help remove her ranged advantage within the match up. Kindred's only saving grace within the game is using her R within high profile teamfights. Make sure to hold your damage last second until her R goes off, allowing you to easily kill her or her team as soon as the R wears off.","(1) Level 1 E Start - Try to cheese PTA proc or Conq with E1 > 3 auto's > disengage with E2.

(2) Play For Level 2/3 Kill Angle - Once you chunk out Kindred you're most likely able to kill her with your W, Dash or Flash up. Look to shove the wave around your kill timer, so you're able to make Kindred lose a lot more. 

(3) Respect Kindred's Poke - Kindred’s poke isn’t as relevant as other marksmen picks within the top lane, however with PTA and her Q, Kindred is able to offer some resistance against Renekton within the lane. Make sure to use D Shield and Second Wind to take off her damage, while providing you the sustain to constantly fight whenever your abilities come up.

(4) Play Around Kindred's Passive Mark - Kindred as a laner absolutely sucks, however if there is some cheese strat where she roams in your jungle to get marks, make sure to ward points within your jungle to prevent her roaming for stacks or killing your jungler. Again, this is highly unlikely to happen, but if they’re playing Kindred top then expect the unexpected.

(5) Play Waves Accordingly - Simply assess whether or not you want to play for freeze, to help you deny XP and CS, while presenting yourself more opportunities to create fights. Or, play to shove waves to create proxy angles, tempo resets or create a dive opportunity. Renekton has all the cards to do whatever he wants with wave management. Also respect that if your laner tries to proxy, simply proxy back or coordinate a kill on them with your jungler.

(6) Abuse Renekton's Early Game - In this match up Renekton is essentially able to do whatever he simply wants. With that said, really hone into your strong early to mid game strengths to help you dominate and win the game. Play to deny your enemy of gold and xp, play to proxy and generally lead any top side skirmishes with your insane lane advantage.

(7) Heavy Trades - Being that Renekton carries a lot of high damage, Renekton is able to just jump on his target nearly at will. Whenever your laners present you with the ability to jump on them, simply take the opportunity to burst them as much as you can. If you didn't kill them already from that, use your options of freezing or your tower diving ability to help you finish off your opponent.

(8) Respect Kindred R - Kindred’s R is the only saving grace within the match up for Kindred, as she can counter any Renekton one shot combos by using her R on herself or low HP targets. As Renekton, if we do have the damage we can essentially one shot Kindred fast enough in our stun, however if we don’t have the damage then avoid looking for flash W’s without it being a guaranteed kill onto your target. When Kindred has ulted, make sure to hold your abilities up until she or her targets exit the ult, allowing us to finish off our target effectively.

(9) Build Eclipse, Stridebreaker or Profane - Go Eclipse for consistent power through mid game and damage mitigation with the shield. / Go Stridebreaker to cripple Kindred’s mobility and provide teammates with additional utility. / Go Profane for full damage focused playstyles.

(10) Mid Game + Teamfighting Tips - Kindred’s overall utility and power within the laning phase should be a lot weaker compared to her jungle playstyle, due to the fact her ability to get passive stacks is severely limited being in a solo lane. WIth that said, we should try to abuse our early advantage to completely dominate and win the game before she gets to scale. Kindred’s main strength is looking for targets while grouped with her team, as this allows her to obtain her marked stacks, on top of being able to use her R utility to protect and win the teamfights. As mentioned, when it comes to team fights simply play with your advantage to engage on her and her backline, with the intent of one shotting any of her carries or making her burn her R for your team. I personally don’t think there’s really a way to mess up against Kindred when she’s severely behind as a laner, so as long as you ping her movements and prevent her getting free picks, then Kindred will never be a problem. 
",Coming Soon
Kled,Medium - 5/10,PTA / Conq > Resolve / Inspiration,Doran's Blade / Doran's Shield,Ignite / Teleport + Flash,Q > E > W or Q3 > W > E,"Kled is an even match up that requires great movement to help abuse his linear style kit, allowing Renekton to brute force and win out any trades against him. Within the lane, try to walk side to side to dodge Kled's Q, as this prevents him poking Renekton down and setting up his E > Q onto Renekton. When fighting Kled, make sure your abilities are up at all times, as if he engages you can simply use W to disengage away from him, or you can deal heavy trades and force him off of his mount. Once Kled is off his mount, try to play around your W timer to allow you to finish off the kill and prevent Kled from getting back to his mount. Never W Kled on his last bit of mount HP, as your W will lose all value. Post 6 Renekton will overpower Kled within 1v1's, only presenting Kled the ability to look from roams with his R to maximise his champion ability. Try to always spam ping Kled's whereabouts and his path to potentially R. As long as we can correctly avoid Kled's R flanks, as well as protecting our teammates and using our W correctly, Kled won't be able to do much against Renekton.","(1) Level 1 Q Start - Try to push for level 2 advantage while poking Kled with your Q, while playing for push try to avoid Kled’s Q then look towards auto attacking and Q’ing him off the wave. On level 2 skill E/W use advantage to chunk out Kled, or look for the kill if it's there.

(2) Avoid Kled Q Poke - Kled’s Q throws a chain at his target, allowing him to attach and deal damage towards his target. Once the tether completes, the chain will pull back his target, dealing more damage and slowing them for 2.5 seconds. Kled’s Q goes from 11 to 7 seconds, presenting the ability to hard punish Kled if he misses. Most of the time, Kled will have a pattern when he tries to throw out his Q; Kled will throw Q if you’re walking towards him in a straight line, walking towards low HP minions or when Kled engages with his E. To avoid his Q, we can use short clicks to walk in and out, helping us to feint against Kled to bait out his Q if we’re walking up to him or any minions. Walking side to side also helps when vs Kled Q, as his Q hitbox will narrowly miss Renekton’s. Renekton can also use his E to dodge Kled’s Q, or he can use his E then side step to help him dodge it. If Kled misses Q, this most likely will present you the ability to all in.

(3) Respect Kled’s Dismount - Kled’s dismounted form is always worth respecting, as his quick ability to gain his mount back in an extended fight, allows him to completely cheese and turn around the fights. Doing extended trades with Kled is usually a bad idea, as his ability to regain W from auto attacking his targets, as well as getting back onto his mount usually leads to losing conditions. Renekton should always play around his abilities no matter what, as these will give him the ability to easily finish Kled and prevent him from getting back to his mount. A big tip against Kled whenever he is low and about to demount, is that you should always hold your W. Holding W allows you to use it in his demounted form, allowing you to finish off Kled with your high damage and stun, preventing Kled from being able to get his mount back. Do note, that if you use W on the last bit of HP of his mount, Kled will remove the rest of your W damage, severely taking away the damage you need to finish him off. 

(4) Avoid Kled W Hits - Kled’s W is another high profile ability we need to worry about when fighting him. Kled W allows his next 4 auto attacks to become empowered, providing 150% bonus attack speed, bonus physical damage and targets maximum HP as damage. Once Kled uses his W, he can lower the CD by 0.5 seconds for each minion hit, while hitting champions lowers Kled’s W by 1.5 seconds for each hit. Kled W is an absolutely high damage ability, so once Kled uses it by hitting minions, we should take advantage of the 13 second CD by forcing a quick trade. Once we use our abilities, we should disengage and avoid trading until they’re back up. Before fighting Kled try to pay attention to his glowing weapon, as that will indicate whether or not he has his W up. 

(5) Quick Trades - E > Q > AA  > W > AA > E Out / E > Q > W > E / E Q E - These combos allow for Renekton to get quick damage off in being able to keep health up and whittling his opponent down, use these to get your laner low and look for a low HP kill with flash. 

(6) Play Wave On Your Side - Playing the wave on your side essentially means playing wave states on your side of the map, via abusing wave manipulation tactics or freezing on your side of the map. Simply use this to help you combo on your laner, taking away any space from them being able to trade you back (This also helps prevent the enemy running you down with their extended or sustained movement speed abilities). You can also use this wave state to run down your opponent with your abilities up, helping you obtain kills a lot easier vs stalemate or ranged match ups. Look to do this when your opponents are below 50% HP, or potentially make a mistake to provide you an all in opportunity to run them down. 

(7) Respect Kled Roams - Kled’s roaming ability paired with his ult, allows Kled to be an absolutely giant threat within skirmishes and teamfights. If Kled manages to use his ult correctly, he can easily create many winning opportunities with his fast flanking ability in combination with his team. When playing vs Kled, try to always track his position on the map. If Kled is missing after shoving a wave or resetting back to base, make sure to ping your teammates to play back. Kled naturally falls off in his overall scaling ability, so making sure he gets nothing for his roams is very important. Once Kled is out of the lane, make sure to abuse his roams or backtimer by hard shoving the wave. Alternatively, shoving in waves can also help waste his R to help him get back to the lane, removing his strong ability to roam outside of the lane.

(8) 3 Points Q > W Max - This playstyle allows you to constantly have W’s to help you stay onto Kled while abusing your high damage ratios, allowing you to easily snowball and permanently shutdown Kled within all stages of the game. Make sure to put 3 points into your early wave clear and poke, then look to max W throughout the rest of your points. Once completed, max your E for additional mobility to help enable your up close stun abusing playstyle. Maxing W also allows you to take extended fights against Kled, providing additional stuns to further nullify Kled. 

(9) Abuse Renekton's R Powerspike - Once you reach level 6 your ultimate will essentially help you consistently stat check and dominate any match ups you were winning or losing. Make sure to always wait for your R CD to help you make plays, otherwise it will lead you towards a major disadvantage in dueling your enemies. 

(10) Build Plated Steelcaps, Eclipse, Black Cleaver or BoTRK - Go Plated Steelcaps to lower Kled’s overall damage and utilise the additional movement speed. / Go Eclipse for consistent power through mid game and damage mitigation with the shield. / Go Black Cleaver for additional CDR and other versatile stats for utility based gameplay. / Go BoTRK to one shot and snowball with a damage focused build. 

(11) Mid Game + Teamfighting Tips - Kled’s mid game role consists of creating chaotic skirmishes, allowing him to easily catch and pick targets towards obtaining major objectives. Kled within the mid game, will try to always look for wave crashes into roam timers. Kled will try to use R for most of his engages by using his R in the following ways: Kled will use R to flank behind the enemy team in teamfights, he will use his R against any isolated squishy targets, or he will use R to allow his team to easily initiate. Kled R is a core ability to play around, as one good R can simply allow him to provide so much value towards his team. Try to always look to disengage if you hear Kled R, as being able to avoid his R location will allow you and your team to escape his advantageous skirmish attempt. If you’re alone, use the R sound queue to avoid being caught out by him and his team. Overall, Kled really doesn’t offer more than his R provides, due to the nature of his weak scaling kit and easy to peel nature. Within teamfights, try to protect your carries from Kled’s E engage, using your stuns and high damage to help demount him faster. If Kled is much weaker in fights, try to focus down his carries as his overall role doesn’t allow him to peel hard enough for his carries. 
",Coming Soon
Kog'Maw,Medium- 6/10,PTA > Resolve / Inspiration,Doran's Blade / Doran's Shield,Ignite / Exhaust / Teleport + Flash,Q > E > W,"Kog'Maw is surprisingly difficult within the first few levels within the laning phase, due to his W damage and unexpected playstyle. Against Kog'Maw, try to start Doran's Shield and Second Wind with your intention of playing for level 3. Once you reach level 3, try to look for heavy burst trades with your Fury and try to use your E2 to always disengage back. By Level 6's and Plated Steel Caps rush, Kog'Maw will lose a lot of his damage and ability to fight Renekton, allowing Renekton to easily kill Kog'Maw on repeat. Kog'Maw's only scaling benefit is essentially trying to get his late game items, allowing him to become a machine that deals a ton of damage. As long as you can play to put him behind early through calculated trades and ganks, Kog'Maw won't be able to really do much within the game to match Renekton's strengths.","(1) Alcove Strat - Level 1 try to rush into the topside alcove with E start to avoid being zoned off the wave level 1. Being zoned off leaves Renekton in a terrible position, however being in the alcove prevents losing XP and losing any necessary HP. Once you achieve the first wave of XP, try to leave the alcove safely through bushes and walk towards your side of the wave state.

(2) Play For Level 3 Kill Angle - Once you reach level 3, Renekton will be able to utilise his fast and high damage combos against Kog’Maw. While Renekton has the ability to start trading against Kog’maw, do keep in mind that Kog’Maw will always win extended trades until you have your ult. Try to keep your HP up and stay out of range, while playing for fast combos until Kog’Maw is 30%HP for lethal range. 

(3) Respect Kog'Maw's Poke - Kog’Maw’s poke is surprisingly good most stages of the game, due to his W’s max HP damage and his naturally high attack speed playstyle. When fighting Kog’maw we want to try and avoid fighting extended trades, as he’s able to sustain heavy damage the longer we fight vs his lethal tempo and W activation. Playing with D Shield and Second wind, while playing with the intent to do quick in and out combos, will allow us to prevail in being able to eventually kill him and outsustain his damage. Try to also avoid fights with his W activated, as his overall damage will be a lot higher compared to without. 

(4) Play Wave On Your Side - Playing the wave on your side essentially means playing wave states on your side of the map, via abusing wave manipulation tactics or freezing on your side of the map. Simply use this to help you combo on your laner, taking away any space from them being able to trade you back (This also helps prevent the enemy running you down with their extended or sustained movement speed abilities). You can also use this wave state to run down your opponent with your abilities up, helping you obtain kills a lot easier vs stalemate or ranged match ups. Look to do this when your opponents are below 50% HP, or potentially make a mistake to provide you an all in opportunity to run them down. 

(5) Quick Trades - E > Q > AA  > W > AA > E Out / E > Q > W > E / E Q E - These combos allow for Renekton to get quick damage off in being able to keep health up and whittling his opponent down, use these to get your laner low and look for a low HP kill with flash. 

(6) Rush Plated Steelcaps - Rushing Plated Steelcaps will allow you to tank against Kog’Maw’s on hit damage, allowing you to take longer fights and present you the opportunity to kill Kog’Maw with your R powerspike. Having the mobility from boots also allows your E speed to increase, on top of providing you mobility to stay on top of Kog’Maw, or allow you to stay out of his range. 

(7) Play For Ganks - Kog’Maw is by no means an easy lane with how cheesy and flexible his item and build choices can be. Kog’Maw’s biggest weakness is his lack of mobility into solo laning, making top lane an overall nightmare choice when the wave is pushed towards his opponent's tower. Make sure to exploit Kog’Maw’s weakness by pinging your jungler to gank, then try to force the initiation with your dashes and stun them for your jungler to one shot. Once getting a kill or two on Kog’Maw, you will be able to easily snowball and kill Kog’Maw at will. 

(8) Abuse Renekton's R Powerspike - Prior to this point in the match up, if Renekton has farmed safely and rushed defensive boots in the match up, Renekton is now ready to fight his opponent in an all in. Renekton's high base damage and stats from his R, allows Renekton to completely stat check his counter match up. Simply wait for the enemy to make a mistake, then go all out and kill your opponent.

(9) Build Eclipse, Stridebreaker or Profane - Go Eclipse for consistent power through mid game and damage mitigation with the shield. / Go Stridebreaker to cripple Kog'Maw's mobility and provide teammates with additional utility. / Go Profane for full damage focused playstyles.

(10) Mid Game + Teamfighting Tips - Kog’Maw’s role within the mid to late game, is playing as a scaling on hit tank carry, allowing him to melt anything that even comes close to him. Kog’Maws’s ability to stack bork, rageblade into tank items can be very annoying and borderline unplayable to play against as Renekton. Our overall objective is trying our hardest to hard snowball the early stages of the game, then utilising our lead and overall power to hard carry teamfights and secure every objective we can. Within these stages before Kog’Maw powerspikes with his later scaling build, Renekton can reliably one shot him as well as being able to build versatile items through the game to help increase his chances of closing out the game. If Kog’Maw is farming within the side lane, Renekton can try to play within bushes and look to one shot him repetitively with his lead, or he can force hard pushes if Kog’Maw decides to leave the lane. While Kog’Maw is also trying to scale towards getting his items in side lane, Renekton can use his lead to roam in the enemy jungle and look for one shot plays to kill his jungler, or use that time to flank enemies within the mid lane. In teamfights, try to play to kill Kog’Maw, as Kog’Maw’s high damage and shred can pose a lot of issues in being able to take extended fights. Try to use your flash or dashes, to access onto Kog’Maw, while using your W and full combo right after. If you can eliminate Kog’Maw from the fights, his team will lose a lot of utility and damage in being able to shut down the Renekton pick. 
",Coming Soon
LeBlanc,Medium - 6/10,PTA > Resolve / Inspiration,Doran's Shield,Ignite / Teleport + Flash,Q > E > W,"LeBlanc's first few levels can cause Renekton early problems if he tanks the majority of her damage. Renekton's overall objective is simply trying to play off his Doran's Shield and Second Wind, as well as using his Q to help him return damage each time LeBlanc dashes into him. By level 3, Renekton can use more his W as soon as LeBlanc dashes in, allowing him to burst her down and punish her aggressive plays. Renekton should try to rush Mercury Treads or Hexdrinker, as both allow Renekton to tank LeBlanc's damage, as well as provide him the survivalbility to easily tank her damage. Within the rest of the lane, Renekton will slowly start to overpower and threaten LeBlanc if she tries to engage. LeBlanc's main win condition is trying to roam and pick off squishy targets. Make sure to always ping LeBlanc's map movements to prevent her from picking up free kills, as well as crashing waves  and taking plates when she isn't in the lane. LeBlacn's role because non existent if she's unable to build up a lead, allowing Renekton to completely take over the game. Make sure to also use your W as soon as LeBlanc jumps into your team, as this will allow you to easily lock her down and successfully kill her.","(1) Play For Sustain Early - LeBlanc’s high damage and kill focused gameplay, will force her to try and do short trades to help burst down Renekton until he’s in LeBlanc’s lethal range. Generally this lane can be hard in the beginning, however Renekton can abuse D Shield and Second Wind to help sustain against LeBlanc’s early aggression. The main objective early is trying to keep your HP up and utilise your sustain playstyle, until you’re able to reach level 3 to return back aggression.

(2) Abuse Renekton Empowered Q - Renekton’s Q is a core ability to poke back against LeBlanc, allowing us to whittle down her HP and sustain within the minion wave. Each time LB looks to dash into you, you can use Q to return back early damage, while hitting her and the minion wave to help you push. Eventually, we can look to use our E > Q trades to help force her W away, or use it to help us wave clear fast.

(3) Respect LeBlanc’s Combo - LeBlanc’s combos can do a lot of damage if you allow her to hit all her abilities onto you, allowing her to easily burst you down with your lack of magic resist early. LeBlanc’s typical combos are AA > Q > W > W Back, or Q > E > W, eventually using R to have an extra dash to help one shot her target. Playing with the intent of rushing magic resist can work wonders vs LeBlanc, completely taking away her overall damage. You can rush Hexdrinker or Mercury Treads to help you through the lane, as these items can help take away her damage and allow you to be more offensive within the lane.

(4) Abuse LeBlanc’s W - LeBlanc’s W allows her to dash and deal damage towards her target, allowing her to also instantly cast W back to her original location. LeBlanc’s W can be very annoying within the game, as she can waste your time chasing her or force heavy damage trades. While this does create a struggle for other champions, Renekton can actually hard counter LeBlanc if he times W correctly. Renekton can instantly W LeBlanc if she chooses to dash onto him, allowing him to chain combo on top of a stunned LeBlanc, or if LeBlanc recasts W fast enough, Renekton W will still stun and deal damage back to her. Overall LeBlanc has to be very cautious when using W, as a single Renekton W is enough for him to force a kill onto her. Make sure to quickly spam W as soon as LeBlanc tries to dash on you with her typical combo. 

(5) Abuse LeBlanc’s W Cooldown - To add onto punishing LeBlanc, Renekton can play to abuse her W’s 15 to 11 seconds cooldown. If LeBlanc aimlessly plays to deal damage in the lane, Renekton can use her W downtime to force a fight with his E and look to heavily trade her. LeBlanc’s squishy stats cannot sustain Renekton’s combos, creating an all in angle as soon as he reaches her, or forcing her back to base to miss out on minions and lose map control. 

It should also be said that you should not really try to force fights before she uses her W, as LeBlanc can simply dash out of your engage, while being able to use her W back and land her Q or E onto you, making you lose the trade overall. Situationally, using your dash first is only good if you want to play to mana burn her or burn her dash before a major fight. 

(6) Avoid LeBlanc’s Clone - LeBlanc’s clone can help confuse and troll her enemies, allowing her to control it after being bursted, forcing her enemies to use ignite or their remaining damage onto it. When fighting LeBlanc, it’s important to track her overall positioning and what she does next. For example, if LeBlanc was bursted by Renekton and she stands still in the position you did your damage, she most likely will bait you to chase the clone, then look to dash right after away. Tracking LeBlanc’s clone at times can definitely be difficult, leading her to cheese away from her deaths, however if you manage to ignite LeBlanc before you burst her into her passive, you will be able to easily track her, as her real form will have the ignite symbol above its head. Overall try to use logic, as well as your own ignite to track where she is. 

(7) Quick Trades - E > Q > AA  > W > AA > E Out / E > Q > W > E / E Q E - These combos allow for Renekton to get quick damage off in being able to keep health up and whittling his opponent down, use these to get your laner low and look for a low HP kill with flash. Try to do combos when LeBlanc’s W or R is on cooldown, as this will allow you to have a clear trading window that will severely help you in beating LeBlanc.

(8) Play Waves Accordingly - Simply assess whether or not you want to play for freeze, to help you deny XP and CS, while presenting yourself more opportunities to create fights. Or, play to shove waves to create proxy angles, tempo resets or create a dive opportunity. Renekton has all the cards to do whatever he wants with wave management. Also respect that if your laner tries to proxy, simply proxy back or coordinate a kill on them with your jungler.

(9) Ping LB Roams - LeBlanc’s biggest power within the match up is simply trying to out roam you, with her objective trying to assassinate your squishy teammates on the map. LeBlanc’s high mobility from her W and R, allow her to easily gap close and provide the damage she needs to snowball out of control. Our job is simply trying to spam ping her roam attempts, while trying to crash our wave state into her side of the map. Doing this allows us to punish her by obtaining gold from plates, while also making her lose out on gold and xp. Never try to give LeBlanc wave priority, otherwise she will perma roam until she’s able to get the kills she needs. 

(10) Abuse Renekton's R Powerspike - Prior to this point in the match up, if Renekton has farmed safely and rushed defensive boots in the match up, Renekton is now ready to fight his opponent in an all in. Renekton's high base damage and stats from his R, allows Renekton to completely stat check his counter match up. Simply wait for the enemy to make a mistake, then go all out and kill your opponent.

(11) Build Eclipse, Stridebreaker or Profane - Go Eclipse for consistent power through mid game and damage mitigation with the shield. / Go Stridebreaker to cripple LeBlanc's mobility and provide teammates with additional utility. / Go Profane for full damage focused playstyles.

(12) Mid Game + Teamfighting Tips - LeBlanc’s role through the mid to late game, will play with the intent of looking to assassinate any squishy or low HP targets, using cunning and stealthy approach to look for the right angles and timings to one shot her targets. LeBlanc’s playstyle highly depends on having a good early game, as her natural ability falls off the later the game gets, due to people building sustain and having more ways to defend against her damage. Typically as long as you can ping LeBlanc’s roams and prevent her from snowballing the laning Phase, LeBlanc will always struggle into finding her position within the game. When it comes to teamfights or skirmishes, try to hold your W for any of LeBlanc’s engages into your team, as one single stun will leave her killable for you and your team. Renekton can typically one shot LeBlanc doing either W > R > Q > AA or W > R > E > Q > AA, as these combos allow you to abuse LeBlanc while she’s stunned, taking away her ability to survive the rest of the fight or forcing her to completely disengage away from the fights. As long as you can protect your carries from getting one shot by her, LeBlanc will not be able to play her role as an assassin.
",Coming Soon
Lee Sin,Easy - 2/10,PTA / Conq > Resolve / Inspiration,Doran's Blade / Long Sword,Ignite / Teleport / Ghost + Flash,Q3 > W > E,"Lee Sin is pretty much an easy match up to deal with as Renekton, as Renekton's early damage and high stats completely gap Lee in terms of his overall relevancy within the top lane. Lee Sin's only hope of beating Renekton is actually going ignite and using his Q to all in Renekton level 1. Renekton simply can kill Lee if he plays within his minion wave, allowing him to easily out trade and beat Lee with Q start. Renekton's main goal should be trying to reach level 3 before looking for any kill opportunties, as this will provide Renekton his entire access to win the match up. Lee Sin's only other hope within the game is trying to look for kick plays for his team, being completely dependant on landing Q's or having flash. Within fights, Renekton can try to instantly stun Lee as soon as he gets into range, preventing Lee from getting his kick off and ruining his overall objective within the teamfight.","(1) Respect Lee Sin Level 1 - Lee Sin’s only way he can ever kill a Renekton, is trying to force a level 1 trade with his Q start. Lee Sin will typically walk out of the bush or behind his minion wave, with his goal focus trying to auto attack you down with his Q and passive, waiting until his second Q trade to help finish off his kill based on your missing health. This is all Lee Sin will try to do, meaning if he misses even a single Q or you play defensive enough, Lee Sin will have no other option in being able to win the lane. Overall Renekton can simply play around his minions to avoid Lee Sin’s Q, while trying to actively kite towards his side of the map. With good spacing and ignite, you can potentially kill Lee Sin level 1 if you play it well enough, however playing for level 2/3 will simply give you that opportunity regardless. 

(2) Play For Level 2/3 Kill Angle - Once you chunk out Lee Sin you're most likely able to kill him with your W, Dash or Flash up. Look to shove the wave around your kill timer, so you're able to make Lee Sin lose a lot more. 

(3) Avoid Lee Sin Q - Lee Sin’s Q can single handedly help him win or lose a fight, meaning if he lands it his overall probability of winning a fight is much higher within the early game. If Lee misses it, Lee Sin loses all value within his trade, missing out on his Q’s missing HP damage the lower a target gets. With that said, if we can make Lee miss Q with our movement, trying to walk side to side or kite between minions, Lee Sin will never get the fights he needs. Overall Renekton’s stat checking power post level 1, will simply be too much for him to even have success against, but furthermore taking away his Q power will leave him a complete troll pick within the lane. 

(4) Shield Break Lee Sin W - Lee Sin’s W allows him to dash towards an ally minion, teammate or ward, on top of also providing him ability to heal based off his damage and provide a shield in the process. When Lee tries to get into your range, he will use W to help sustain him in the fight, on top of using the shield to help mitigate against any of your incoming damage. Renekton however can simply use his empowered W, to allow him to easily shield break and stun Lee from being able to sustain within the 1v1. Overall, playing for your abilities and abusing Lee’s W, will help you overpower him and take away his ability to even fight with you. 

(5) Abuse Renekton's Early Game - In this match up Renekton is essentially able to do whatever he simply wants. With that said, really hone into your strong early to mid game strengths to help you dominate and win the game. Play to deny your enemy of gold and xp, play to proxy and generally lead any top side skirmishes with your insane lane advantage.

(6) Play Waves Accordingly - Simply assess whether or not you want to play for freeze, to help you deny XP and CS, while presenting yourself more opportunities to create fights. Or, play to shove waves to create proxy angles, tempo resets or create a dive opportunity. Renekton has all the cards to do whatever he wants with wave management. Also respect that if your laner tries to proxy, simply proxy back or coordinate a kill on them with your jungler.

(7) Heavy Trades - Being that Renekton carries a lot of high damage, Renekton is able to just jump on his target nearly at will. Whenever your laners present you with the ability to jump on them, simply take the opportunity to burst them as much as you can. If you didn't kill them already from that, use your options of freezing or your tower diving ability to help you finish off your opponent.

(8) Respect And Avoid Lee R - Lee Sin’s only hail marry into the Renekton match up, is trying to utilise a high value kick to help him knock Renekton towards a tower, or into his teammates. Lee Sin can typically do this with his Insec combo, using Q > Ward Jump Behind > R or Q > R > Flash Behind. These combos allow Lee to reposition behind his target, allowing him to kick his targets in his intended way. Usually Lee Sin’s combos are very predictable, making it very easy to read when he tries to attempt them. Lee Sin will either do it if you’re near his tower, he will try to do it if you’re an isolated target next to his team, or he will try to do it towards your main carries while you’re in a teamfight. Overall, you can time your E once he lands on you with his Q, allowing your dash to go through Lee while he kicks you in the dashed direction. You can also sit next to your teammates who have been Lee Q’d, then wait to stun him as soon as he travels towards them with Q. If you successfully prevent his R attempts, Lee will be insanely useless. 

(9) 3 Points Q > W Max - This playstyle allows you to constantly have W’s to help you stay onto Lee Sin while abusing your high damage ratios, allowing you to easily snowball and permanently shutdown Lee Sin within all stages of the game. Make sure to put 3 points into your early wave clear and poke, then look to max W throughout the rest of your points. Once completed, max your E for additional mobility to help enable your up close stun abusing playstyle.  

(10) Build Eclipse, Black Cleaver or BoTRK - Go Eclipse for consistent power through mid game and damage mitigation with the shield. / Go Black Cleaver for additional CDR and other versatile stats for utility based gameplay. / Go BoTRK to one shot and snowball with a damage focused build. 

(11 Mid Game + Teamfighting tips - Lee Sin’s overall threat lowers through the game, as he functions primarily as a Q engage R bot the later the game gets. Overall Lee’s ability to apply his damage and fight targets is a lot harder, due to kit being too linear and leading towards him getting outscaled. Lee Sin will only be a threat if he opts into full damage, however making him a much easier target to one shot and punish overall. Lee Sin within fights will try to look for any targets with his Q, using his Q2 to help him get close allowing him to get into kick range. If you can deny Lee using his R effectively, Lee Sin won’t be able to do much else within a fight. With that said, in teamfights try to stun Lee and interrupt his play pattern by stunning him as soon as he lands on his target, as this will ruin his opportunity to use his R effectively. Overall, Lee cannot really do much and you can easily remove him in fights if you land on him in melee range. 
",Coming Soon
Leona,Easy - 1/10,PTA / Conq > Resolve / Inspiration,Doran's Blade / Long Sword,Ignite / Teleport / Ghost + Flash,Q3 > W > E,"Leona is practically a free match up for Renekton, as Leona doesn't provide any offensive capabilities to really deal with Renekton's early game. Renekton's only difficulty within this match up, is simply trying to get consistent kills against her tanky kit. Instead, Renekton can look to abuse his waveclear and look to proxy behind her turret, allowing him to create tempo advantages or kill Leona's jungler. Overall, Renekton can practically do whatever he wants within the match up. Only thing Leona can do within the later stages of the game, is use her CC to stun lock targets for her team. Try to avoid any situations where you're isolated vs her and her team, as her high CC can potentially shut you down. Within team fights, simply ignore her and focus her carries to easily win the fights.","(1) Level 1 Q or E Start - As mentioned through other notes, playing off Q and E both require different plays, however in this match up you can essentially do either of them and have pretty good success. With that said, play around the strengths of level 1 and look for a level 2 kill. 

(2) Play For Level 2/3 Kill Angle - Once you chunk out Leona you're most likely able to kill her with your W, Dash or Flash up. Look to shove the wave around your kill timer, so you're able to make Leona lose a lot more.  

(3) Don't Combo Vs Leona W - One of Leona’s safety tools into Renekton, is being able to time her W into Renekton’s combo. When Leona uses W, she’s able to obtain from 8% to 24% damage reduction, alongside 20 to 50 armour scaling from her bonus armour. Leona W allows her to soak up any kind of incoming damage, making it a core ability to play around before committing to any all ins. Usually Leona will use her W if she’s engaging on to her target, or if you’re walking up with the attempt of using your abilities. Make sure before any committed fight you simply bait it out by auto attacking her, or waiting for her to force an engage. Once Leona has no W you can abuse its 14 second CD to force any fights you want. 

(4) Respect Leona Chain CC - Leona’s whole kit is focused on using her CC to catch out her enemies, as well as using it for core ganking or teamplay setups. When laning vs Leona, make sure to always ward river bushes as she can easily apply her CC in quick succession. When playing around Leona, try to also time your E’s to reposition away or cut her overall CC animation if she tries to hit you. (E’ing vs Leona E, allows you to dash away within the stun animation, on top of repositioning away from her original hitbox location.)

(5) Abuse Renekton's Early Game - In this match up Renekton is essentially able to do whatever he simply wants. With that said, really hone into your strong early to mid game strengths to help you dominate and win the game. Play to deny your enemy of gold and xp, play to proxy and generally lead any top side skirmishes with your insane lane advantage.

(6) Play Waves Accordingly - Simply assess whether or not you want to play for freeze, to help you deny XP and CS, while presenting yourself more opportunities to create fights. Or, play to shove waves to create proxy angles, tempo resets or create a dive opportunity. Renekton has all the cards to do whatever he wants with wave management. Also respect that if your laner tries to proxy, simply proxy back or coordinate a kill on them with your jungler.

(7) Heavy Trades - Being that Renekton carries a lot of high damage, Renekton is able to just jump on his target nearly at will. Whenever your laners present you with the ability to jump on them, simply take the opportunity to burst them as much as you can. If you didn't kill them already from that, use your options of freezing or your tower diving ability to help you finish off your opponent.

(8) Build Eclipse, Black Cleaver or BoTRK - Go Eclipse for consistent power through mid game and damage mitigation with the shield. / Go Black Cleaver for additional CDR and other versatile stats for utility based gameplay. / Go BoTRK to one shot and snowball with a damage focused build. 

(9) Mid Game + Teamfighting Tips - Leona’s overall role consists of playing around her team, using her CC as her main attribute to make offensive or defensive plays. Leona cannot really do a lot when it comes to fighting Renekton, which instead she will continuously opt towards playing around her team looking for the right moment to engage. When playing against Leona, always be sure to ward around fog of war territories and key objectives. Leona’s strength is catching her targets off guard, allowing her and her team to easily dogpile onto her target. As long as you can ward before she’s able to make engages, Leona will lose her relevancy to find plays. Renekton’s strength within the side lane also creates many problems for Leona, as Renekton’s instant wave clear and dueling potential is too much for her to handle. As Renekton, we can typically look to abuse these strengths to force Leona into an uncomfortable position, or we can continue to push and dominate any side lane fights. Make sure when pushing to also ward around you, as Leona’s overall engage set up is enough to instantly deny Renekton from playing his game. Within teamfights, try to ignore Leona and look towards focusing on her carries. Leona players typically autopilot most teamfights by looking for core engages on her enemies backline, taking away her ability to defend diver champions such as Renekton from killing her teammates. Once Leona loses out on her main carries, Leona’s role will simply fall into obscurity. 
",Coming Soon
Lillah,Medium - 4/10,PTA / Conq > Resolve / Inspiration,Doran's Blade / Doran's Shield,Ignite / Teleport + Flash,Q > E > W ,"Lillah is a pretty easy match up as long as you play around her abilities, using your movement to side step her Q's, W and E damage. Everytime Renekton has dash up you can essentially force heavy trades to help burst her down, eventually allowing you to kill her around the 40% HP threshold. Renekton can rush magic resist such as Mercury Treads for boots or rush into damage, however this match ups is just dependant on avoiding being hit by her main abilities. When teamfighting, try to avoid being hit by her damage as she will be able to use her R. Lillah with a good R usage is absolutely deadly, so make sure to avoid being hit by her damage and shut her down as fast as possible.","(1) Level 1 E Start - Try to cheese PTA proc or Conq with E1 > 3 auto's > disengage with E2.

(2) Play For Level 2/3 Kill Angle - Once you chunk out Lillia you're most likely able to kill her with your W, Dash or Flash up. Look to shove the wave around your kill timer, so you're able to make Lillia lose a lot more. 

(3) Respect Lillia Passive - Lillia’s passive allows her to apply a DoT effect when hitting her enemies, dealing 5%+ damage based on the target’s maximum health as magic damage. Lillia’s strong passive allows her to melt HP stackers and low HP targets, as well using her passive to synergise with Liandaries or Black Fire Torch. When fighting Lillia, try to use your movement to avoid being hit by her abilities, or try to buy some magic resist to help reduce her overall magic damage. 

(4) Avoid Lillia’s Q - Lillia’s Q allows her to deal damage in an AoE spin, allowing her to do a decent amount of damage, while allowing her to stack 3% to 7%+ movement speed, stacking up to 4x if she hits a champion. Lillia’s Q can make her frustratingly annoying to deal with, as Renekton’s biggest weakness does come from his average movement speed and dash dependent mobility. When laning vs Lillia, our best way to avoid tanking her Q is using short clicks to move in and out. When we’re able to do this, we can effectively bait Lillia to use her Q, while avoiding her damage, passive and her mobility stacking. Once Lillia misses her Q, we’re able to abuse her with a quick combo, then disengage before she’s able to use Q and catch right back after us. Lillia’s Q can also deal true damage if you’re hit by the outer part, so make sure to avoid being hit in this position, by moving into her or side stepping out of it.

(5) Avoid Lillia’s W - Lillia’s W allows her to jump towards her target, dealing a heavy amount of AP damage if she hits the centre of her dash. Her W can provide her a lot of damage within 1v1’s, so make sure to use your dashes or movement to move away from the center of her W. 

(6) Avoid Lillia’s E - Lillia’s E allows her to throw a seed that can travel globally, until it hits either terrain or an enemy champion. Typically Lillia can use this in lane, to help apply her passive damage as well as apply any additional on hit effects. Using her W can also help her activate her R, making it a sleeper strong ability when you at least expect it. Try to always be cognizant of your surroundings, for example if you’re pushing up, try to look around you and avoid being hit by E, which relatively is slow and easy to avoid if you’re paying attention.

(7) Quick Trades - E > Q > AA  > W > AA > E Out / E > Q > W > E / E Q E - These combos allow for Renekton to get quick damage off in being able to keep health up and whittling his opponent down, use these to get your laner low and look for a low HP kill with flash. 

(8) Play Waves Accordingly - Simply assess whether or not you want to play for freeze, to help you deny XP and CS, while presenting yourself more opportunities to create fights. Or, play to shove waves to create proxy angles, tempo resets or create a dive opportunity. Renekton has all the cards to do whatever he wants with wave management. Also respect that if your laner tries to proxy, simply proxy back or coordinate a kill on them with your jungler.

(9) Respect Lillia’s R - Lillia’s R allows her to put her enemies asleep, as long as she hits an ability to apply her passive onto a target. Once the enemies are put to sleep, once Lillia or an enemy deals damage to her targets, they will take additional damage from her ult. Lillia’s R is a giant win condition ability, as it allows her to mass CC you and your teammates. Typically she will try to flash Q against her targets, allowing her to easily apply her R towards multiple people. Lillia can also use her E to hit people in a cone, allowing her to force her sleep from this. Try to avoid being in these situations as much as you can, by spreading out against Lillia within a teamfight, or avoid any of her abilities using your movement. As long as Lillia doesn’t provide a high value R, she will lose her total play making ability from a fight. 

(10) Abuse Renekton's R Powerspike - Once you reach level 6 your ultimate will essentially help you consistently stat check and dominate any match ups you were winning or losing. Make sure to always wait for your R CD to help you make plays, otherwise it will lead you towards a major disadvantage in dueling your enemies. 

(11) Build Mercury Treads, Eclipse, Stridebreaker or BoTRK - Go Mercury Treads to lower Lillia’s overall damage and CC duration. Build Eclipse, Stridebreaker or BoTRK Go Eclipse for consistent power through mid game and damage mitigation with the shield. / Go Stridebreaker to cripple Lillia’s mobility and provide teammates with additional utility. / Go BoTRK to one shot and snowball with a damage focused build.

(12) Mid Game + Teamfighting Tips - Lillia’s role within teamfights, is trying to utilise her high mobility playstyle to weave in and out of fights, using her low CD Q to poke in and out until her enemies or low enough to finish off. Lillia will also play around using her R as previously mentioned, looking to mass CC her opponents and allow her team to easily pick and choose who they want to jump on. The best thing we can do vs Lillia, is try to avoid ever getting hit by her passive as it severely hurts to tank as Renekton. On top of that, making sure your teammates aren’t fully alone and over extended also matters a lot, as Lillia will try to force skirmishes to help her easily make picks, providing her team an easy chance to kill her targets. Within teamfights, Lillia will play a hit and run style, trying to whittle your HP down until she’s found an angle to R from. As Renekton, we can use our high damage and lock down ability, to easily stun her if she comes close into range, forcing her to use R on us only, or allow our team to easily jump on her and shut her down. Lillia may be able to go a tank build sometimes, but her overall ability to carry fights from her damage is severely weaker, making her build choice hugely impact the potential power. Overall, try to play around your team and exploit Lillia’s playstyle by using your W for her.


",Coming Soon
Lissandra,Hard- 7/10,PTA / Electrocute > Resolve,Doran's Shield,Ignite / Teleport + Flash,Q > E > W ,"Lissandra is a pretty easy or difficult match up depending on the lane, as top lane is a lot easier as the lane is a lot longer. When playing in short lane like Mid, Lissandra will try to look to use her abilities to poke you out, while using her E to disengage. As Renekton, try to use Doran's Shield and Second Wind to help sustain through the laning phase, as well as looking to do short combos from level 3. Quick combos while using your W in her E cast time will prevent Lissandra from escaping, allowing you to setup kills whenever she is low, or if you hit your level 6 powerspike. Lissandra can't really do anything if you interrupt her E cast, so make sure to look for this angle for free kills. When it comes to items, Renekton can rush his regular damage items or Mercury Treads. Mercury Treads are pretty important within the later stages of the game, as her lock down style kit allows her and her team to easily shut you down. Make sure to play around your team and avoid being isolated, as your chances of being able to play fights presents way more opportunites than herself.","(1) Play For Sustain Early - Lissandra’s damage within the early game, can lead to a few problems within the match up, as her low CD from Q and her auto attacks can amount up to lowering your overall HP within the lane. When laning into her, using D Shield and Second Wind can severely help us battle through her poke early, allowing us to open up with more trades, as well as punishing her when she starts running out of mana from playing like this.

(2) Avoid Lissandra’s Poke - To add onto the last point, Lissandra’s poke is a core aspect of her gameplay into the Renekton match up, as she will use her Q and overall damage every time you come close towards minions, or her self when dashing into her. Overall, punishing Lissandra comes from the ability of using your movement correctly, as moving in with short in and out clicks can help you bait out her Q, providing the ability to dash onto her to do quick trades. As long as you keep this up, Lissandra will lose confidence in her ability to play vs Renekton, eventually giving up kills if you play the rest of the match up perfectly. 

(3) Abuse Lissandra E’s - Lissandra’s E allows her to either use it offensively when gap closing towards targets, or she can use it defensively to escape any bad situations. In the Renekton match up, Lissandra will typically hold her E as soon as you dash into her, forcing her to W then use E to escape your close range. Renekton however can prevent Lissandra from using her 2nd E cast, as once he lands onto her with E, Renekton can use W while Lissandra is casting her E to cancel her ability to recast E2, keeping Lissandra in place. 

(4) Play Wave On Your Side - Playing the wave on your side essentially means playing wave states on your side of the map, via abusing wave manipulation tactics or freezing on your side of the map. Simply use this to help you combo on your laner, taking away any space from them being able to trade you back (This also helps prevent the enemy running you down with their extended or sustained movement speed abilities). You can also use this wave state to run down your opponent with your abilities up, helping you obtain kills a lot easier vs stalemate or ranged match ups. Look to do this when your opponents are below 50% HP, or potentially make a mistake to provide you an all in opportunity to run them down. 

(5) Quick Trades - E > Q > AA  > W > AA > E Out / E > Q > W > E / E Q E - These combos allow for Renekton to get quick damage off in being able to keep health up and whittling his opponent down, use these to get your laner low and look for a low HP kill with flash. 

(6) Rush Mercury Treads - Mercury Treads are a great rush into Lissandra, as Renekton can easily break out of her W and R CC timers a lot easier. If Renekton is able to escape Lissandra’s stuns faster, he will be more likely to kill Lissandra or escape any tough situations he’s in. Merc Tread’s also allow Renekton to take less magic damage from her overall kit, while providing additional mobility to side step her Q damage. 

(7) Respect Lissandra Catch Potential - Lissandra’s kit is very good for catching out targets, as she’s able to easily gap close towards, furthermore providing her W and R stuns to help burst and keep her target in place. Renekton however is already pretty good at avoiding Lissandra’s catch potential, as he’s able to use both dashes to easily escape her E engages, or he’s able to cast his E on the right frame of her W, preventing a potential angle to use R. Overall, try to avoid being caught by Lissandra as her ability to lock you down is pretty much a death sentence if her team is around. 

(8) Respect Lissandra’s R - Lissandra’s R is a great ability to help lock down and burst her targets, however Lissandra R can also be used defensively to help her heal back and avoid any incoming damage. Depending on the situation, you should try to take into her account how she will use her R. If you’re looking to fight and kill her, she will most likely use R if you’re near her team, or if she’s trying to prevent you from killing her. If Lissandra is stalling out her death going towards her team, or playing to defend a potential tower dive, Lissandra will use R to heal herself and avoid any incoming damage. Overall, try to evaluate the situation if you can kill her, as well as use your flash and a fast combo if you think you can kill her fast enough before she’s able to ult. 

(9) Build Eclipse, Stridebreaker or Profane - Go Eclipse for consistent power through mid game and damage mitigation with the shield. / Go Stridebreaker to cripple Lissandra’s mobility and provide teammates with additional utility. / Go Profane for full damage focused playstyles.

(10) Mid Game + Teamfighting Tips - Lissandra’s motives towards the mid to late game, is trying to force skirmishes or teamfights, using her E as an engage tool to help her gap close towards your teammates, with the intention of using her W and R to help lockdown your carries. Lissandra’s role is pretty simple, with her overall objective trying to set up her damage onto one main target. As Renekton, we should play to prevent her from getting into range. As Lissandra needs to get close into range, we can prepare our W to instantly stun her before she’s able to use her R cast onto our teammates. Lissandra at times may use her R to defend herself, allowing you to prepare your damage as soon as she comes out. Lissandra doesn’t possess the 1v9 damage she needs to carry fights, with that said try to focus her main carries and prevent Lissandra from either setting up the play, or killing her core carries from being able to jump onto your team. 
",Coming Soon
Lucian,Medium - 5/10,"PTA > Resolve / Inspiration
",Doran's Shield,Ignite / Teleport + Flash,Q > E > W ,"The Lucian match up can be pretty difficult at first, due to heavy ranged lane bully playstyle, as well as his abundance of mobility based tools. Within the early stages of the game, Lucian can be very hard to abuse with his early game strengths, however Renekton's job should be trying to play a sustain based playstyle with items such as Doran's Shield and Second Wind, as well as using his first few levels to keep up his HP. Renekton's objective is trying to rush Plated Steelcaps and reaching level 6. Once Renekton reaches these conditions within the game, Lucian's damage and heavy harass playstyle falls off, allowing Renekton to have more playability within the later early and mid stages of the game. Once Renekton has boots and his R, he can force and win fights against Lucian with ease, allowing him to side lane and play teamfights more effectively.","(1) Respect Lucian Poke - Lucian’s early poke damage can be pretty high due to his fast damage combos, in combination with his double hit passive, making him a very offensive early lane bully. When playing into Lucian, we want to make sure we can always keep our HP up, until we reach our level 3 or 6 powerspike. To help us make the lane a lot easier, playing D Shield and Second Wind allows us to easily sustain against his damage, while helping us reach our lane powerspikes a lot easier.

(2) Respect Lucian's E Mobility - Lucian’s overall mobility can be pretty high, as he’s able to use his dashes to help him instantly dash away, on top of using his auto attacks and passive to help him reduce his dash cooldown. Later on in the game, Lucian can also buy Navori to help him get even more dashes within fights. With that said, try to play around his E by abusing him with your own dash combos if he uses it towards you, or if you’re trying to force a fight, try to double dash towards him to follow is E location, allowing you to get into range and unload on your damage if he’s in lethal range. 

(3) Play For Manaburn - Lucian’s high mana use playstyle allows him to quickly burn mana at a fast rate, forcing him to buy essence reaver as a first item. Before he’s able to purchase essence reaver, Renekton can utilise his high HP sustain playstyle to help him burn out Lucian’s mana. Using Second Wind and D Shield, alongside basic empowered Q combos allows Lucian to expend a lot of mana to use his abilities against Renekton, allowing him to eventually force kill trades on Lucian without him being able to defend or fight against it.

(4) Rush Plated Steelcaps - Plated Steelcaps allows Renekton to negate Lucain’s damage with ease, while providing additional movement speed to stick onto him. Overall, rushing Plated Steelcaps allows Renekton to completely face tank Lucian’s damage, taking away Lucian’s overall ability to ever kill Renekton post level 6.

(5) Play Wave On Your Side - Playing the wave on your side essentially means playing wave states on your side of the map, via abusing wave manipulation tactics or freezing on your side of the map. Simply use this to help you combo on your laner, taking away any space from them being able to trade you back (This also helps prevent the enemy running you down with their extended or sustained movement speed abilities). You can also use this wave state to run down your opponent with your abilities up, helping you obtain kills a lot easier vs stalemate or ranged match ups. Look to do this when your opponents are below 50% HP, or potentially make a mistake to provide you an all in opportunity to run them down. 

(6) Quick Trades - E > Q > AA  > W > AA > E Out / E > Q > W > E / E Q E - These combos allow for Renekton to get quick damage off in being able to keep health up and whittling his opponent down, use these to get your laner low and look for a low HP kill with flash. 

(7) Abuse Renekton's R Powerspike - Prior to this point in the match up, if Renekton has farmed safely and rushed defensive boots in the match up, Renekton is now ready to fight his opponent in an all in. Renekton's high base damage and stats from his R, allows Renekton to completely stat check his counter match up. Simply wait for the enemy to make a mistake, then go all out and kill your opponent.

(8) Build Eclipse, Stridebreaker or Profane - Go Eclipse for consistent power through mid game and damage mitigation with the shield. / Go Stridebreaker to cripple Lucian’s mobility and provide teammates with additional utility. / Go Profane for full damage focused playstyles.

(9) Mid Game + Teamfighting Tips - Lucian’s overall role within the mid to late game is usually playing around split pushing within the side lane, until he’s able to get his core crit items to help him deal mass DPS within teamfights. Lucian’s playstyle is usually benefited when playing around enchanters, which entirely depends on his support's overall pick if he’s able to abuse that to his advantage. Being that Lucian was picked solo lane, his overall playability highly depends on getting towards his 4th-5th item spikes before being able to offer any major damage. With that said, we should try to use our overall early to mid game power to help us take over the map, while Lucian’s main focus is scaling through obtaining items. When it comes to side laning, our item spikes will allow us to easily deal with Lucian through most fighting situations. Within teamfights, try to avoid being gunned down by his R, as it allows him to easily melt his targets the later the game gets. Make sure to catch Lucian out of position when he dashes in towards his targets, as his playstyle requires him to get into close quarter range to use his damage, making it an easy target for Renekton to shut down.
",Coming Soon
Lulu,Easy - 1/10,PTA > Resolve / Inspiration,Doran's Blade / Doran's Shield / Long Sword,Ignite / Teleport / Ghost + Flash,Q > E > W,"Lulu is practically a free match up for Renekton to snowball against, as her weak stats and laning ability provide Renekton a free pass to easily win lane. While Lulu is a free match up, there are a few scenarios where she can be very annoying to deal with. Preferably when fighting Lulu within solo lane, try to play the wave off your side of the map as you can easily set up kills, while also not having to worry about her polymorph preventing you from killing her. Within the mid to late game, Lulu can be a great asset towards saving carries, so make sure to either nuke your chosen target before she gets into range to save them, or focus her within or before a fight to prevent her from using her high utility. ","(1) Level 1 E Start - Try to cheese PTA proc or Conq with E1 > 3 auto's > disengage with E2.

(2) Play For Level 2/3 Kill Angle - Once you chunk out Lulu level 1, you're most likely able to kill her with your W, Dash or Flash up. Look to shove the wave around your kill timer, so you're able to make Lulu lose a lot more. 

(3) Abuse Renekton's Early Game - In this match up Renekton is essentially able to do whatever he simply wants. With that said, really hone into your strong early to mid game strengths to help you dominate and win the game. Play to deny your enemy of gold and xp, play to proxy and generally lead any top side skirmishes with your insane lane advantage.

(4) Respect Lulu W - Lulu doesn’t really offer any resistance against Renekton’s strong laning and champion power, meaning you’re able to force as heavy trades as you can. Do note that Lulu can use her W to help stop Renekton’s trades, or force him to think twice before making a play onto one of her teammates. With that said, try to take fights at the right time, otherwise Lulu W can force some awkward situations if you’re not paying much attention to the situation you’re in. Before diving a Lulu, make sure to bait her W first by walking into her, then use your full combo as soon as her W has worn off. 

(5) Play Waves Accordingly - Simply assess whether or not you want to play for freeze, to help you deny XP and CS, while presenting yourself more opportunities to create fights. Or, play to shove waves to create proxy angles, tempo resets or create a dive opportunity. Renekton has all the cards to do whatever he wants with wave management. Also respect that if your laner tries to proxy, simply proxy back or coordinate a kill on them with your jungler.

(6) Heavy Trades - Being that Renekton carries a lot of high damage, Renekton is able to just jump on his target nearly at will. Whenever your laners present you with the ability to jump on them, simply take the opportunity to burst them as much as you can. If you didn't kill them already from that, use your options of freezing or your tower diving ability to help you finish off your opponent.

(7) Respect Lulu's R - Just like Lulu’s W, her R allows her to gain additional HP and increase the size of her or her target she uses it on. When fighting Lulu, you can easily get her R out by forcing any fight post 6. Her R is only a worry within teamfights, as she will use it to provide additional peeling power towards her carries, preventing you from potentially one shotting the target you have jumped on. With that said, the best way to deal with her R is coordinating your team to all jump on one high profile target to force and waste her R, or simply bait a fight then look to disengage away from the ulted target. Overall Lulu’s R will only have high value if she’s doing well, as well as her main carries, so play accordingly and respect R if you’re trying to fight against multiple people.

(8) Build Eclipse, Stridebreaker or Profane - Go Eclipse for consistent power through mid game and damage mitigation with the shield. / Go Stridebreaker to cripple Lulu's mobility and provide teammates with additional utility. / Go Profane for full damage focused playstyles.

(9) Mid Game + Teamfighting Tips - Lulu solo lane doesn’t really achieve much by herself, hence why as a pick she will mainly be around her carries to help enhance their overall carry potential. Lulu’s kit is perfect for denying Renekton’s gameplay, making it a frustrating pick if she’s able to have a good team to play around it. Lulu’s overall sidelining ability is a giant weak point within the game, due to her lack of damage and wave clearing ability, allowing Renekton to do whatever he wants within those parts of the map. When it comes to skirmishes and teamfights, Renekton’s role is to initiate as a frontliner to force big fights and use his bruiser stats to help soak damage and disrupt the enemy back line. Lulu’s lack of ability to act as a front liner severely hurts her comp's chances of winning fights, allowing Renekton to have higher quality moments in a fight than Lulu is able to provide. As previously mentioned, we need to be careful with how we approach Lulu’s carry targets, as she’s able to W and R against us. To combat this, we need to either instantly kill Lulu and bait her to use her R on herself, or as a team we need to collectively jump onto her target to remove them from the game. As soon as her team loses her main win condition carry, Renekton will be able to keep dominating fights and easily win the game. 
",Coming Soon
Lux,Medium - 4/10,PTA > Resolve / Inspiration,Doran's Shield,Ignite / Teleport / Ghost + Flash,Q > E > W,"Lux can be pretty easy to deal with as Renekton as long as you avoid tanking her main abilities, as this allows her to set up her high damage combos or allows her to chunk Renekton out before he can go in for the kill. Essentially your early objective is to play to avoid her damage, while looking for empowered W combos for your engages. Renekton can use his W around the same time he lands on Lux while snared, allowing him to return damage back and set up his combos. Preferably you want to always avoid being hit by Lux's Q, as this will be her main source of peel that will either allow her to get away or find kills. Killing Lux is generally pretty easy, so make sure to ping her whereabouts and try to prevent her from picking up easy kills from either hard shoving, or spam pinging where she is on the map.","(1) Level 1 E Start - Try to cheese PTA proc or Conq with E1 > 3 auto's > disengage with E2.

(2) Play For Level 2/3 Kill Angle - Once you chunk out Lux you're most likely able to kill her with your W, Dash or Flash up. Look to shove the wave around your kill timer, so you're able to make Lux lose a lot more. 

(3) Respect Lux Poke - Lux’s damage at all points in the game can always hurt, as her ability to easily apply her E, as well as follow up with her Q and passive damage, allows her to deal a lot of damage towards her targets. Being hit by Lux’s stun is usually a death sentence post 6, due to how ridiculous Lux’s damage is. To play vs Lux, we can opt into going D Shield and Second Wind to sustain against her damage if we want to play safe. Lux’s abilities are also pretty easy to avoid, as they’re used within a predictable manner. To easily avoid her abilities, try to use short clicks to move in and out of range, meaning if you’re walking up to her or minions, make sure to click back or to side step any incoming abilities. Once Lux misses her Q or E, Renekton can look to heavily trade against her, forcing a kill or forcing her to recall and waste summoners. 

(4) Avoid Lux Q - Lux’s Q allows her to chain all her damage together, making it a critical ability to always avoid. As previously mentioned, we can use our clicking ability to side step Lux’s Q, although if we’re slowed by Lux’s E or any other abilities, Lux’s ability to land her Q becomes a lot easier. If we’re in situations where we cannot dodge Lux’s incoming Q, we should always try to E instantly out of the way, otherwise Lux will potentially one shot us depending on how strong she is. Within the lane, we can also use our dashes to dodge her incoming Q, allowing us to easily reach her and kill her at will. If we play creatively with our E, we can try to use our E as soon as Lux walks into range of last hitting a minion, or we can face our character’s position away, then use our E to quickly double dash behind her. When dashing in this manner, you’re able to avoid Lux’s incoming Q, as she will most likely mistime her ability to use Q, allowing you to land on top of her and easily out damage her.

(5) Play Wave On Your Side - Playing the wave on your side essentially means playing wave states on your side of the map, via abusing wave manipulation tactics or freezing on your side of the map. Simply use this to help you combo on your laner, taking away any space from them being able to trade you back (This also helps prevent the enemy running you down with their extended or sustained movement speed abilities). You can also use this wave state to run down your opponent with your abilities up, helping you obtain kills a lot easier vs stalemate or ranged match ups. Look to do this when your opponents are below 50% HP, or potentially make a mistake to provide you an all in opportunity to run them down. 

(6) Heavy Trades - Being that Renekton carries a lot of high damage, Renekton is able to just jump on his target nearly at will. Whenever your laners present you with the ability to jump on them, simply take the opportunity to burst them as much as you can. If you didn't kill them already from that, use your options of freezing or your tower diving ability to help you finish off your opponent.

(7) Ping Lux Roams - Lux’s main focus of snowballing against Renekton, is using her roam timers to roam towards side lanes, allowing her to easily use her R to snipe any low HP targets. Typically Lux can easily get kills without hard roaming towards one lane because of her long range R, allowing her to half commit to a roam. To combat her roaming ability, try to spam ping Lux’s whereabouts if she goes missing to help notify her current status. Renekton’s wave clear can also help keep her from roaming in the lane, or it can help punish Lux if she tries to roam. 

(8) Avoid Lux R - As previously mentioned, Lux’s high damage from her R and the rest of her abilities can allow her to instantly delete people from the game. Lux will typically try to land Q > E > R to secure a one shot combo, which she can also use within the fog of war or behind walls, allowing her to easily kill people from mid to high range. Try to always avoid Lux’s combos at all costs, make sure to also use blue trinkets or well placed wards to help track her movements and avoid being caught by her.

(9) Build Mercury Treads, Eclipse, Stridebreaker or Profane - Go Mercury Treads to lower Lux’s overall damage and CC duration. Go Eclipse for consistent power through mid game and damage mitigation with the shield. / Go Stridebreaker to cripple Lux's mobility and provide teammates with additional utility. / Go Profane for full damage focused playstyles.

(10) Mid Game + Teamfighting Tips - Lux’s overall role within the mid to late game, is looking for picks with the use of her medium to high range abilities, allowing her to instantly delete targets to create opportunities to take objectives. Playing against Lux in solo queue is typically harder than it should be, due to them easily ignoring fog of war points while aimlessly walking towards her without a care in the world. Most of the time, we need to play with the intent of keeping Lux away from our team, or at least spotting her on vision before she’s able to get in range of her team. Using wards to spot her out, or crashing side lanes to help force her to take over is generally advised to keep her occupied. When playing against Lux, we should also try to assassinate her on her roam timers. Once we hard push side lane, we can look to camp her jungle and make sure we can assassinate her before she’s able to rotate towards her team. Within team fights, we should try to avoid being in the line of fire of Lux’s abilities, allowing us to keep our HP up and avoid being bursted down by Lux. Try to look to jump on her with our dashes or flash, then use our high damage combos to help burst her down out of the fight. Once Killing Lux, her team will lose out on a lot of utility and range to help poke her enemies down. 
",Coming Soon
Malphite,Hard - 7/10,Conq > Resolve,Doran's Blade / Doran's Shield / Long Sword,Ignite / Teleport / Ghost + Flash,Q > E > W ,"Malphite can be either a very easy or difficult match up, as mainly it depends on his playstyle and how Malphite plays. Comet Malphite for instance is a lot easier to deal with as Renekton, as Malphite cannot force constant trades with his early mana issues, which is also countered by Renekton having Second Wind or Doran's Shield. Grasp Malphite on the other hand can go toe to toe with Renekton, forcing Renekton to play more conservatively until Malphite makes a mistake with his abilities. The whole goal of this match up is simply trying to obtain a giant CS lead over malphite, via clearing standard waves or proxying behind his turret when applicable, or trying to freeze on your side of the map, forcing Malphite to waste mana to break the freeze, or allowing Renekton the ability to fight back under his own conditions. Malphite eventually will become a lot more annoying to deal with, hence why Black Cleaver and Empowered E are vital tools when trying to duel or deal with Malphite within teamfights. Do note that as soon as Malphite his E on you, try to just disengage and don't bother trading auto attacks until the E wears off you. Try to also spam ping Malphite's R and try not to clump up together within major objectives, otherwise Malphite R can win him and his team the entire game.","(1) Level 1 Q Start - Starting Q against Malphite, allows you to easily shove the wave into your level 2 spike, allowing you to hard trade against Malphite by taking E or W. Playing for 2 wave crash into wave bounce is typically how you want to lane against Malphite, as you’re able to lower his HP, then look towards freezing and finding a level 3/4 kill. 

(2) Respect Malphite Q - Malphite’s Q damage depends on his overall build, as if he takes Grasp his overall damage against targets with Q is severely weaker compared to his Comet keystone. If Malphite takes Comet, Malphite will try to hard poke you every time he has his Q and manaflow band up, presenting in really disgusting and heavy damage until he’s able to try and secure a kill onto you. The way to counter this playstyle before entering the game is taking Second Wind, as once you load into the game you can buy Doran Shield against him if he has Comet. Malphite cannot out damage Renekton’s outsustaining power, forcing Malphite to waste a lot of mana and setting himself up for an early Renekton kill.

(3) Respect Malphite W - Malphite’s W allows his next auto attack to become empowered, dealing high physical damage on his first auto and slightly lower increased damage on his remaining hits. Whenever Malphite uses W, we want to avoid trying to trade deeply with him, as Malphite’s auto attacks hurt an absolute ton in combination with his attack speed slow on E. Try to always disengage from Malphite if he uses his W and E onto you, providing you the ability to keep your HP up and our plan to mana burn Malphite. 

(4) Avoid Malphite E - One of the most common reasons Malphite is able to out damage Renekton, is based around the fact people try to fight Malphite while they are attack speed slowed. Malphite’s E slows from 30% to 50% attack speed, which can stack multiplicatively with Frozen Heart’s 20%. Overall Malphite’s ability to negate our total attack speed, prevents us from being able to trade auto attacks against him. There are two ways we can play around Malphite’s E; we can either use short clicks to walk in and out and bait him to cast his E if we walk into his range, or we can use only our abilities to trade, using our E2 to instantly escape fighting him. The overall objective with these types of trades into malphite, is to allow ourselves to easily burn his mana, providing the ability to look for an all in or force him to base. 

(5) Play For Manaburn - As I recently mentioned, playing for mana burn is our most viable way of sustaining a lead over Malphite. Malphite naturally counters our ability to snowball over him, due to his high armour stacking and his annoying mechanics that lower our overall ability to obtain kills over him. Using our techniques of Doran’s Shield and Second Wind, short movements to bait abilities and using our short combos to bait out any abilities of his, will provide us with the result of easily wasting his mana, allowing us to force his recalls to help proxy, take plates or crash minion waves. Don’t try to aim for the kill in this lane, aim to have a high CS lead, as well as removing his mana and presence as a result. 

(6) Play Waves Accordingly - Simply assess whether or not you want to play for freeze, to help you deny XP and CS, while presenting yourself more opportunities to create fights. Or, play to shove waves to create proxy angles, tempo resets or create a dive opportunity. Renekton has all the cards to do whatever he wants with wave management. Also respect that if your laner tries to  proxy, simply proxy back or coordinate a kill on them with your jungler.

(7) Abuse Renekton Empowered E - Renekton’s Empowered E allows him to help shred Malphite’s total armour, synergising with Black Cleaver to help take away Malphite’s unkillable Aura. As the game progresses, using Empowered E is 100% essential for taking away his armour within teamfights. Having the ability to remove 300+ Armour is absolutely crazy value for Renekton, hence why using this is always super important for you and your teammates.

(8) Abuse Renekton’s R Powerspike - Whenever you’re trying to fight Malphite, you must always have your R available if you want to provide that outcome. Renekton’s R magic damage combined with his armour shred and high AD damage, allows him to find early kills on Malphite as long as he plays it well. Malphite can always hold his own within 1v1’s, allowing him to get over confident against Renekton’s R, eventually losing the fight or wasting his R. If you manage to take away Malphite’s R, that’s always a win for you and your team, so make sure to notify your team whenever he doesn’t have it.

(9) Respect Malphite R - Malphite’s R is an absolutely giant play making tool, allowing him to win an entire fight alone from the overall utility or high damage it can provide. Typically, we want to always avoid fights that are held within choke points, as it will easily provide the potential for a 5 man knock up with how tight the terrain is. Try to always avoid fighting Malphite clumped up, make sure to spread out and protect the ulted target if you have the chance to. Otherwise as previously mentioned, try to find ways to force his ults in a 1v1, then look to find a skirmish or teamfight while he has his R down. 

(10) Build Hexdrinker, Eclipse, or Black Cleaver - Go Hexdrinker to lower Malphite’s overall damage and have a MR shield. /  Go Eclipse for consistent power through mid game and damage mitigation with the shield. Go Black Cleaver to hard counter Malphite, allowing you to easily fight and apply armour shred for yourself and the rest of your team.

(11) Mid Game + Teamfighting Tips - Malphite’s playstyle within the mid to late game, consists of stacking heavy armour to counter any AD threats, as well as using his R as a big initiation tool to help him catch out his main targets. Malphite’s overall presence is always annoying to deal with as Renekton, as he’s able to easily access anyone in the game with his R, while he’s practically nearly unkillable if he’s drafted into a heavy AD comp. When playing against Malphite, typically we want to make sure he’s away from our teammates at all costs, meaning we want to hard crash waves on his side of the map. Keeping Malphite away from your team is priority, allowing you to also look for fights with your R and Black Cleaver powerspike, forcing Malphite to potentially waste ult for any upcoming objectives. Whenever you get rid of his R, you’re able to force objectives or fights with your team, as naturally you will be able to make more play making opportunities than Malphite can within a fight. Within teamfights, try to ignore Malphite unless he’s the last target left. Killing Malphite is just a waste of time, so make sure to focus his carries and remove them from the game. When you’re forced to fight Malphite, make sure to use your empowered E to shred his abundance of armour, as well as stacking your Black Cleaver to allow all your teammates to do additional damage against the Malphite. 
",Coming Soon
Malzahar,Easy - 2/10,PTA > Resolve / Inspiration,Doran's Blade / Doran's Shield,Ignite / Teleport / Ghost + Flash,Q > E > W,"Malzahar is one of the easiest match ups you can lane into as Renekton, as Renekton can force his will on Malzahar any time within the laning phase. Malzahar's passive doesn't really do much for himself here, as Renekton E or Tiamat can easily proc his passive, allowing him to dive onto Malzahar without him having much resistance back. Malzahar's only strength into Renekton is being able to lock him down with his R, which is more problematic within teamfights or ganks. Try to always ward around or track your enemies before fully committing onto him, as Malzahar R is basically irrelevant for 1v1's as long as he has no team around. ","(1) Level 1 E Start - Try to cheese PTA proc or Conq with E1 > 3 auto's > disengage with E2.

(2) Play For Level 2/3 Kill Angle - Once you chunk out Malzahar you're most likely able to kill him with your W, Dash or Flash up. Look to shove the wave around your kill timer, so you're able to make Malzahar lose a lot more. 

(3) Play Around Malzahar Passive - Playing around Malzahar passive is the core element within this match up, as playing around it correctly will allow you to easily one shot him as much as you want. Malzahar passive is around 30 to 12 seconds depending on his level, overall being so much higher within the early stages of the game. Malzahar’s shield provides him the ability to block all CC related ability, while providing himself with 90% damage reduction, lasting up to 0.25 seconds as soon as he’s in combat with an enemy. When playing around Malzahar shield, we can use our E1 to dash on top of him to help us remove his shield. Once dashing onto Malzahar, we must hold our damage until the shield wears off, allowing us to then use our remaining abilities to help hard commit towards an all in, providing malzahar with 0 self peel to survive against our damage. Items such as Tiamat can also help break Malzahar’s passive, providing you another way to remove his passive. 

(4) Avoid Malzahar’s E Damage - Malzahar’s E allows him to apply a DoT, allowing him to spread it to each individual target as long as it kills. Malzahar will use this to help him kill minions within the wave, using it to also help him play from range. Malzahar’s E early won’t provide him with the damage and clear potential that he has later on in the game, allowing you to punish him if he walks up close to the minion wave. If Malzahar tries to apply his E, try to stand away from any low HP minions to avoid spreading it to you. When looking for trading opportunities, try to force your fights as soon as Malzahar comes close to E the minion wave.

(5) Play Wave On Your Side - Playing the wave on your side essentially means playing wave states on your side of the map, via abusing wave manipulation tactics or freezing on your side of the map. Simply use this to help you combo on your laner, taking away any space from them being able to trade you back (This also helps prevent the enemy running you down with their extended or sustained movement speed abilities). You can also use this wave state to run down your opponent with your abilities up, helping you obtain kills a lot easier vs stalemate or ranged match ups. Look to do this when your opponents are below 50% HP, or potentially make a mistake to provide you an all in opportunity to run them down. 

(6) Abuse Renekton's Early Game - In this match up Renekton is essentially able to do whatever he simply wants. With that said, really hone into your strong early to mid game strengths to help you dominate and win the game. Play to deny your enemy of gold and xp, play to proxy and generally lead any top side skirmishes with your insane lane advantage.

(7) Respect Malzahar R - Malzahar R allows him to suppress his targets in place, removing the ability to move or use any abilities. Malzahar will mainly use his R to suppress targets that are low HP, targets trying to force fights on to him, or using his R around his teammates. Renekton’s high base HP and purchasable MR stats, allowing him to easily tank his R and remove any worries of Malzahar solo killing him. The only worry we have is when he uses it on us within a teamfight. With that said, try to avoid positions where Malzhar can catch you with his team and try to build items like Kaenic or Jak’Sho to help you tank against his incoming damage. Do note, that if you’re 1v1 against Malzahar, you can use W buffering to help cancel his R cast. You can do this by spam clicking on Malzahar just before he’s about to use R, which typically is hard to tell with his instant animation.

(8) Build Eclipse, Stridebreaker or Profane - Go Eclipse for consistent power through mid game and damage mitigation with the shield. / Go Stridebreaker to cripple Malzahar’s mobility and provide teammates with additional utility. / Go Profane for full damage focused playstyles.

(9) Mid Game + Teamfighting Tips - Within the mid to late game, Malzahar’s role is solely focused on locking down any potential threats to him and his team, using his R to completely take his target out of the fight. Malzhar will play to zone off his enemies, using his silence to deny enemies abilities, or use his E to help burn his targets or apply a slow from items such as Rylai’s. As Renekton, typically before any major fights, our objective should be trying to catch Malazhar after he shoves a wave within the side lane. If we are able to take away Malzahar from any fights via crashing waves or killing him, Malzahar’s lack of presence will allow us to easily win fights. Within teamfights, our role is essentially to disrupt the enemy back line by trying to jump onto any carries, or allow ourselves to bait out abilities for our team. Malzahar will typically look to R Renekton if he’s fed, providing his team the set up to help shut him down. Dealing with Malzahar R is usually pretty difficult, hence why I recommend building defensive items after your early snowball phase, as you’re able to front line effectively while removing Malzahar or his team's damage towards you. If Malzahar holds R for any other of your teammates, try to interrupt his cast by using your stun on him, allowing you to free your teammate from his R and furthermore removing his main teamfighting power. 
",Coming Soon
"Maokai
",Easy 2/10,PTA / Conq > Resolve / Inspiration,Doran's Blade / Doran's Shield,Ignite / Teleport + Flash,Q > E > W or Q3 > W > E,"Maokai is a very easy and free match up for Renekton, as his weak laning and tanking ability lets him down throughout the match up. As Renekton we can utilise runes such as Conqueror, and items such as Black Cleaver and Blade of the Ruined King to easily deal with his HP and armour stacking build. Renekton will typically always dominate Maokai super easily with R up, however Maokai's main strength relies within his teamfigthing and heavy CC prowess, making him a threat if not taken seriously. As long as you don't coinflip 1v3 or 4 fights into his CC and play consistent with your teammates and side lane pressure, Maokai can't really do anything.","(1) Level 1 Q Start - Level 1 Q start allows you to poke Maokai within the wave, allowing you to secure level 2 priority, as well as allowing you to abuse Conqueror and your auto attacks and Q to force him low off the wave. By level 2, you can typically kill him if he’s low enough from punishing his weak start.

(2) Play For Level 2/3 Kill Angle - Once you chunk out Maokai you're most likely able to kill him with your W, Dash or Flash up. Look to shove the wave around your kill timer, so you're able to make Maokai lose a lot more. 

(3) Respect Maokai’s Q - Maokai’s Q is the only tool that can really help him within the match up, as he can use it to cancel your E if you mistime your dash, or use it to help him space away from you if you walk up to him. When playing against Maokai, whenever he uses his Q on the minions or fails the Q knock back, you’re able to utilise a heavy combo onto him, forcing him in a terrible situation. When you’re comboing against Maokai, try to always stay in front of him, to avoid being knocked back towards your side of the map. If Maokai is unable to keep you off of him, he is typically a free kill most of the time. 

(4) Respect Saplings - Saplings aren’t really that problematic since his E and item nerfs, however it should be said that if he is strong on a patch, try to always avoid directly walking into the bushes. You can walk towards a bush to bait a sapling, allowing you to walk out of range if you have the movement speed or dashes to waste his sapling. Removing his saplings can be important to remove his gank protection within the top lane, so make sure to check the bush before your jungler walks towards it. 

(5) Play Waves Accordingly - Simply assess whether or not you want to play for freeze, to help you deny XP and CS, while presenting yourself more opportunities to create fights. Or, play to shove waves to create proxy angles, tempo resets or create a dive opportunity. Renekton has all the cards to do whatever he wants with wave management. Also respect that if your laner tries to proxy, simply proxy back or coordinate a kill on them with your jungler.

(6) Abuse Renekton's Early Game - In this match up Renekton is essentially able to do whatever he simply wants. With that said, really hone into your strong early to mid game strengths to help you dominate and win the game. Play to deny your enemy of gold and xp, play to proxy and generally lead any top side skirmishes with your insane lane advantage.

(7) Heavy Trades - Being that Renekton carries a lot of high damage, Renekton is able to just jump on his target nearly at will. Whenever your laners present you with the ability to jump on them, simply take the opportunity to burst them as much as you can. If you didn't kill them already from that, use your options of freezing or your tower diving ability to help you finish off your opponent.

(8) Abuse Renekton's R Powerspike - Once you reach level 6 your ultimate will essentially help you consistently stat check and dominate any match ups you were winning or losing. Make sure to always wait for your R CD to help you make plays, otherwise it will lead you towards a major disadvantage in dueling your enemies. 

(9) Respect Maokai’s R - Maokai is a very free match up, however his R can be a great tool to help catch you or your teammates out, making it a very threatening ability. Against Maokai R, you can typically try to use your dash to dash off your minions, monsters or enemies to help you escape his R range. Escaping his R disallows him to apply his heavy CC kit, removing the only main danger of his kit. Do note that Maokai ult stuns longer the longer it travels, so if you’re on top of the starting position of his R, you will break out a lot faster, allowing you to tank it then use your dashes to escape bad situations. 

(10) Build Eclipse, Black Cleaver or BoTRK - Go Eclipse for consistent power through mid game and damage mitigation with the shield. / Go Black Cleaver for additional CDR and other versatile stats for utility based gameplay. / Go BoTRK to one shot and snowball with a damage focused build. 

(11) Mid Game + Teamfighting Tips - Maokai’s only hope against Renekton, is trying to utilise his heavy CC kit in being able to set up plays for his teammates, while trying to hard CC any of your carries from being able to play teamfights. Typically against Maokai, the main thing we should do is try to jump on his own carries and try to one shot them. Maokai cannot go alone and engage on your team without his carries damage, otherwise he will be isolated and most likely shredded against the right comp and itemisation from your team. With that said, typically the win condition is just to try and remove as many of his carries as fast as possible. If he tries to focus and lock you down, ensure that your team is in position to help fight back, allowing you to use your defensive stats to help soak up any incoming damage and win the fight. Within the mid game, make sure your team isn’t also walking alone into the fog of war, as Maokai will try to get his engages using that to his advantage. 
",
Master Yi,Easy - 2/10,PTA / Conq > Resolve / Inspiration,Doran's Blade / Doran's Shield,Ignite / Teleport + Flash,"Q3 > W > E
","Master Yi is a pretty easy match up to deal with, as Master Yi's strengths come more into the later stages of the game. Master Yi's only threat comes under his level 1, where he can cheese Renekton if Renekton tries to fight against him. All Renekton needs to do is play for level 2, allowing him to completely control and dominate the lane. Renekton can basically do whatever he wants within the laning phase and side lane, as he can easily stat check and one shot Yi. When playing against Yi later on, try to use your stun to lock him down so he's unable to auto attack and get resets within fights, as that's Master Yi's main win condition towards winning fights. ","(1) Respect Master Yi Level 1 - Master YI’s level 1 is surprisingly strong, as he’s able to use runes such as Lethal Tempo or Hail of blades to easily allow him to out DPS and take the extended trades he needs to over power you. Combining the fact with his potential E or Q start, Master Yi can effectively have the upper hand on you. While Master Yi could kill you, Renekton’s high base stats and Q start can help Renekton leverage a good level 1 fight, although it’s safer just to avoid playing Master Yi’s game as giving him a kill to snowball is never really good. Simply avoid fighting Yi level 1, then look towards getting level 2 and forcing your laning advantage over him. 

(2) Play For Level 2/3 Kill Angle - Once you chunk out Master Yi you're most likely able to kill him with your W, Dash or Flash up. Look to shove the wave around your kill timer, so you're able to make Master Yi lose a lot more. 

(3) Abuse Renekton's Early Game - In this match up Renekton is essentially able to do whatever he simply wants. With that said, really hone into your strong early to mid game strengths to help you dominate and win the game. Play to deny your enemy of gold and xp, play to proxy and generally lead any top side skirmishes with your insane lane advantage.

(4) Avoid Extended Fights - Master Yi’s power comes from his high attack speed through his Lethal Tempo, items and his R, eventually allowing him to become an absolute demon in 1v1’s. Before you’re able to sustain a lead over Master Yi, try to play around your abilities to help you out damage and stat check Master Yi. Eventually when you get a few kills on Master Yi, you will be able to easily tank his damage until he has BoTRK or Rageblade. 

(5) Quick Trades - E > Q > AA  > W > AA > E Out / E > Q > W > E / E Q E - These combos allow for Renekton to get quick damage off in being able to keep health up and whittling his opponent down, use these to get your laner low and look for a low HP kill with flash. 

(6) Play Waves Accordingly - Simply assess whether or not you want to play for freeze, to help you deny XP and CS, while presenting yourself more opportunities to create fights. Or, play to shove waves to create proxy angles, tempo resets or create a dive opportunity. Renekton has all the cards to do whatever he wants with wave management. Also respect that if your laner tries to proxy, simply proxy back or coordinate a kill on them with your jungler.

 (7) 3 Points Q > W Max - This playstyle allows you to constantly have W’s to help you stay onto Master Yi while abusing your high damage ratios, allowing you to easily snowball and permanently shutdown Master Yi within all stages of the game. Make sure to put 3 points into your early wave clear and poke, then look to max W throughout the rest of your points. Once completed, max your E for additional mobility to help enable your up close stun abusing playstyle.  

(8) Build Eclipse, Black Cleaver or BoTRK - Go Eclipse for consistent power through mid game and damage mitigation with the shield. / Go Black Cleaver for additional CDR and other versatile stats for utility based gameplay. / Go BoTRK to one shot and snowball with a damage focused build. 

(9) Mid Game + Teamfighting Tips - Master Yi’s overall laning ability is super weak against most champions top lane, making him a pretty easy match up to dominate within the early to mid stages of the game. In the late game however, if Master Yi is able to come back from receiving any gold bounties or shutdowns, Master Yi’s presence in the game can be really threatening, due to his heavy on hit, high attack speed play style, combined with his ability to extend his R duration and lower his Q CD through auto attacking. When playing against Master Yi, try to get your teammates to directly focus him before he’s able to reuse his Q from killing enemies. Try to utilise your stun to lock Master Yi in place, allowing you to easily shut him down and prevent him from shredding the rest of you and your team. Beating Yi is a team effort in the later stages of the game, so make sure to communicate it as a priority in being able to win the game. 
",Coming Soon
Mel,Hard - 9/10,PTA / Electrocute > Resolve,Doran's Shield,Teleport + Flash,Q > E > W,"Mel is an absolutely abhorrent match up, due to the fact her high range, damage and self peel is absolutely a nightmare for Renekton to fight his engages. Renekton must rely on Mel running into him, as well as misusing her W for Renekton to leverage an advantage. I recommend rushing Mercury Treads and either Stridebreaker or Maw, as her high damage and annoying kit makes it absolutely terrible to go any other items. Typically we must dash into Mel, then wait for Mel to use her W before we intiate any other damage, otherwise Mel W can block our entire combo and leave us empty handed. Try to also angle all in's after she uses E, as if you dash in she will simply stun and walk away for free. This is a terrible match up, so make sure to play off your teammates to leverage the advantages you need to get past her annoyingly defensive kit.","(1) Play For Sustain Early - Mel’s poke heavy playstyle and range makes it very difficult for Renekton to lane into her. Her overall kit and tools are designed to counter initiator style champions such as Renekton, therefore requiring Renekton to play around his team or look for specific opportunities to fight Mel. All Renekton can really do early is buy D Shield and Second Wind, as these will provide you the ability to sustain your HP and survive any early aggression from Mel. If Renekton maintains his HP from playing correctly, Renekton will be able to utilise teamplay assistance to help him fight against Mel within the lane. 

(2) Respect Mel’s Passive - Mel’s passive allows her to store damage in the forms of stacks, allowing her to build up damage through her stacks to help her execute her target. If the overall stacks of damage exceed the target's current HP, it will instantly execute her target on her next auto attack or ability. Make sure to avoid consistent poke against Mel, as her overall damage will threaten you towards recalling and missing minion waves, or securing a kill onto you.  

(3) Avoid Mel’s Q - Mel’s Q will throw out a barrage of projectiles, allowing her to poke from range to apply her damage and passive stacks, while also preventing her opponents from being able to walk close towards her. To dodge her Q’s, try to understand the pattern in how she is using it. Eventually when you figure it out, try to use short clicks to bait out her Q before you walk towards her. Mel’s Q ranges from 10 to 6 seconds at rank 5, so make sure to abuse it by trading within its down time, or simply farm minions until she’s able to get her Q back. 

(4) Respect And Abuse Mel’s W - Mel’s W allows her to shield against all incoming damage abilities, allowing her to avoid any damage within the 0.75 seconds cast time, while also projecting any incoming abilities back towards her enemies. Mel’s W can completely counter Renekton’s fast combos, as once he’s able to get into range she can simply use her W to block all of his damage. As Renekton, if we manage to jump onto Mel, we should hold all of our damage until her W goes away, allowing us to unload on Mel’s HP and potentially kill her in the process. Within the laning phase, trying to trade with Mel can feel impossible alongside dealing with her E. However, Mel’s W CD is 35 to 23 seconds at rank 5, providing you 2 potential E trades to abuse her while her W is down, giving you a clear window to play around after she uses it within the lane.  

(5) Avoid Mel’s E - Mel’s E is a giant counter towards Renekton’s engages, due to her easily being able to throw it out towards Renekton’s E direction. Because Renekton’s E is so telegraphed, it allows Mel to always have an answer to keep Renekton at bay. Instead, we need to either bait Mel E out by walking towards her, or use our E more creatively, to where we can double dash as fast as we can to land behind her, dodging her E in the process. Overall, the second way is a lot more riskier within mid lane, so make sure to do it when you’re receiving a gank, or Mel has W on CD and she steps up towards your range.

(6) Rush Mercury Treads - Mercury Treads are very helpful into Mel, due to being able to help tank against her heavy AP damage, as well as providing you the CC to escape her E faster. When buying Mercs, you’re able to take more fights into Mel, lowering the overall risk of her being able to kill you. 

(7) Play Wave On Your Side - Playing the wave on your side essentially means playing wave states on your side of the map, via abusing wave manipulation tactics or freezing on your side of the map. Simply use this to help you combo on your laner, taking away any space from them being able to trade you back (This also helps prevent the enemy running you down with their extended or sustained movement speed abilities). You can also use this wave state to run down your opponent with your abilities up, helping you obtain kills a lot easier vs stalemate or ranged match ups. Look to do this when your opponents are below 50% HP, or potentially make a mistake to provide you an all in opportunity to run them down. 

(8) Play For Team - Playing against Mel is very hard with Renekton’s lack of range and high CDs, meaning the only consistent way we have to make an impact is playing around our team. Playing the wave on our side, allows Mel to potentially overstep and create a ganking opportunity. If we’re able to out push Mel via her recall timer or her willingness to let ourselves push, Renekton can try to roam towards other lanes or objectives to help him gain some kind of advantage. Overall there’s not a lot of things we can do if Mel is good, or if she has heavy team presence playing around her, so make sure to play stable and just make sure you make it to the mid game without inting.  

(9) Respect Mel’s R - Once Mel has her R, her passive is available to store even more damage towards executing her targets, allowing Mel to do an insane amount of burst damage towards non magic resist targets. Within the later stages of the game, Renekton should opt into a Kaenic alongside his Mercury Treads, to help him tank against her overall AP damage. If Renekton is able to survive against her high damage combos while avoiding the threat of her R, Renekton will be able to provide more playmaking potential, as well as being able to bait out her W for his team or present himself a kill opportunity onto Mel if the opportunity arises itself. 

(10) Build Hexdrinker, Eclipse, Stridebreaker or Profane - Go Hexdrinker to lower Mel’s overall damage and have a MR shield. / Build Eclipse, Stridebreaker or Profane - Go Eclipse for consistent power through mid game and damage mitigation with the shield. / Go Stridebreaker to cripple Mel’s mobility and provide teammates with additional utility. / Go Profane for full damage focused playstyles. 

(11) Mid Game + Teamfighting Tips - Mel’s overall playstyle within the mid to late game, consists of playing from long range to apply her passive stacks, using her kit to help extend the fights while eventually looking to use her R to obliterate any stacked targets. Keeping fights long vs Mel is always a terrible idea, as Renekton’s role is to look to jump into carries and try to end the fights as fast as possible. Mel’s ability to extend the fights from her W and E can cause a lot of trouble, however if Renekton builds the right items, he can try to dash in and bait out Mel’s abilities before she’s able to use them any other time within a fight. Getting rid of her W allows your team to focus her as a target, allowing you to easily shut down Mel if she’s in range, or it can provide Renekton with the ability to use the rest of his damage to successfully kill Mel. When playing into Mel, trying to also set up plays within the fog of war is also essentially, using your red trinkets and control wards to create vision denial while waiting for her to walk towards a bush. As long as you can keep Mel away from fights, or force early kills on her before objectives, this will allow you to have success and avoid Mel’s annoying playstyle within those points of the game. 
",Coming Soon
Millio,Easy - 1/10,"PTA > Resolve / Inspiration
",Doran's Blade / Doran's Shield / Long Sword,Ignite / Teleport / Ghost + Flash,Q > E > W,"Milio is a pretty simple match up essentially, as you're able to do whatever it want when it comes to the laning phase. The only thing worth mentioning is how annoying his Q can be, as this can buy him time to survive the laning phase. Whenever Milio wastes his Q, you can engage into him and force a heavy trade, allowing you to potentially one shot him, or get him low enough for a tower dive. Always make sure to respect his R's instant cleanse, as this can allow him or teammates to survive low HP situations. When it comes to general gameplay, you can just crash waves and freeze at will, allowing you to always have a lead and a giant strength within the match up.","(1) Level 1 Q Start - Try to push for level 2 advantage over Millio by using your Q to hard shove the first two waves. You cannot really kill Millio before level 3, as his Q can help knock you back if you try to get close into range. Make sure to play for the wave bounce on your side, then look to be creative with your kill opportunities with E. 

(2) Play For Level 2/3 Kill Angle - Once having the wave positioned on your side after letting the waves bounce, you can attempt to kill him when he’s overextended on your side of the map. To avoid Millio from ruining your engage, try to look for a double dash when he least expects it, by looking away with your character position, then trying to double dash as soon as he moves forward, with the intent of landing behind and dodging his Q. Once you’re in this position, try to do as much damage as you can before you get him into lethal range. Once he is low, you can try to look for a flash play and try to finish off his remainder of his HP. 

(3) Abuse Renekton's Early Game - In this match up Renekton is essentially able to do whatever he simply wants. With that said, really hone into your strong early to mid game strengths to help you dominate and win the game. Play to deny your enemy of gold and xp, play to proxy and generally lead any top side skirmishes with your insane lane advantage.

(4) Respect Millio Q - Milios’s Q is a very annoying ability at all times, essentially because he can remove any access we have in being able to reach him. Milio’s Q is 10 seconds CD, providing him the ability to counter our 16 second CD dash. While this does create some issues, we can just try walking up to him to help us bait his Q. Walking up to him, especially when buying movement speed, will allow us to get into range or bait his Q before we’re able to reach him. If he does this, we can then use our E and look to punish his Q down time by forcing a giant trade. 

(5) Play Wave On Your Side - Playing the wave on your side essentially means playing wave states on your side of the map, via abusing wave manipulation tactics or freezing on your side of the map. Simply use this to help you combo on your laner, taking away any space from them being able to trade you back (This also helps prevent the enemy running you down with their extended or sustained movement speed abilities). You can also use this wave state to run down your opponent with your abilities up, helping you obtain kills a lot easier vs stalemate or ranged match ups. Look to do this when your opponents are below 50% HP, or potentially make a mistake to provide you an all in opportunity to run them down. 

(6) Respect Millio R - Milio does absolutely nothing when it comes to playing vs Renekton, however his R ability can really cuck Renekton in being able to kill his carries. Milio R will free any of his allies, using his cleanse to remove any CC effects, alongside healing his allies from 150 > 350+ HP. When playing around Milio R, we have to reserve our flash combos until we get his R down. We can usually bait his R in a fight, if we try to use our W onto his main priority targets. This will then force him to instantly R, allowing us to quickly disengage and depart us from continuing a fight. Most often, we want to wait for our own teammates to bait his R out before we use our W, so make sure to play around his R CD then look for any fights that you can.

(7) Build Eclipse, Stridebreaker or Profane - Go Eclipse for consistent power through mid game and damage mitigation with the shield. / Go Stridebreaker to cripple Millio’s mobility and provide teammates with additional utility. / Go Profane for full damage focused playstyles.

(8) Mid Game + Teamfighting Tips - As previously mentioned, Millio doesn’t really ever pose a threat towards Renekton within any 1v1 circumstances, providing Renekton a free match up for him to essentially take whatever he wants within the top side. The only strength Millio has over Renekton, is his own ability to try and stop you from killing his carry targets. Nothing really changes in terms of teamfighting knowledge from what I talked about with his R, however our main strengths that come into these style of match ups is using our overall top lane lead then applying it into the rest of the map. When sidelaning, Renekton can essentially do whatever he wants as he’s able to take any side lane tower without the threat of Millio really bothering him. Just make sure when you’re side laning that you avoid fighting multiple people, as giving up any free gold with the lead is always bad. Try to play off trinkets, then push or take fights accordingly.
",Coming Soon
Miss Fortune,Easy - 1/10,PTA > Resolve / Inspiration,Doran's Blade / Doran's Shield,Ignite / Teleport / Ghost + Flash,Q > E > W,"Miss Fortune is super easy as a range match up, as she has no real self peel tools to stop Renekton from engaging in and one shotting her on demand. As Renekton, simply play for E and W off CD, then dash in and look to kill her within 1 or 2 combos. Renekton can also easily tower dive MF with W and R available, so make sure to play off your kits strengths and punish her weak pick within the lane. Try to make sure to respect her R within teamfights, make sure to jump on her before she uses it or kill her before a fight to ensure she cannot use it.","(1) Level 1 E Start - Try to cheese PTA proc or Conq with E1 > 3 auto's > disengage with E2.

(2) Play For Level 2/3 Kill Angle - Once you chunk out Miss Fortune you're most likely able to kill her with your W, Dash or Flash up. Look to shove the wave around your kill timer, so you're able to make Miss Fortune lose a lot more. 

(3) Respect Miss Fortune’s Q - MF’s Q, allows her to do a decent amount of damage towards her target, while executed minions will bounce her Q to the opposite side target dealing bonus damage. Make sure to avoid standing behind low HP minions, as MF Q can chunk your HP out. If MF doesn’t bounce her Q onto you, she won’t really have any real resistance against Renekton to beat him. 

(4) Abuse Renekton's Early Game - In this match up Renekton is essentially able to do whatever he simply wants. With that said, really hone into your strong early to mid game strengths to help you dominate and win the game. Play to deny your enemy of gold and xp, play to proxy and generally lead any top side skirmishes with your insane lane advantage.

(5) Play Waves Accordingly - Simply assess whether or not you want to play for freeze, to help you deny XP and CS, while presenting yourself more opportunities to create fights. Or, play to shove waves to create proxy angles, tempo resets or create a dive opportunity. Renekton has all the cards to do whatever he wants with wave management. Also respect that if your laner tries to proxy, simply proxy back or coordinate a kill on them with your jungler.

(6) Heavy Trades - Being that Renekton carries a lot of high damage, Renekton is able to just jump on his target nearly at will. Whenever your laners present you with the ability to jump on them, simply take the opportunity to burst them as much as you can. If you didn't kill them already from that, use your options of freezing or your tower diving ability to help you finish off your opponent.

(7) Avoid Miss Fortune’s R - MF’s R can do a giant amount of damage no matter what build she goes, therefore being a core ability we need to avoid in crucial fights. When MF is 1v1, she cannot really utilise a good R against Renekton due to his dashes, as well his ability to easily cancel her R with his W. MF will typically use R if you’re running away from her, or she will hold it for any skirmishes or teamfights, using to zone or shred any slowed or stunned targets. If you can always avoid fighting in her R, she won’t be able to really leverage anything on to you or your teammates. 

(8) Build Eclipse, Stridebreaker or Profane - Go Eclipse for consistent power through mid game and damage mitigation with the shield. / Go Stridebreaker to cripple Miss Fortune's mobility and provide teammates with additional utility. / Go Profane for full damage focused playstyles.

(9) Mid Game + Teamfighting Tips - Solo lane MF is absolutely horrible as a pick, especially into Renekton that can essentially kill her with any fight at will. MF’s only hope of being a useful pick will be based around her using her R properly, to help provide an abundance of damage towards any stunned or clumped up targets. Most often MF will use her R absolutely horribly unless the team comp suits her, so make sure to always respect the enemies potential CC comps around MF R, otherwise she will be able to have maximum value. Within team fights, try to instantly dash onto MF and look to one shot her instantly with your overall damage and combo. MF cannot ever defend against Renekton’s damage, so make sure to abuse her lack of self peel and use it to instantly eliminate her from the fight. If MF is already so behind, you can just opt into killing other important targets on her team. 
",Coming Soon
Mordekaiser,Medium - 5/10,PTA / Conq > Resolve / Inspiration,Doran's Blade / Doran's Shield,Ignite / Teleport / Ghost + Flash,Q3 > W > E,"The Mordekaiser match up entirely relies on whoever W's last, as if Renekton chooses to W first, Mordekaiser will use his W to tank the rest of Renekton's damage, leaving him in a very weak position. If Mordekaiser W's first, Renekton can use his empowered W to nuke through his shield and HP bar, allowing Renekton to easily out damage and kill Mordekaiser in the process. Mordekaiser relies on fighting his opponent in isolation, meaning if we play around teammates or minions to avoid his empowered Q damage, Mordekaiser will lose a ton of value and easily lose fights when playing around the minion wave. When Mordekaiser ults, try to kite him out as long as possible, make sure to also hold your W until he uses the shield, as this will help you beat him whenever he ults. As Renekton, we can buy Eclipse first to negate his main damage with the shield, as well as utilising W max to allow us to obtain multiple W's off within a fight, providing us a higher ceiling to snowball and overcome the Mordekaiser match up.","(1) Level 1 Q or E Start - As mentioned through other notes, playing off Q and E both require different plays, however in this match up you can essentially do either of them and have pretty good success. Level 1 you can actually kill Mordekaiser if you play it correctly, as having Conqueror, Q and playing around your minion wave, allow you to out damage Mordekaiser even with his passive, providing you an easy kill angle if you’re playing Ignite. E start can help you chunk out Mordekaiser , while providing you the ability to pace yourself to a level 2 kill with W.

(2) Play For Level 2/3 Kill Angle - Once you chunk out Mordekaiser you're most likely able to kill him with your W, Dash or Flash up. Look to shove the wave around your kill timer, so you're able to make Mordekaiser lose a lot more. 

(3) Respect Mordekaiser’s Passive - Mordekaiser’s passive can be a really strong tool, helping Mordekaiser out DPS his targets through most stages of the game. When fighting Mordekaiser, try to avoid trading against his passive if you’re even or you’re much weaker than him, as his overall damage and lower CDs will help him maintain damage through extended trades. Try to only take fights when your abilities are up, as Renekton’s high damage and counter based playstyle, will allow him to stat check and prevent Mordekaiser from getting the trades he wants.

(4) Avoid Mordekaiser’s Q and Respect Isolation - Mordekaiser’s Q allows him to deal damage to targets in front of him, dealing even more damage if the target is isolated. When fighting Mordekasier away from minions or within his R, his overall damage skyrockets in fights, alongside him being able to abuse his low CD Q to help out DPS his targets. When laning against Mordekaiser, try to always bait out his Q by using short clicks in and out, as these will help you bait out his Q if you’re walking towards him or minions. When trying to fight Mordekaiser, try to always position yourself near the minion wave, as his Q will lose out on major damage if it isn’t isolated damage.

(5) Abuse W Shield break Vs Mordekaiser W - A big advantage Mordekaiser has when fighting his opponents, is abusing his giant W shield to help stat check against his opponents. Mordekaiser will most often use this as soon as he stacks his passive fighting minions or champions, allowing him to activate it to prevent damage or use it to sustain after a fight. Mordekaiser’s biggest weakness however in the Renekton match up, is Renekton’s ability to break his W shield with his empowered W. Most players make the mistake of W’ing too early into Mordekaiser, but instead you should try to hold your W until he uses his shield. This is a very crucial moment when fighting Mordekasier, as typically he will hold his W very late until he’s in lethal range, providing you the perfect time to use W to help finish him off. 

(6) Avoid Mordekaiser E - Mordekaiser E allows him to drag his opponents closer to him, using it as a way of landing his Q and preventing his enemies from escaping. Just like when playing vs Mordekaiser’s Q, we need to use short clicks to bait our movements in and out of Mordekaiser’s ability range, as that will allow us to punish his lack of damage after he misses. Alternatively, if Mordekaiser is low and uses his E onto you, you can use that as a gap closer in combination with your E, to allow you to easily access on top of him and finish him off with your remaining damage.

(7) Quick Trades - E > Q > AA  > W > AA > E Out / E > Q > W > E / E Q E - These combos allow for Renekton to get quick damage off in being able to keep health up and whittling his opponent down, use these to get your laner low and look for a low HP kill with flash. 

(8) Abuse Renekton's R Powerspike - Once you reach level 6 your ultimate will essentially help you consistently stat check and dominate any match ups you were winning or losing. Make sure to always wait for your R CD to help you make plays, otherwise it will lead you towards a major disadvantage in dueling your enemies. 

(9) Respect Mordekaiser’s R - No matter how behind Mordekaiser is, his R allows him to always have a chance at being able to beat his opponent. Mordekaiser’s R heals himself for 10% of his target's maximum HP, while reducing the stats of his opponents by 10%, lowering their overall AD, Attack Speed, Armour, AP and Maximum HP. Mordekaiser’s overall stat checking power is absolutely insane with his R, so make sure to avoid playing into his damage by dodging all that you can until his duration is over. You can fight and beat Mordekaiser in R, but make sure to use your dashes and flash perfectly to avoid his Q damage, as he is guaranteed to have isolation damage when being in his R. When Mordekaiser does R, it’s recommend you also use your R right after, as fighting him without R is practically a losing battle if he’s even or ahead. 

(10) 3 Points Q > W Max - W Max is highly recommended into Mordekaiser, as your ability to have multiple W’s allows you to easily get off your damage more consistently, while also avoiding the fact you have to only hold W until he uses his own. Lowering your overall W CD to 7 to 4 seconds is absolutely huge the later the game gets, as it allows you to easily penetrate through bruiser statline, while taking away his overall advantage he gets with his own low CDs. When Mordekasier also uses R, Renekton’s W max playstyle can help him continuously overwhelm and destroy Mordekaiser in the 1v1.

(11) Build Eclipse, Black Cleaver or BoTRK - Go Eclipse for consistent power through mid game and damage mitigation with the shield. / Go Black Cleaver for additional CDR and other versatile stats for utility based gameplay. / Go BoTRK to one shot and snowball with a damage focused build. 

(12) Mid Game + Teamfighting Tips - Mordekaiser’s mid to late game is entirely dependent on how good he did in the laning phase, as his natural ability to play fights is very limited without his R ability, making him quite the subpar champion when it comes to late game teamfights. Mordekaiser’s main ability is trying to hard push side lane, using his R to look for duels or catch squishy targets within skirmishes or teamfights. Mordekaiser as mentioned is very dependent on R, so whenever he doesn’t have it up it should be recommended to abuse as his natural power to defend for himself is severely weaker vs targets with scaling damage items or kits, such as W max Renekton with blade of the ruined king. When side laning vs Mordekaiser, if you’re ahead you can essentially force whatever trades on him and have the upper hand. However if Mordekaiser is ahead, try to play defensively under your tower with the intent of building Kaenic and playing for your team. If Mordekaiser ever wastes his R on you, try your best to survive against him in his R until you escape with your teammates available to help you. Usually playing to shutdown Mordekaiser is a viable strategy if you’re behind, as it can free up map presence and allow you to roam towards other places on the map at that time. When it comes to teamfights, try your best to occupy Mordekaiser away from your team, as his ability to R your high profile teammates is very crucial towards his teammates having the advantage. Mordekaiser’s naturally high damage in combination with R, allows him to easily kill any squishy targets he focuses on. Overall, making sure you can avoid that by tanking his own R or slowing him down, is essentially the gameplan you need to stick to if you’re playing to protect your carries, while removing Mordekaiser’s role within teamfights. If Mordekaiser doesn’t have R or he fails to utilise it properly, you and your team can abuse that by instantly bursting and stunlocking him out of the game. 

",Coming Soon
Morgana,Medium - 4/10,PTA > Resolve / Inspiration,Doran's Blade / Doran's Shield,Ignite / Teleport / Ghost + Flash,Q > E > W,"Morgana is a very boring match up, as it relies on her own stupidity if she walks up into our E range, in order for us to dash in and look for the fights we want. Typically we want to play our fury around 30, as we can double dash in to get our 50 Fury, allowing us to empowered W her and destroy her shield, creating the opportunity to lock her down and apply her damage. Most of our efforts of getting kills are when she is over extended, or if we try to fight level 1 with E start, into a W level 2 kill. Later on we need to play around our other win conditions within the game, in order to make sure we abuse our own strength and escape the torture of boredom in this match up. ","(1) Level 1 E Start - Try to cheese PTA proc or Conq with E1 > 3 auto's > disengage with E2.

(2)  Play For Level 2/3 Kill Angle - Once you chunk out Morgana you're most likely able to kill him with your W, Dash or Flash up. Look to shove the wave around your kill timer, so you're able to make Morgana lose a lot more.  

(3) Avoid Morgana Q - Morgana’s Q is an absolutely horrible ability to get hit by, hence why we need to do everything we can to avoid being hit by her Q as much as possible. Using side to side movements when walking towards her, or using your E to dodge her Q’s is absolutely essential. If she misses Q, Renekton can always look to heavy trade with an empowered W, making it a core component to playing around within the match up. When trying to engage on Morgana, try to also E then click to the side to side step, or look to double dash behind her, as these can help bait out the Q and look for opportunities for fights. 

(4) Respect Morgana Waveclear - Morgana’s waveclear is pretty great after all the recent buffs towards her wave clear, on top of her mana costs being non-existent after lost chapter in solo lane. Morgana’s W allows her to consistently push the wave out on top of her burn items, allowing her to always stall the lane state and easily wave clear with safety. Use this as caution as roaming can heavily punish you with how easy she can wave clear, try to look for a proxy attempt if you want to cheat tempo vs Morgana’s tactics.

(5) Play Waves Accordingly - Simply assess whether or not you want to play for freeze, to help you deny XP and CS, while presenting yourself more opportunities to create fights. Or, play to shove waves to create proxy angles, tempo resets or create a dive opportunity. Renekton has all the cards to do whatever he wants with wave management. Also respect that if your laner tries to proxy, simply proxy back or coordinate a kill on them with your jungler.

(6) Quick Trades - E > Q > AA  > W > AA > E Out / E > Q > W > E / E Q E - These combos allow for Renekton to get quick damage off in being able to keep health up and whittling his opponent down, use these to get your laner low and look for a low HP kill with flash. 

(7) Rush Mercury Treads - Mercury Treads are pretty essential vs Morgana to avoid her high CC playstyle, on top of having the mobility and MR to help you deal with her damage. Once you get Mercury Treads, you can look to do more trades against Morgana as you’re able to withstand her damage. 

(8) Abuse Renekton W Shield Break - Renekton’s W can shield break through Morgana’s magic damage shield, allowing you to stun her and punish her shield within trades or teamfights. When trading vs Morgana, we can time our W stun on top of her when she stuns us with her Q, allowing to further increase our trading and fighting potential on top of having Mercury Treads. Make sure to prioritise breaking her shield instantly if she uses it on herself or another target, as this allows us to easily focus down and kill our targets.

(9) Respect Morgana’s R - Morgana’s R is a deadly tool to allow her to chain an AoE stun, or allow her to chain her CC in combination with her Q. This can be absolutely horrible to tank if Morgana gets her CC off, so make sure to avoid her Q at all costs and if you can, try to use your dashes to quickly escape her R if possible. Avoiding her R once she uses it is hard, but repositioning or using your flash can potentially save you when dealing with her ultimate. 

(10) Build Eclipse, Stridebreaker or BoTRK - Build Eclipse, Stridebreaker or BoTRK Go Eclipse for consistent power through mid game and damage mitigation with the shield. / Go Stridebreaker to cripple Morgana's mobility and provide teammates with additional utility. / Go BoTRK to one shot and snowball with a damage focused build.

(11) Mid Game + Teamfighting Tips - Within the mid game, Morgana’s overall role serves as a utility mage looking to use her Q or R to make picks or provide her the CC to win the teamfights. As Renekton, we must avoid Morgana’s pick potential at all costs, otherwise she can easily lock down her opponents and secure high priority towards objectives or tower pushing scenarios. Play around your wards to prevent her fog of war picks, while trying to also play away from her overall CC in fights. Within teamfights, try to build more tankier so you’re able to survive Morgana’s attempts at CC locking you, on top of providing your teammates a distraction by jumping onto their back line carries. When playing fights, try to use empowered W on Morgana’s W target, as you can easily CC and deal damage through the target, allowing you to instantly remove her peel access. 
",Coming Soon
Naafiri ,Easy - 2/10,PTA > Resolve / Inspiration,Doran's Blade / Doran's Shield / Long Sword,Ignite / Teleport / Ghost + Flash,Q > E > W,"Naafiri is a pretty straight forward match up, where Renekton will easily dominate trades and laning ability into her, however her W can pose issues of escaping our combos and kill angles. To successfuly deal with Naafiri, we can look to E1 to bait her W or E, then use E2 to dash ahead of her and stay on top of her. If Naafiri hasn't used W at this point, we can use our W right after to lock her in place and nuke her HP bar, however if she does W, simply hold your W until she comes out of it. As long as you're able to hold your W for her W, she won't be able to really do anything and will lose HP on demand. Items like Stridebreaker or boots can be very useful to sticking on top of her, removing her mobility to escape. Within later stages of the game, try to peel off your teammates of her engage, as that's her only role when it comes to the late game.","(1) Level 1 E Start - Try to cheese PTA proc or Conq with E1 > 3 auto's > disengage with E2.

(2) Play For Level 2/3 Kill Angle - Once you chunk out Naafiri you're most likely able to kill her with your W, Dash or Flash up. Look to shove the wave around your kill timer, so you're able to make Naafiri lose a lot more. 

(3) Avoid Naafiri Q - Naafiri is quite unable to do a lot when it comes towards Renekton, however Naafiri can use her Q early to help her poke Renekton, while using it to obtain CS and push against his wave clear. When laning into Naafiri, we can remove her sting of her Q damage by simply abusing D Shield and Second wind. Overall, Naafiri cannot really do anything to deter Renekton, as Renekton’s consistent sustain and wave clear allows him to burn through Naafiri’s mana while creating troubling lane states. 

(4) Respect And Abuse Naafiri's W - Naafiri’s W is her saving grace, allowing her to go quickly untargetable to prevent Renekton from being able to unload his damage. Naafiri’s W can really be annoying when it comes to kill opportunities, however her W has a huge CD of 26 seconds at rank 1. Typically as Renekton, the preferred way to play and abuse Naafiri’s W CD, comes at freezing the wave on your side while trying to force an attempt to heavily trade against her. Once you jump onto Naafiri, Naafiri will either instantly W to force out of Renekton’s combo, or she will tank your damage on top of using her W. Overall once you complete the trade, Renekton’s able to go back to his lane and simply freeze on her, allowing his next E to create a kill window.

(5) Abuse Renekton's Early Game - In this match up Renekton is essentially able to do whatever he simply wants. With that said, really hone into your strong early to mid game strengths to help you dominate and win the game. Play to deny your enemy of gold and xp, play to proxy and generally lead any top side skirmishes with your insane lane advantage.

(6) Play Wave On Your Side - Playing the wave on your side essentially means playing wave states on your side of the map, via abusing wave manipulation tactics or freezing on your side of the map. Simply use this to help you combo on your laner, taking away any space from them being able to trade you back (This also helps prevent the enemy running you down with their extended or sustained movement speed abilities). You can also use this wave state to run down your opponent with your abilities up, helping you obtain kills a lot easier vs stalemate or ranged match ups. Look to do this when your opponents are below 50% HP, or potentially make a mistake to provide you an all in opportunity to run them down. 

(7) Heavy Trades - Being that Renekton carries a lot of high damage, Renekton is able to just jump on his target nearly at will. Whenever your laners present you with the ability to jump on them, simply take the opportunity to burst them as much as you can. If you didn't kill them already from that, use your options of freezing or your tower diving ability to help you finish off your opponent.

(8) Ping Naafiri Roams - Naafiri’s only viable playstyle into playing against Renekton, is abusing her skirmish heavy playstyle to allow her to roam towards side lanes, using her R to burst or finish off targets. Whenever Naafiri is missing, it’s always important to spam pings to keep your teammates aware of her missing presence, otherwise this will easily allow her to snowball and fulfill her assassin role within the game. Make sure to also abuse your wave clear and push potential to secure free platings and gold, while punishing Naafiri for missing her minion waves.

(9) 3 Points Q > W Max - This playstyle allows you to constantly have W’s to help you stay onto Naafiri while abusing your high damage ratios, allowing you to easily snowball and permanently shutdown Naafiri within all stages of the game. Make sure to put 3 points into your early wave clear and poke, then look to max W throughout the rest of your points. Once completed, max your E for additional mobility to help enable your up close stun abusing playstyle.  

(10) Build Eclipse, Black Cleaver or BoTRK - Go Eclipse for consistent power through mid game and damage mitigation with the shield. / Go Black Cleaver for additional CDR and other versatile stats for utility based gameplay. / Go BoTRK to one shot and snowball with a damage focused build. 

(11) Mid Game + Teamfighting Tips - Naafiri against Renekton is an absolutely horrifying experience for Naafiri, making it a complete auto lose match up within the process. Naafiri’s only chance of being relevant, is using her roaming power to help her stabilise her early losing position or allow her to completely dominate and fulfill a role within the game. As already mentioned, as long as you can constantly spot out or ping Naafiri’s movements on the map, she won’t be able to do much, allowing you and your team to do absolutely anything in the process. Within the side lane, Renekton can effortlessly 1v1 Naafiri, also creating trouble for her team in being able to match or deal with Renekton. Within teamfights, try to play to nuke Naafiri from the fight. Naafiri’s R creates a very telegraphed assassination attempt, so make sure to move towards her ulted target with the intention of stunning her as soon as she lands. Most of the time Naafiri will use W right after R in these moments, so make sure you burn two of her most vital abilities by being around her R target to help you deny her assassination attempt. Once Naafiri has no W or R, she is completely useless. 
",Coming Soon
Nami,Easy - 1/10,PTA > Resolve / Inspiration,Doran's Blade / Doran's Shield / Long Sword,Ignite / Teleport / Ghost + Flash,Q > E > W,"Nami is a very easy match up, as she lacks any noteable resistance against Renekton's trading patterns. The main aspect of this match up to consider, is being able to avoid her Q. If Renekton can avoid her Q, he can easily stay on top of her with his dashes, allowing him to nuke Nami in 1 or 2 combos. Once Nami is level 6, be careful about tower diving her with it up, as she can CC off her R knock up with Q, resulting in an embarassing death. Within the mid game, once again respect the R, as she can cancel your E altogether if she hits you, so keep that in mind and you will have 0 issues against her.","(1) Level 1 E Start - Try To Cheese PTA Proc or Conq With E1 > 3 Auto's > Disengage With E2. 

(2) Play For Level 2/3 Kill Angle - Once you chunk out Nami you're most likely able to kill her with your W, Dash or Flash up. Look to shove the wave around your kill timer, so you're able to make Nami lose a lot more. 

(3) Abuse Renekton's Early Game - In this match up Renekton is essentially able to do whatever he simply wants. With that said, really hone into your strong early to mid game strengths to help you dominate and win the game. Play to deny your enemy of gold and xp, play to proxy and generally lead any top side skirmishes with your insane lane advantage.

(4) Avoid Nami's Q - Probably the most feared ability within the whole game, at least for Nami if she misses her Q. Nami’s only real chance to stop Renekton from perma killing her is using her Q , in which if she misses her Q she’s most likely dead to Renekton 9/10 times. When dashing in towards Nami, make sure to always side step her Q animation right after, as this provides you the ability to use E2 or unload the rest of your damage onto her.

(5) Play Waves Accordingly - Simply assess whether or not you want to play for freeze, to help you deny XP and CS, while presenting yourself more opportunities to create fights. Or, play to shove waves to create proxy angles, tempo resets or create a dive opportunity. Renekton has all the cards to do whatever he wants with wave management. Also respect that if your laner tries to proxy, simply proxy back or coordinate a kill on them with your jungler.

(6) Heavy Trades - Being that Renekton carries a lot of high damage, Renekton is able to just jump on his target nearly at will. Whenever your laners present you with the ability to jump on them, simply take the opportunity to burst them as much as you can. If you didn't kill them already from that, use your options of freezing or your tower diving ability to help you finish off your opponent.

(7) Respect Nami's R - Nami’s R can be a pretty good disruption based ability if used right, however most of the time Nami’s will either use their R super far back, or use it right in the beginning to lose out on the total value. Overall, Nami’s only usage to counter Renekton with her R, is if Renekton’s E gets cancelled amidst using it. With that said, make sure to avoid getting your E cancelled by R, or hold onto it until the cast is finished. 

(8) Build Eclipse, Stridebreaker or Profane - Go Eclipse for consistent power through mid game and damage mitigation with the shield. / Go Stridebreaker to cripple Nami’s mobility and provide teammates with additional utility. / Go Profane for full damage focused playstyles.

(9) Mid Game + Teamfighting Tips - Nami’s main identity is her ability to play around her main carries, using her defensive and offensive utility based abilities to help them DPS and outsustain within the fight. Nami doesn’t offer any resistance against Renekton, outside of her ability to potentially save her carries with her Q and R. As Renekton, we simply want to ignore Nami, while playing with the intent to nuke her main carries, outside of dodging her potential Q stun. If Nami ever lands the Q, it can basically decide our fate within teamfights, as her lockdown on top of anyone else’s can be a death sentence. As long as you’re able to avoid her Q, she simply can’t do anything herself to stop Renekton from doing what he wants. 
",Coming Soon
Nasus,Medium - 6/10,PTA / Conq > Resolve / Inspiration,Doran's Blade / Doran's Shield,Ignite / Teleport / Ghost + Flash,Q3 > W > E,"The most misundestood match up of Renekton in my opinion. Renekton vs Nasus is a classic ""outscaled"" match up in the eyes of many, to which while I somewhat agree, I truly think this match up is completely in Renekton's hands to throw it rather than Nasus being able to do much in return. Nasus must rely on Renekton's sloppiness of trades and wave management to really gain an advantage, as if Nasus gets to farm under tower for free from Renekton's constant push, will result in Nasus getting his powerspike items, as well as farming free stacks, taking away Renekton's early game power. Renekton must play to keep the wave on his side at all times, doing so will give Renekton the trades and kill angles he needs, as well as allowing him to easily get ganks to put Nasus behind early. Once Renekton kills Nasus, Renekton should punish by taking platings, as well as using his lead across the map, once he wins his lane. Nasus doesn't account as a champion with the mid game, as Renekton's teamfighting is entirely superior, with that said try to abuse your strength and dominate the map once you win lane.  You can ask your mid laner to farm top side to stop Nasus from taking towers, or alternatively you can group to kill Nasus with your team, before you take any major objectives that are on his side of the map. It should also be said that this match up isn't about fighting him, it's about using your lead on the map to win the game, so keep that in mind.","(1) Abuse Wave Manipulation - Renekton’s whole objective and identity against Nasus, is simply denying Nasus from Q stacking. The Renekton vs Nasus match up simply doesn’t favour Renekton, mainly due to Nasus's history of buffs, as well as many gameplay systems changing within the core game and top lane itself. Overall this match up can only be won if you’re focusing on waves, otherwise Nasus will slip through the cracks and overpower Renekton if played incorrectly. Renekton has to abuse wave states on his side, to help him zone off Nasus and create his windows of opportunity. If Renekton plays too aggressively while shoving the wave vs Nasus, Nasus will simply farm under his tower with Q, while taking away Renekton’s space to do extra trades. As Renekton, we must refrain from over committing our damage on our side of the map, or we must be more creative to use our abilities without hitting the wave. 

A few ways Renekton can manipulate waves against Nasus, is using Nasus’s attacks or abilities. Renekton can bait Nasus to either auto attack him, allowing Renekton’s minions to focus on Nasus, while Nasus’s minions will keep fighting back against Renekton’s minions. Renekton can also potentially bait Nasus to use E on the wave, allowing Nasus E to damage Renekton’s minions, allowing the wave to gradually push back towards Renekton’s ideal side of the lane. Renekton can also crash waves into Nasus tower, with the intention of allowing Nasus’s wave to push naturally back onto his side of the map via reinforcement waves. Renekton can also utilise bushes from Nasus’s side of the lane, to help him create a slow push. Renekton can also pull the minion wave in between Tier 1 and 2, to help him create a faster slow push, while Renekton’s minions die quicker under Nasus’s tower. 

Overall, these are essentially the main things you should know when playing against Nasus. If you fail the concept of denying him stacks, Nasus will snowball and overpower Renekton within the side lane regardless of how behind he is. Stick to the gameplan, abuse playing the wave on your side, and punish it with your team or your own play. 

(2) Level 1/2 Wave Understanding - From the start of the laning phase we should be opting towards manipulating wave states. Level 1, we should play with either the intention to crash the first 2 waves into a slow push on our side, or we can let Nasus hit us just once to make our minions target him instead of the wave. Whichever one you choose, you need to make sure that Nasus pushes the wave on your side. Once the wave is on your side of the map, you can freeze on him or dictate your trade patterns to get his HP down.

(3) Play Wave On Your Side - Playing the wave on your side essentially means playing wave states on your side of the map, via abusing wave manipulation tactics or freezing on your side of the map. Simply use this to help you combo on your laner, taking away any space from them being able to trade you back (This also helps prevent the enemy running you down with their extended or sustained movement speed abilities). You can also use this wave state to run down your opponent with your abilities up, helping you obtain kills a lot easier vs stalemate or ranged match ups. Look to do this when your opponents are below 50% HP, or potentially make a mistake to provide you an all in opportunity to run them down. 

(4) Abuse Nasus Weak Early - Nasus’s early game is very weak, meaning most times you fight Nasus he has to expend a lot of mana to survive against Renekton’s bursts. Through this period of the game, as long as you do whatever you can to deny his stacks, or play around your jungler to get them ahead through ganks or objective secures, Nasus won’t be able to contest or deal with Renekton’s pressure.

(5) Respect Nasus E Shred - Later on in the game, Nasus’s E starts providing Nasus way more value within the game, as he’s able to place his E and shred from 30% to 50% armour. When fighting Nasus, try to always avoid fighting in his E as it provides so much utility in fights, as Nasus’s teammates can also utilise the armour shred to help kill you easier. 

(6) Abuse Empowered E - Through mid game fights, Nasus can amass past 300 armour with his R active, making him super tanky and hard to deal with as Renekton. When fighting around your team, make sure to use empowered E to shred 25% to 35% of his armour, as well as being able to use Black Cleaver to help apply even more shred against his armour stacking playstyle. This will allow you to easily take care of Nasus with your team, tanking away his potential unkillable status. 

(7) 3 Points Q > W Max - This playstyle allows you to constantly have W’s to help you stay onto Nasus while abusing your high damage ratios, allowing you to snowball and neutralize Nasus within the mid stages of the game. Make sure to put 3 points into your early wave clear and poke, then look to max W throughout the rest of your points. Once completed, max your E for additional mobility to help enable your up close stun abusing playstyle. W also helps you peel off Nasus from extended 1v1’s, as well as helping your teammates fight him within teamfights.

(8) Avoid Nasus R Fights - Once Nasus gets R, duels against Nasus will become a lot harder due to his increasing armour and magic resists through fights, on top of his lower Q CD. Renekton’s R in comparison is not even close to being as strong, so unless we already gained a lead to help us use against Nasus, Renekton R won’t be as game changing as Nasus’s own ult. 

(9) Build Eclipse, Black Cleaver or BoTRK - Go Eclipse for consistent power through mid game and damage mitigation with the shield. / Go Black Cleaver for additional CDR and other versatile stats for utility based gameplay. / Go BoTRK to one shot and snowball with a damage focused build. 

(10) Mid Game + Teamfighting Tips - The Renekton vs Nasus match up as constantly reiterated through these notes, is all about making sure Nasus doesn’t stack. If Nasus could not successfully stack, Renekton should make sure to use his giant lead after taking tier 1 tower, to roam the map and make sure he uses his lead to get his teammates ahead. Make sure to appear at every dragon, help dive enemies with your presence and if needed, make sure to swap out your mid or scaling champion to farm against Nasus. Overall Nasus cannot help deal with Renekton’s presence when he’s behind, and all he can do is utilise farming and split pushing for towers. If Nasus is ahead, the game does become infinitely harder as you cannot do much to deter him out of the lane, or roam when he can easily take towers. The only thing you can really do, is try to spam ping your team to help shut him down and use your empowered E and potential cleaver to help shred his armour to make him killable within the fights. Make sure you always prevent Nasus from hard split pushing, using TP or having someone there to wave clear with TP to stop Nasus constantly pressuring that side of the map. 
Within team fights, try to protect your carries from Nasus’s engage, using your empowered E and Black Cleaver to shred his Armour. If your team isn’t around, make sure just to wave clear and wait for your team to come before committing to any fights. Following on from that, use your W’s to help CC Nasus and exploit his mediocre teamfighting. Overall, Nasus cannot really do much even in teamfights and Renekton has the upper hand to help lock him down, allowing his teammates to play around him a lot easier. 
",Coming Soon
Nautilus,Easy - 2/10,"Conq > Resolve / Inspiration
",Doran's Blade / Doran's Shield / Long Sword,Ignite / Teleport / Ghost + Flash,Q > E > W,"Nautilus is a very free match up when it comes to top lane, as his base damage and stats are super weak to ever deal with Renekton. Renekton can use his wave clear to always create cheater recalls, he can use his empowered W to nuke his shield and use his E to prevent Naut escaping with Q or trying to space away from Renekton. This match up is insanely terrible, however his heavy CC kit can be paired super well with high damage champions, so keep that in mid when fighting 1v2 or playing teamfights. Within teamfights Nautilus will always try to use his combo on whoever is the strongest, so keep that in mind and play away from being caught in his Q and R combo.","(1) Level 1 Q or E Start - As mentioned through other notes, playing off Q and E both require different plays, however in this match up you can essentially do either of them and have pretty good success. With that said, play around the strengths of level 1 and look for a level 2 kill. 

(2) Play For Level 2/3 Kill Angle - Once you chunk out Nautilus you're most likely able to kill him with your W, Dash or Flash up. Look to shove the wave around your kill timer, so you're able to make Nautilus lose a lot more. 

(3) Abuse Renekton's Waveclear - A giant advantage Renekton has within this match up, is his overall ability to easily clear minion waves. This can help him achieve perfect tempo resets, or allow him to proxy waves to help increase his gold lead, while also hostaging the enemy top laner under their own tower. Being able to fast clear also forces the enemy into contesting push, allowing you to easily mana burn and create advantageous positions from it. Abuse this strength to cheat out bad laning situations, or increase your overall power within the game.  

(4) Abuse Renekton's Early Game - In this match up Renekton is essentially able to do whatever he simply wants. With that said, really hone into your strong early to mid game strengths to help you dominate and win the game. Play to deny your enemy of gold and xp, play to proxy and generally lead any top side skirmishes with your insane lane advantage.

(5) Respect Nautilus CC Combo - Nautilus cannot really do much towards Renekton, however his CC remains a great kit to help him enable kills onto targets such as Renekton. When playing around Nautilus, try to avoid ganks by using wards and making sure to E fast enough to avoid Nautilus's Q hook. Do note that Nautilus can cancel Renekton’s E if he times it right, so make sure to always avoid that. 

(6) Heavy Trades - Being that Renekton carries a lot of high damage, Renekton is able to just jump on his target nearly at will. Whenever your laners present you with the ability to jump on them, simply take the opportunity to burst them as much as you can. If you didn't kill them already from that, use your options of freezing or your tower diving ability to help you finish off your opponent.

(7) 3 Points Q > W Max - This playstyle allows you to constantly have W’s to help you stay onto Nautilus while abusing your high damage ratios, allowing you to easily snowball and permanently shutdown Nautilus within all stages of the game. Make sure to put 3 points into your early wave clear and poke, then look to max W throughout the rest of your points. Once completed, max your E for additional mobility to help enable your up close stun abusing playstyle.  

(8) Abuse Renekton's R Powerspike - Once you reach level 6 your ultimate will essentially help you consistently stat check and dominate any match ups you were winning or losing. Make sure to always wait for your R CD to help you make plays, otherwise it will lead you towards a major disadvantage in dueling your enemies. 

(9) Build Eclipse, Black Cleaver or BoTRK - Go Eclipse for consistent power through mid game and damage mitigation with the shield. / Go Black Cleaver for additional CDR and other versatile stats for utility based gameplay. / Go BoTRK to one shot and snowball with a damage focused build. 

(10) Mid Game + Teamfighting Tips - Nautilus’s role within team fights, consists of frontlining for his team, while playing with the intent to make picks with his Q and R. When playing against Nautilus, try to abuse your side laning power to help you keep killing Nautilus, or secure towers with the side lane. Renekton cannot really lose to Nautilus at any stage within the mid game, however try to ward the enemies jungle and avoid being caught out. Try to also track Nautilus's position on the map using pings, as these will help your team avoid getting caught. Within teamfights, you can easily shred Nautilus if he tries to front line against your team, however your main purpose should be trying to nuke his carries. Nautilus cannot solo win teamfights, so he needs his teammates to help him apply damage towards winning a fight. 

",Coming Soon
Neeko,Hard - 7/10,PTA > Resolve ,Doran's Shield,Ignite / Teleport + Flash,Q > E > W,,"(1) Play For Sustain Early - Neeko’s early poke and harass is quite problematic when it comes to Renekton’s laning phase, as he’s unable to get the trades he wants, on top of her damage being very high within these moments of the game. Against Neeko, make sure to buy D Shield and Second Wind while playing with the intent to outsustain and mana burn her through the lane. Once Neeko expends lots of mana (From either missing abilities from Renekton baiting them out, outstaining with empowered Q or his overall setup.), Renekton will be able to find the angles he needs to help him successfully lane or kill Neeko.

(2) Respect Neeko’s Shapeshifting Passive - Neeko is able to shapeshift into anything she can interact with in the game. Some of Neeko’s potential shapeshifting targets are jungle camps, minions, plants and her own teammates. With that said, try to always remain skeptical of players or any other unusual activities (Jungle being alive despite camp CD, plants in unusual placements, champions aimlessly walking around with low HP towards enemies, additional melee or caster minion within a minion wave.) Try to always use these hints towards spotting Neeko, as these can deny her of any cheesing attempts within the game.

(3) Avoid Neeko Q Poke - Neeko’s Q allows her to throw her ability, dealing damage up to 3x as long as her Q hits a target. As Renekton, baiting out her Q is very important to help burn her mana, as well as avoiding her main target source of damage. To bait out Neeko Q, we can walk towards her or the minion wave using short in and out clicks to help bait out her Q, allowing us to successfully avoid her damage and allow us to look for a trade right after. 

(4) Avoid Damaging Neeko Clone - Neeko will typically force her W as soon as you land on her, creating her clone with the hope of making you waste your damage on it. Once you’re able to dash on top of Neeko, simply wait until she spawns her clone while paying close attention to her original position. Neeko’s close will spawn slightly to the side of her original position, so make sure to stick to the closest target and wait until she uses an ability, or her clone goes on CD before fully committing towards the clone. 

(5) Avoid Neeko E - Another important ability Renekton must avoid against Neeko is her E ability. Neeko E allows her to root Renekton if he walks up or dashes towards her, providing a free opportunity for Neeko to burst down Renekton. As previously mentioned, we need to abuse short clicks to help us bait out her E, as if she misses it can present us with the opportunity to always fight back and abuse her. Another way to bait out her E, is trying to use our E when she least expects (E.G: Looking away from her, then casting towards her),  followed by side stepping as soon as we finish our animation. Doing this will allow you to dodge her E, providing you the follow up with E2 to help you jump on to her. 

(6) Rush Mercury Treads - To make the lane absolutely easy, make sure to abuse Mercury Treads to help you break out of her CC faster, on top of lowering her overall damage to provide you a much easier experience. 

(7) Play Wave On Your Side - Playing the wave on your side essentially means playing wave states on your side of the map, via abusing wave manipulation tactics or freezing on your side of the map. Simply use this to help you combo on your laner, taking away any space from them being able to trade you back (This also helps prevent the enemy running you down with their extended or sustained movement speed abilities). You can also use this wave state to run down your opponent with your abilities up, helping you obtain kills a lot easier vs stalemate or ranged match ups. Look to do this when your opponents are below 50% HP, or potentially make a mistake to provide you an all in opportunity to run them down. 

(8) Abuse Renekton's R Powerspike - Prior to this point in the match up, if Renekton has farmed safely and rushed defensive boots in the match up, Renekton is now ready to fight his opponent in an all in. Renekton's high base damage and stats from his R, allows Renekton to completely stat check his counter match up. Simply wait for the enemy to make a mistake, then go all out and kill your opponent.

(9) Avoid And Punish Neeko’s R - Neeko’s R is a big ability within 1v1’s or teamfights, allowing her to knock up and burst her enemies. Renekton doesn’t really fear Neeko R, however if you’re low you should always try to avoid being stunned by Neeko as she will most likely R right after it. When fighting Neeko, you can most often look to hold W for her R, as you will be able to shield break her shield 

(10) Build Hexdrinker, Eclipse, Stridebreaker or BoTRK - Go Hexdrinker to lower Neeko's overall damage and have a MR shield. / Go Eclipse for consistent power through mid game and damage mitigation with the shield. / Go Stridebreaker to cripple Neeko's mobility and provide teammates with additional utility. / Go BoTRK to one shot and snowball with a damage focused build.

(11) Mid Game + Teamfighting Tips - Neeko’s playstyle within the mid to late game, relies off using her cunning shapeshifting abilities to catch out squishy carry targets, while also utilising her overall playmaking potential with her R. Neeko’s overall objective is trying to catch out your teammates, allowing her to secure objectives or towers for her team. When playing vs Neeko, make sure to always double take on minion waves, plant locations and more or less anything she can potentially shape shift to. Neeko’s shape shift is an incredibly high skill ceiling ability, to which most won’t even be able to fully utilise within lower MMR’s, however always remain skeptical and avoid walking into her. Within team fights, try to prevent Neeko’s engage by looking to W her before reaching your team, as this will deny her getting into a favourable position to help her apply damage within the fight. Alternatively, you can also hold W’ing Neeko until her R cast is finished, allowing you to shield break and one shot Neeko through the fight. Overall, denying Neeko of her R is very important, so if you can avoid Neeko’s catch combo with her E, or stun her before she gets into range, this will prevent Neeko from finding her viability and role within a fight. 
",Coming Soon
Nidalee,Medium - 6/10,PTA / Conq > Resolve / Inspiration,Doran's Blade / Doran's Shield,Ignite / Teleport + Flash,Q > E > W,,"(1) Play For Sustain Early - Nidalee’s early grasp poke playstyle, can be a pretty annoying playstyle early. Nidalee’s playstyle consists of using bushes to obtain extra movement speed towards poking you down, on top of her chunking you out with her grasp autos to help her maintain damage within the lane. As Renekton, we must play with the intention of avoiding her core damage from her Q, as well as using our own Q to heal and outsustain Nidalee’s damage. Using D shield and Second Wind is also crucial for surviving in the lane against Nidalee, as her poke damage will fall off post level 6.

(2) Avoid Nidalee Passive - Nidalee’s passive mark allows her to deal bonus damage in her cougar form on marked targets, allowing her to easily out trade and stat check her opponents. Nidalee’s damage entirely relies on landing a Q spear, or using her W traps to provide Nidalee’s ability to trade against her target. As long as you actively play to avoid either of those things, Nidalee will never have the damage to beat you. Avoiding her Q using well timed E’s,or using the minion wave to weave around her spears, will prevent her overall ability in being able to out damage you. 

(3) Avoid Nidalee Q - Nidalee’s Q allows her to hurl her spear towards her target, dealing tons of damage and marking her target in the process. Most often Nidalee’s committed trades will come in the hand of landing her Q, followed by switching to her Cougar from to leap and deal bonus damage towards her target. 

(4) Play For Manaburn - With Renekton opting into a heavy sustain based playstyle, Renekton can use that to help him mana burn through Nidalee’s offence. Typically when evading her main abilities, Renekton will get the upper hand through his empowered Q trades on top of his sustain based items. As long as you’re sticking to these tools, Nidalee will run out of mana, creating the ability to force all in trades.

(5) Play Wave On Your Side - Playing the wave on your side essentially means playing wave states on your side of the map, via abusing wave manipulation tactics or freezing on your side of the map. Simply use this to help you combo on your laner, taking away any space from them being able to trade you back (This also helps prevent the enemy running you down with their extended or sustained movement speed abilities). You can also use this wave state to run down your opponent with your abilities up, helping you obtain kills a lot easier vs stalemate or ranged match ups. Look to do this when your opponents are below 50% HP, or potentially make a mistake to provide you an all in opportunity to run them down. 

(6) Quick Trades - E > Q > AA  > W > AA > E Out / E > Q > W > E / E Q E - These combos allow for Renekton to get quick damage off in being able to keep health up and whittling his opponent down, use these to get your laner low and look for a low HP kill with flash. 

(7) Abuse Renekton's R Powerspike - Once you reach level 6 your ultimate will essentially help you consistently stat check and dominate any match ups you were winning or losing. Make sure to always wait for your R CD to help you make plays, otherwise it will lead you towards a major disadvantage in dueling your enemies. 

(8) Build Eclipse, Black Cleaver or BoTRK - Go Eclipse for consistent power through mid game and damage mitigation with the shield. / Go Black Cleaver for additional CDR and other versatile stats for utility based gameplay. / Go BoTRK to one shot and snowball with a damage focused build. 

(9) Mid Game + Teamfighting Tips - Nidalee’s overall scaling through the mid to late game is generally very poor, as her main attributes focus on her lane bully playstyle that either allows her to snowball the side lane, or fall into absolute irrelevance. Overall, Nidalee really cannot sustain her playstyle as it’s very quick to fall off based on her lack of AP damage through her tank build, or how generally harder it is to pilot through early to mid game. As Renekton, our power levels surpass Nidalee’s post level 6, allowing us to control and dominate any skirmishes or teamfights. Within the side lane, Renekton can easily fast push minion waves, always giving him the easiest opportunity to look for roams, or he can focus on 1v1’ing Nidalee with his overall item and R powerspikes. Within teamfights, Nidalee’s only hope to kill any targets is trying to land her Q, while following up her team on any isolated picks. As Renekton, our main objective can be to either peel against Nidalee using our W and empowered E to shred any armour, or we can play to distract or nuke her backline. Overall Nidalee’s role is simply limited in comparison to what Renekton can do. 
",Coming Soon
Nillah,Easy - 2/10,PTA > Resolve / Inspiration,Doran's Blade / Doran's Shield / Long Sword,Ignite / Teleport / Ghost + Flash,Q > E > W or Q3 > W > E,,"(1) Level 1 E Start - Try to cheese PTA proc or Conq with E1 > 3 auto's > disengage with E2.

(2) Play For Level 2/3 Kill Angle - Once you chunk out Nilah you're most likely able to kill her with your W, Dash or Flash up. Look to shove the wave around your kill timer, so you're able to make Nilah lose a lot more. 

(3) Abuse Renekton's Early Game - In this match up Renekton is essentially able to do whatever he simply wants. With that said, really hone into your strong early to mid game strengths to help you dominate and win the game. Play to deny your enemy of gold and xp, play to proxy and generally lead any top side skirmishes with your insane lane advantage.

(4) Hold Renekton W Vs Nilah’s W - Nilah’s only way to prevent Renekton’s damage and trading power within fights, is using her W ability. Nilah’s W prevents all basic attack damage for 2.25 seconds, which also affects empowered auto attacks such as Renekton’s W. Within this time, you should refrain from using your W, as she will instantly cancel out the damage and hard counter you within these moments. Nilah’s W is 26 Seconds at rank 1, allowing you to punish her within your next W or E trade. Once Nilah has no W, you can always look to all in and kill her at will.  

(5) Heavy Trades - Being that Renekton carries a lot of high damage, Renekton is able to just jump on his target nearly at will. Whenever your laners present you with the ability to jump on them, simply take the opportunity to burst them as much as you can. If you didn't kill them already from that, use your options of freezing or your tower diving ability to help you finish off your opponent.

(6) Play Waves Accordingly - Simply assess whether or not you want to play for freeze, to help you deny XP and CS, while presenting yourself more opportunities to create fights. Or, play to shove waves to create proxy angles, tempo resets or create a dive opportunity. Renekton has all the cards to do whatever he wants with wave management. Also respect that if your laner tries to proxy, simply proxy back or coordinate a kill on them with your jungler. 

(7) Respect Nillah R - Nilah’s R is similar to how Diana’s R works, in the sense she wants to dash or flash into the middle of a fight, with the intention of looking for a mass AoE R around her enemies. Nilah’s R provides her with a decent amount of damage, on top of pulling and slowing all her enemies around her. Nilah also heals from 20% to 50% HP based on each enemy hit, as well as converting it into a shield if she overheals. Overall Nilah’s strengths are essentially getting into the middle of a teamfight and using her R. As Renekton, we want to either shut her down with W before she can do that, or avoid clumping up with our teammates when she’s in position. Overall Nilah’s chances to do much are hard if Renekton holds W, so make sure to hold W to prevent her getting any additional value out of her R. 

(8) Build Eclipse, Stridebreaker or Profane - Go Eclipse for consistent power through mid game and damage mitigation with the shield. / Go Stridebreaker to cripple Nillah's mobility and provide teammates with additional utility. / Go Profane for full damage focused playstyles.

(9) Mid Game + Teamfighting Tips - Nilah’s overall chance to do much in the game is severely weaker in solo lane, giving up on her potential ability to play around a shield support or having an easier time in being able to scale in the game. Nilah’s kit is very weak into Renekton outside of her W, so most points and positions in the game if you can hold your W against her and prevent her blocking it with her W, she will not be able to do anything no matter what. Each 1v1 in side lane is practically suicide for her, so make sure to abuse your brute force power against her when she’s alone. Within teamfights, as mentioned she will only be able to look for R engages, so make sure to avoid her engages and hold W for when she’s in range. 
",Coming Soon
Nocturne,Easy - 2/10,"PTA / Conq > Resolve / Inspiration
",Doran's Blade / Doran's Shield,Ignite / Teleport / Ghost + Flash,Q3 > W > E,,"(1) Respect Nocturne Level 1 - Nocturne’s Level 1 with Conqueror or Lethal Tempo can be hard to deal with, due to the fact he can obtain a mass amount of AD with Q, on top of the ability to potential use attack speed to help out duel his opponents. With that said, level 1 we should play to let Nocturne push if he’s using Q aggressively onto you and the wave. In terms of abilities to skill, we can take W if he tries to engage on us, or we can use Q to either push back against a more passive Nocturne, or use it to last hit minions until we reach our level 3 powerspike. 

(2) Play For Level 2/3 Kill Angle - Once you chunk out Nocturne you're most likely able to kill him with your W, Dash or Flash up. Look to shove the wave around your kill timer, so you're able to make Nocturne lose a lot more. 

(3) Play For Manaburn - Nocturne’s abilities expend so much mana within the laning phase, due to the fact he needs to use each ability to correctly counter what Renekton is doing within the moment. Nocturne must use his Q, for when Renekton tries to fight him or if he’s trying to out push Renekton, Nocturne needs W to block incoming damage or Renekton’s stun, and Nocturne needs E to help him fear away Renekton when he engages onto him. Overall, Renekton’s playstyle allows him to effectively put Nocturne in an uncomfortable situation through his overall mana expenditure, allowing Renekton to have more advantages.

(4) Hold Abilities Vs Spellshield - As previously mentioned, Nocturne will try to use his E to help block Renekton’s abilities, with your W most preferably being his target to block. Once Nocturne blocks an ability, he’s able to gain 60% to 100% additional attack speed, allowing him to have way more DPS and dueling power in the process. When fighting Nocturne, we can simply E1 and bait his E, allowing us to hold our abilities until his shield goes onto CD, providing the ability to unload and all in him right after. Sometimes we may have to use E2 to help us break his spell shield, as waiting too long in his fear timer can fear us away. While instead, using our E2 allows us to get ahead of him and prevent him from escaping. 

(5) Avoid And Outplay Nocturne E - Nocturne when used right can be a powerful ability, as it can provide offensive and defensive capabilities to make trades feel awkward. When fighting Nocturne early, we should aim towards short trades. We should avoid fights with Nocturne in his E, as he can easily DPS us down as we’re unable to stat check him at those early periods in the game. Overall we can start basic trades with our Q and W, then hold our E to dash out of his fear tether range, preventing Nocturne any leeway into the fights. While Nocturne already struggles against Renekton, we can play to purchase Mercury Treads to counter him even harder. Having Mercs allows you to cut Nocturne’s ability to fear you, allowing you the ability to easily obtain kills and snowball harder against him.

(6) Quick Trades - E > Q > AA  > W > AA > E Out / E > Q > W > E / E Q E - These combos allow for Renekton to get quick damage off in being able to keep health up and whittling his opponent down, use these to get your laner low and look for a low HP kill with flash. 

(7) Play Wave On Your Side - Playing the wave on your side essentially means playing wave states on your side of the map, via abusing wave manipulation tactics or freezing on your side of the map. Simply use this to help you combo on your laner, taking away any space from them being able to trade you back (This also helps prevent the enemy running you down with their extended or sustained movement speed abilities). You can also use this wave state to run down your opponent with your abilities up, helping you obtain kills a lot easier vs stalemate or ranged match ups. Look to do this when your opponents are below 50% HP, or potentially make a mistake to provide you an all in opportunity to run them down. 

(8) Ping And Respect Noc R - Nocturne R is a very dangerous ability the later the game gets, as he’s able to have instant access against isolated targets, providing him a consistent play pattern and role within the game. Most fights will start because of Nocturne’s R, which is completely OP for preventing TP plays or the ability to find out where the fight is happening right away. Against Nocturne, it’s very important to always play for vision to spot out his potential paths that he’s hovering. Getting your carries to play together is also very important, otherwise Nocturne will be able to pick off targets for free. Overall his ability is hard to deal with in solo queue, but as long as you can hard snowball against him early, while playing with the intent of spam pining your team away from being alone. 

(9) Build Eclipse, Black Cleaver or BoTRK - Go Eclipse for consistent power through mid game and damage mitigation with the shield. / Go Black Cleaver for additional CDR and other versatile stats for utility based gameplay. / Go BoTRK to one shot and snowball with a damage focused build. 

(10) Mid Game + Teamfighting Tips - As previously mentioned, within the mid to late game role, Nocturne’s overall ability for success comes from looking for isolated targets and advantageous skirmishes with his R. To avoid Nocturne’s overall pick and catch advantage, we need to make sure to avoid over-extending when he and his team are missing in action, on top of pinging your teammates to be careful in these moments. Playing around your team is also very important, as Nocturne’s engages fall flat if he simply can’t jump onto isolated targets. When playing around your team, Nocturne is easily killable with his front engage, so make sure to peel your win condition carries and use his R as a free kill opportunity. Within teamfights, Nocturne will always focus on your main damage carry, so make sure to stand directly onto them to protect them at all costs. Outside of Nocturne R, he can’t really do much within teamfights or 1v1’s, so make sure to hard abuse it with your overall team fighting and damage power. 
",Coming Soon
Nunu,Easy - 1/10,"PTA / Conq > Resolve / Inspiration
",Doran's Blade / Doran's Shield / Long Sword,Ignite / Teleport / Ghost + Flash,Q > E > W,,"(1) Avoid Nunu’s W Cheese - Nunu’s only real cheese that can catch us off guard and potentially chunk us out, is Nunu’s level 1 cheese. Nunu will simply roll his ball level 1 out of fog of war, charging up his overall damage and snowball size to help him one shot the wave and hit his laner in the process. Nunu will constantly do this the whole laning phase to bypass fighting his laner, so make sure to punish Nunu with our dash combos right after he misses his snowball. Try to avoid also being hit by his W, as it hits like a truck at most stages with the game. 

(2) Level 1 E Start - Try to cheese PTA proc or Conq with E1 > 3 auto's > disengage with E2.

(3) Play For Level 2/3 Kill Angle - Once you chunk out Nunu you're most likely able to kill him with your W, Dash or Flash up. Look to shove the wave around your kill timer, so you're able to make Nunu lose a lot more. 

(4) Ping Nunu Roams - Nunu’s only real advantage over Renekton, is simply not laning against Renekton at all. Nunu’s gameplan simply consists of prioritising ganking other lanes with his W, helping him snowball darkseal or mejai’s stacks, on top of getting his teammates ahead with his high movement speed playstyle. Renekton cannot really contest Nunu’s gank timers, however Renekton can easily wave clear with ease allowing him to easily punish Nunu’s roams in the process. 

(5) Abuse Renekton's Early Game - In this match up Renekton is essentially able to do whatever he simply wants. With that said, really hone into your strong early to mid game strengths to help you dominate and win the game. Play to deny your enemy of gold and xp, play to proxy and generally lead any top side skirmishes with your insane lane advantage.

(6) Abuse Renekton's Waveclear - A giant advantage Renekton has within this match up, is his overall ability to easily clear minion waves. This can help him achieve perfect tempo resets, or allow him to proxy waves to help increase his gold lead, while also hostaging the enemy top laner under their own tower. Being able to fast clear also forces the enemy into contesting push, allowing you to easily mana burn and create advantageous positions from it. Abuse this strength to cheat out bad laning situations, or increase your overall power within the game. 

(7) Heavy Trades - Being that Renekton carries a lot of high damage, Renekton is able to just jump on his target nearly at will. Whenever your laners present you with the ability to jump on them, simply take the opportunity to burst them as much as you can. If you didn't kill them already from that, use your options of freezing or your tower diving ability to help you finish off your opponent.

(8) Respect Nunu R - Nunu’s only other potential advantage is being able to cheese fog of war, abusing it to use his R to one shot people off guard. Nunu is a very crafty champion, however being that he is so linear, it’s very important to play around these strengths to make him a useless pick. Try to consistently ward territories within the river bushes, or use red trinkets when walking through bushes, to spot Nunu and allow yourself to E before his R goes off. When walking towards an unwarded bush pay attention towards your movement speed, as if you’re losing movement speed because he is ulting. 

(9) Build Eclipse, Stridebreaker or BoTRK Go Eclipse for consistent power through mid game and damage mitigation with the shield. / Go Stridebreaker to cripple Nunu’s mobility and provide teammates with additional utility. / Go BoTRK to one shot and snowball with a damage focused build.

(10) Mid Game + Teamfighting Tips - When it comes to mid game, Nunu’s over gameplay won’t change. Nunu will always be trying to use his snowballs to roll towards the enemy team, eventually looking for the one shot he’s hoping to get. When playing into Nunu, make sure to always avoid his snowballs at all costs, or alternatively if you’re tanky enough, make sure to block incoming snowballs to save your team from any of his engages. When moving towards objectives within the mid game, it’s also important to always note where Nunu could be hiding, as if you’re not warding any objective territories, Nunu will use that to one shot with his R. Within teamfights, Nunu won’t be really able to do much without using his W or getting a good R position, so make sure to avoid those to really take away anything else he can do. If Nunu fails to use his W or R, he simply will be useless and you will be able to play the fight however you want. 
",Coming Soon
Olaf,Medium - 5/10,"PTA / Conq > Resolve / Inspiration
",Doran's Blade / Doran's Shield,Ignite / Teleport / Ghost + Flash,Q3 > W > E,,"(1) Avoid Olaf’s Level 1 Cheese - A big mistake most players make vs Olaf, is that they will tank 1 of Olaf’s Q’s then proceed to get ran down in the lane, allowing Olaf to obtain first blood. The trick to surviving Olaf’s level 1 engage, is trying to actively click side to side, to help you bait or avoid Olaf’s incoming Q. If Olaf misses Q, he cannot run you down and cheese for first blood. However, Olaf can attempt to fight you and pick up his Axe, in which you can skill E then force a PTA or 2 Hit Trade, then look to dash out. Olaf’s HP will be chunked, allowing you the opportunity to force a level 2 kill with W 2nd. Renekton can also skill Q level 1 if he’s feeling more confident, while playing around ignite and doran’s blade. As long as you can avoid Olaf’s Q’s while kiting effectively, you can kill Olaf and severely put him behind early. 

(2) Play For Level 2/3 Kill Angle - Once you chunk out Olaf you're most likely able to kill him with your W, Dash or Flash up. Look to shove the wave around your kill timer, so you're able to make Olaf lose a lot more. 

(3) Respect Olaf Q Spam - As previously mentioned, Olaf’s Q spam can be very deadly, providing Olaf the damage and utility he needs to chunk or kill his targets. Olaf’s Q applies armour shred from each hit, so make sure to avoid long trades unless you’re already fed and in a position to stat check him. Olaf’s Q’s entirely rely on hitting them, so if you’re utilising short clicks to bait them in and out, Olaf will waste his mana and lose a lot of damage in the process. 

(4) Quick Trades - E > Q > AA  > W > AA > E Out / E > Q > W > E / E Q E - These combos allow for Renekton to get quick damage off in being able to keep health up and whittling his opponent down, use these to get your laner low and look for a low HP kill with flash. Try to avoid fighting Olaf in extended fights, try to always play with the upper hand of your short combos to help you overwhelm Olaf.

(5) Abuse Renekton W Shield Break - Olaf’s W shield can help him cheese low HP fights, as he’s able to provide a quick shield to help him lifesteal, on top of providing attack speed to help him abuse his lifesteal and attack speed passive when he’s low. As Renekton, typically we want to hold our empowered W until he uses it in these moments, as we can instantly break his W shield as well as stun him into our kill. 

(7) Play Wave On Your Side - Playing the wave on your side essentially means playing wave states on your side of the map, via abusing wave manipulation tactics or freezing on your side of the map. Simply use this to help you combo on your laner, taking away any space from them being able to trade you back (This also helps prevent the enemy running you down with their extended or sustained movement speed abilities). You can also use this wave state to run down your opponent with your abilities up, helping you obtain kills a lot easier vs stalemate or ranged match ups. Look to do this when your opponents are below 50% HP, or potentially make a mistake to provide you an all in opportunity to run them down. 

(8) Respect Olaf R - Olaf’s R is a giant powerspike tool to help him duels, providing anti CC resistance through his R. When fighting Olaf with R, we typically should aim to double dash away as soon as he uses it. When fighting Olaf, we also want to make sure we fight him on our side of the map, otherwise Olaf can run us down with his Q slow and R uptime, to help him overpower and kill Renekton. Make sure to break freezes with your jungler, or force him to Q the wave and use E to dash away from him. Once fighting Olaf, use short trades to bait out his R, then look to E2 out on our side of the map. If we are fed, we can typically brute force trades with R available against Olaf R. Make sure to play off your strengths to take away Olaf’s power. 

(9) Abuse Renekton's R Powerspike - Once you reach level 6 your ultimate will essentially help you consistently stat check and dominate any match ups you were winning or losing. Make sure to always wait for your R CD to help you make plays, otherwise it will lead you towards a major disadvantage in dueling your enemies. 

(10) 3 Points Q > W Max - This playstyle allows you to constantly have W’s to help you stay onto Olaf while abusing your high damage ratios, allowing you to easily snowball and permanently shutdown Olaf within all stages of the game. Make sure to put 3 points into your early wave clear and poke, then look to max W throughout the rest of your points. Once completed, max your E for additional mobility to help enable your up close stun abusing playstyle.  

(10) Build Eclipse, Black Cleaver or BoTRK - Go Eclipse for consistent power through mid game and damage mitigation with the shield. / Go Black Cleaver for additional CDR and other versatile stats for utility based gameplay. / Go BoTRK to one shot and snowball with a damage focused build. 

(11) Mid Game + Teamfighting Tips - Olaf’s overall role weakens through the game, making him a very early game reliant champion in being able to snowball. Olaf’s overall objective will be trying to snowball kills through the lane, while looking to skirmish every chance he gets. If Olaf is unable to do either, Olaf’s overall relevancy will not be apparent unless your team is actively griefing fights around him. Try to make sure to still ping Olaf’s movements at all times, to avoid him using his Q utility for his teammates. If you’re ahead of Olaf, try to utilise your power within the side lane to fight him at will. Make sure to avoid Olaf’s teams from collapsing on you by actively warding and looking at the map. If Olaf is ahead, try to farm back in the game while actively pushing back against pushes. Try to also get your teammates to focus on Olaf if he’s fed in side lane, as this will free up map pressure and create a shut down opportunity to get back in the game. When playing teamfights, try to either peel off Olaf using your empowered E to shred his armour, or use your W to help burst him down. Overall, Olaf will try to engage first with his Q and R, so make sure to burst him down as fast as you can with your team, then look to fight the rest of his team when he is dead. 
",Coming Soon
Orianna,Hard - 8/10,PTA / Electrocute > Resolve,Doran's Shield,Ignite / Teleport + Flash,Q > E > W,,"(1) This may not always work in high MMR, however if you’re playing in lower MMR or simply want to try something different, then I recommend this - Level 1 E Start - Try to cheese PTA proc or Conq with E1 > 3 auto's > disengage with E2. Eventually if Ori is low enough, you can look to force a level 2 kill with W.

(2) Play For Level 2/3 Kill Angle - Once you chunk out Orianna you're most likely able to kill her with your W, Dash or Flash up. Look to shove the wave around your kill timer, so you're able to make Orianna lose a lot more. 

(3) Play For Sustain Early - Orianna’s high poke and lane bully playstyle within the early game, allows her to easily chunk down and keep Renekton at bay, preventing Renekton from being able to obtain any further kills if she plays well enough. When laning into Orianna, make sure to buy D Shield and Second Wind to help you outsustain against her damage, forcing Orianna to waste her mana, allowing Renekton to mana burn her into potentially killing her or forcing an early reset. Killing Orianna is always hard solo, so make sure you play for the small victories.

(4) Avoid Orianna Q - Orianna’s Q allows her to move her ball towards a location, dealing damage to all targets hit with the Q. Tracking Orianna’s Q is essential to baiting out certain abilities or forcing your own trades. To avoid being hit by it, you can utilise short clicks to move in and out of her range, allowing you to side step her incoming Q, dodging her potential Q > W or R in the process. Orianna typically uses her Q when you’re standing in her radius, walking towards her, or walking towards minions. With that said, try to spot how she uses her Q, then look to side step it and force a trade against her to punish her ball location. Doing this allows you to overpower Orianna’s advantage within the lane, forcing her to lose mana to bring back her ball, or allowing you to one shot her if you have enough damage. 

(5) Play Wave On Your Side - Playing the wave on your side essentially means playing wave states on your side of the map, via abusing wave manipulation tactics or freezing on your side of the map. Simply use this to help you combo on your laner, taking away any space from them being able to trade you back (This also helps prevent the enemy running you down with their extended or sustained movement speed abilities). You can also use this wave state to run down your opponent with your abilities up, helping you obtain kills a lot easier vs stalemate or ranged match ups. Look to do this when your opponents are below 50% HP, or potentially make a mistake to provide you an all in opportunity to run them down. 

(6) Quick Trades - E > Q > AA  > W > AA > E Out / E > Q > W > E / E Q E - These combos allow for Renekton to get quick damage off in being able to keep health up and whittling his opponent down, use these to get your laner low and look for a low HP kill with flash. 

(7) Rush Hexdrinker - Depending on the lane and game situation, sometimes I will rush Hexdrinker if I want to survive against her burst damage. Orianna’s high burst damage can hit like a truck if she’s fed, hence why having the Hexdrinker allows you to prevent her from killing you within the lane. Regardless, try to avoid Orianna getting any kills by giving up losing skirmishes or teamfights.

(8) Respect Orianna R - Orianna’s R is quite possibly one of the best ultimates in the entire game, due to her high skill ceiling of how she’s able to use it. When playing around Orianna R, try to avoid stacking up with your teammates, as her over value to mass CC and burst her enemies is absolutely high. If Orianna is fed, building magic resist against her damage is absolutely necessary if you want to be able to reach her. Make sure before any fights that you communicate if Orianna has R. If Orianna does not have R, her overall chances of carrying fights is a lot lower with how much utility her R has. 

(9) Play For Teammates - Solo killing Orianna is definitely hard if they’re playing optimally, hence why focusing and playing around your teammates matters a lot more than playing for yourself. Renekton’s high damage, tanky and utility based approach, allows him to be a great asset towards helping his team. As Renekton, you should either set up plays using optimal wave management to help your teammates gank your lane, or you should utilise your high wave clear to help you look for roams and play for any major objectives. Make sure to understand your win conditions within the game, protecting any high profile carries or disrupting or denying enemy threats.

(10) Build Eclipse, Stridebreaker or Profane - Go Eclipse for consistent power through mid game and damage mitigation with the shield. / Go Stridebreaker to cripple Orianna’s mobility and provide teammates with additional utility. / Go Profane for full damage focused playstyles.

(11) Mid Game + Teamfighting Tips - Orianna’s role within the mid to late game, is using her long range to help her poke and peel around her secondary carries, while looking for the perfect R to help change the tides of a fight. Orianna’s overall damage and potential for team fights is absolutely crazy, so make sure to avoid fighting her in disadvantageous positions; those include tight spaces and chokepoints, fighting clumped together with your team or walking into fog of war vs her. Any chance Orianna gets to use her R in these moments is catastrophic, so try to avoid being in them as much as possible. Renekton’s overall objective within the mid game, is making sure he can look for picks against Orianna, using her jungle or waiting in bushes to help assassinate her. If Renekton cannot kill Orianna but manages to get her R, this will allow you and your team to have a much easier position in being able to teamfight. Within teamfights, try to spread out against Orianna and look to find an engage onto her, using your double dashes or flash to land on top of her. Once you’re fighting Orianna, try to get her to waste her R on you or try to kill her before she’s able to use it. 
",Coming Soon
Ornn,Hard - 7/10,Conq > Resolve,Doran's Blade / Doran's Shield / Long Sword,Ignite / Teleport / Ghost + Flash,Q > E > W,,"(1) Level 1 Q Start - Try to push for level 2 advantage while poking Ornn with your Q, on level 2 skill E/W use advantage to chunk out Ornn and set up a potential level 2 or 3 kill.

(2) Play For Level 2/3 Kill Angle - Killing Ornn usually requires chunking him out within the first two waves, allowing you to use the 3rd and 4th wave bounce to push the wave on your side of the map to look for a kill angle. Ornn in these situations cannot really do much, so as long as you’re patient and play for this scenario, you will most likely be able to leverage a solo kill or a free gank opportunity. 

(3) Abuse Renekton's Waveclear - A giant advantage Renekton has within this match up, is his overall ability to easily clear minion waves. This can help him achieve perfect tempo resets, or allow him to proxy waves to help increase his gold lead, while also hostaging the enemy top laner under their own tower. Being able to fast clear also forces the enemy into contesting push, allowing you to easily mana burn and create advantageous positions from it. Abuse this strength to cheat out bad laning situations, or increase your overall power within the game. 

(4) Respect Ornn Brittle Passive - Ornn’s brittle allows him to apply a debuff onto his target, allowing his next auto attack to do 10% to 18% of the target’s maximum HP in magic damage. Ornn’s brittle targets that are CC’d, take 30% seconds longer to escape any CC. When playing into Ornn, we must always avoid taking his Brittle stack passive, coming from his W or his R. Try to always Ornn’s auto attack or abilities when you have a brittle stack, as he can also proc his brittle from his CC. Once successfully avoiding Ornn’s brittle passive, Ornn will not be able to have the damage or survivability to potentially help him beat Renekton.

(5) Avoid Ornn W - Ornn’s W is another important ability we must avoid, as his W can deal 12 to 16% of his target’s maximum HP as magic damage, allowing him to absolutely shred the HP of any HP stacking champion. An easy way we can avoid Ornn’s W, is if Ornn is walking towards us in melee range, we can use our E to E into him or to the side of his cast, removing his ability to utilise his total damage of his W or avoiding all the damage completely. We can also use our E to force trades then side step to the side, allowing us to walk behind him as he uses W. Abusing these two ways to avoid his W is very crucial for having the upper hand in 1v1’s against him. 

(6) Avoid Ornn Knockups - Ornn has an abundance of knock ups ranging across his kit. His Q is a slight displacement that can allow him to slightly nudge you towards him or away from him. His E allows him to knock up targets as long as they’re next to any terrain, this also includes terrain such as his Q or any other champion made terrain. Ornn’s R also knocks up if you get hit by the 2nd part of his R. Overall, avoiding standing next to walls, towers or his Q is absolutely essential as his ability to use his entire kit when you’re stunned is practically a death sentence. If you’re trying to kill Ornn under a tower wait for him to use E by waking in and out towards him, allowing you to bait his E and force the tower dive.  

(7) Abuse Empowered Q/E - Renekton’s Empowered Q and E are both very important tools when fighting Ornn, as they enable Renekton to overpower and deal with Ornn within most stages of the game. Renekton’s Q allows Renekton to outsustain Ornn within the lane, using it to poke away and easily wave clear against him in the process, creating reset opportunities or the ability to help fix wave states. Renekton’s empowered E allows him to shred through Ornn’s total armour, helping him or his teammates apply more damage to help kill him faster. 

(8) Play Waves Accordingly - Simply assess whether or not you want to play for freeze, to help you deny XP and CS, while presenting yourself more opportunities to create fights. Or, play to shove waves to create proxy angles, tempo resets or create a dive opportunity. Renekton has all the cards to do whatever he wants with wave management. Also respect that if your laner tries to proxy, simply proxy back or coordinate a kill on them with your jungler.

(9) Abuse Renekton's R Powerspike - Once you reach level 6 your ultimate will essentially help you consistently stat check and dominate any match ups you were winning or losing. Make sure to always wait for your R CD to help you make plays, otherwise it will lead you towards a major disadvantage in dueling your enemies. 

(10) Respect And Outplay Ornn’s R - Ornn’s R is terrific ability that allows him to mass knock up and apply brittle onto all his targets. Ornn’s R playmaking ability is absolutely insane, allowing him to easily win and turn fights with the press of a button. However, Ornn’s R can be interrupted within his R2 cast, denying him from knocking back his Ram towards his targets. If you or your team are able to cancel his R, this will weaken his overall ability to create playmaking opportunities to carry the fights. Renekton within 1v1’s or teamfights can stun Ornn before he’s able to use R2. Just make sure that you time your W half a second  before it reaches Ornn’s character model, otherwise he will still be able to use it. Try to avoid his R at all costs with your own dash, flash or using your W stun. 

(11) Build Eclipse, Black Cleaver or BoTRK - Go Eclipse for consistent power through mid game and damage mitigation with the shield. / Go Black Cleaver for additional CDR and other versatile stats for utility based gameplay. / Go BoTRK to one shot and snowball with a damage focused build. 

(12) Mid Game + Teamfighting Tips - Ornn’s role within the mid to late game, is utilising his heavy frontline cc playstyle to help protect teammates and initiate fights. Ornn’s scaling is always pretty relevant due to his maximum HP damage, his abundance of CC and his ability to upgrade his teammates items, furthermore increasing his HP, armour and magic resist by 30% when upgrading his whole team's items. Ornn compared to most tanks is one of the more deadlier ones, due to his huge variety of mechanics and aspects within his kit, hence making him a difficult match up later on. As Renekton, it’s very important to always try and keep Ornn within the side lane, as his playstyle to shove and roam with a high value R is always a threatening scenario. Simply try to hard crash waves, then look to try and rotate before Ornn’s able to. Alternatively, you can try to force fights if Ornn is isolated, allowing you to 1v1 him with items such as Black Cleaver and Shojin. If you’re able to remove Ornn’s R at any point within a fight, this is a gigantic moment to abuse as it takes away a lot of Ornn’s power. When it comes to teamfights, typically you want to take them if Ornn has no R or isn’t present within the fights, as this typically allows Renekton to do whatever he wants. If Ornn is within the fight, try to cancel his R at all costs. Make sure to dash onto him with your stun, then time your W to cancel his R2 cast, allowing you to prevent your team being mass CC’d by his team. Cancelling his R is absolutely crucial to avoid disastrous teamfights, as well as preventing his brittle being abused by his teammates CC. If you’re able to deny Ornn from using R, then you can change your overall motives towards shutting down any of his carries, or if your team is focusing on him then you can use your Black Cleaver and Empowered E shred to help cut down his overall armour. Overall, as long as Ornn doesn’t have R or cannot cast his R2, his overall pick will lose a ton of value. 
",Coming Soon
Pantheon,Hard- 7/10,Conq > Resolve,Doran's Blade / Doran's Shield,Ignite / Teleport / Ghost + Flash,Q > E > W or Q3 > W > E,,"(1) Play For Sustain Early - Pantheon’s early game is practically a nightmare for Renekton early, as his low Q CD and overall damage completely supersedes Renekton’s early aggression. Pantheon’s ability to stack towards an empowered ability also makes it a lot harder to contest, mainly due to Renekton’s hard to stack passive into low CD and high damage champions such as Pantheon himself. Within the early game, playing with D Shield and Second Wind will allow you to outsustain his early damage, giving you the sustain needed to survive until your first back. If you’re able to keep your health up by playing out of range, while side stepping or avoiding any of his empowered attacks, this will present you the ability to look for fights back against Pantheon. 

(2) Avoid Pantheon Q - Pantheon’s Q allows him to poke in a line against his targets, allowing him to safely apply damage outside of Renekton’s Q range. Pantheon’s Q when lightly tapped is around 6 seconds early, allowing him to spam it and synergise around his other abilities to help reach his empowered Q faster. When playing vs Pantheon, we must always try to avoid his Q, as this can allow us to look for our trades as soon as he wastes his empowered Q. To dodge his Q, simply use short in and out clicks of his range, allowing you to potentially bait his Q and avoid his damage in the process. We can also use side to side clicks to help us easily evade his Q, giving us another angle to avoid his damage. 

(3) Avoid Pantheon Stun Combo - Pantheon’s W allows him to stun his target for 1 second by jumping on to them, allowing him to generate a stack of his passive. When empowered, Pantheon’s W allows him to deal 3 additional hits after his stun, applying any on hit effects such as PTA, Conqueror or item passives. Pantheon W engage will most often be his way to deal high damage trades, as he’s quickly able to apply his damage and force out extended trades. As Renekton, we should make sure to play around his W by preventing ourselves from walking into his range, denying Pantheon’s ability to chunk us out. If Pantheon uses his empowered stack, Renekton can look to trade right after and force him to use regular W and lose out on additional damage. Pantheon will most likely use W when Renekton dashes in, so make sure to use your E2 to further gap close on him if you’re stronger, or simply use E2 to dash back after baiting his stun. Post level 6, Renekton will be able to use Pantheon’s W engages as his own detriment, allowing him to easily stay in range and force Pantheon’s own E out. 

(4) Respect And Outplay Pantheon E - Pantheon’s E allows him to block all incoming damage from the opposite angle of him, allowing him to hard peel against any heavy damage attacks such as Renekton’s W. When his E is empowered, Pantheon gains additional HP, armour and magic resist, while also gaining 60% movement speed after using it. Pantheon’s E is a core ability to play around, as one bad E will put his ability on a 22 second CD, providing you the ability to look for fights after it's on CD. Most of the time, if Renekton engages onto Pantheon, Pantheon will stun you then use his E if you’re trying to E2 towards him, or if you’re walking up with W activated. Most of the time, you hard punish Pantheon’s own E after he jumps on you, as he will do is regular W > AAx3 > Q > AA > E - This trading pattern provides him a regular damage combo, however Renekton can use his E in close range, to help E behind him, allowing him to unload on the rest of his damage. We usually exploit this around the level 6 mark, as our ability to use our R will entirely help us stat check and beat Pantheon throughout the rest of the game. 

(5) Rush Plated Steel Caps - Plated Steelcaps are a giant buy into Pantheon, as it allows you to negate his auto attack and empowered W hit damage with Plated’s 10% reduction passive, as well as providing you additional armour and movement speed to help play around Pantheon’s damage. This is by far the safest approach you can take into the Pantheon lane, as this match up is basically playable from level 6 in combination with our R powerspike. 

(6) Play Waves Accordingly - Simply assess whether or not you want to play for freeze, to help you deny XP and CS, while presenting yourself more opportunities to create fights. Or, play to shove waves to create proxy angles, tempo resets or create a dive opportunity. Renekton has all the cards to do whatever he wants with wave management. Also respect that if your laner tries to proxy, simply proxy back or coordinate a kill on them with your jungler.

(7) Quick Trades - E > Q > AA  > W > AA > E Out / E > Q > W > E / E Q E - These combos allow for Renekton to get quick damage off in being able to keep health up and whittling his opponent down, use these to get your laner low and look for a low HP kill with flash. When playing vs Pantheon, make sure to wait for his abilities to be on CD before doing these, or use short combos like E Q E to help force Pantheon’s abilities out and waste his  mana. 

(7) Abuse Renekton's R Powerspike - Prior to this point in the match up, if Renekton has farmed safely and rushed defensive boots in the match up, Renekton is now ready to fight his opponent in an all in. Renekton's high base damage and stats from his R, allows Renekton to completely stat check his counter match up. Simply wait for the enemy to make a mistake, then go all out and kill your opponent.

(8) Ping Pantheon’s R - Pantheon’s R is pretty great for creating skirmishing and flanking opportunities, allowing him to easily engage on his target of choice to help secure kills or one shot in the process. Pantheon R is a giant ultimate, which can entirely dictate certain scenarios within the game. If Pantheon is missing, try to always respect the ability for him to R. If you’re shoving up a wave, try to hold your E to help you disengage away from Pantheon’s R. If Pantheon is missing without a trace, make sure to always spam ping your overextended or low HP teammates of his potential R, allowing them to have time to walk away and avoid being caught out. If Pantheon uses his ult anywhere else on the map, try to abuse that by crashing your wave to take plates, while also denying his ability to receive gold and XP. 

(9) Build Eclipse, Black Cleaver or Death's Dance - Go Eclipse for consistent power through mid game and damage mitigation with the shield. / Go Black Cleaver for additional CDR and other versatile stats for utility based gameplay. / Go Death’s Dance to help take away his 1v1 power, allowing you to stat check and survive against his damage in an extended fight. 

(10) Mid Game + Teamfighting Tips - Pantheon’s overall power falls off within the later stages of the game, however his ability to create flanking angles or catch out targets is a giant strong point towards his role within the game. Trying to always take smart fights is pretty essential against Pantheon, so any deep skirmishes where your team is unable to follow you, or your own teammates will be severely punished if Pantheon manages to join the fight. Try to always take fights the correct fights, by playing around team members when a major fight or objective breaks out, or avoid being over extended on the enemies side of the map if there is no vision. As long as you can deny Pantheon getting any kills, while playing smart enough where he cannot use his kit, Pantheon will not really have an answer for this style of gameplay. Within the side lane, Renekton’s power surpasses Pantheon’s kit if he’s able to stay even or get ahead, allowing him to easily make work out of Pantheon within the mid to late game. Renekton’s overall teamfighting role also works a lot better into Pantheon, as Renekton can fulfill many different roles within a teamfight that Pantheon simply cannot do. For instance, bruiser Renekton can protect carries, be a frontliner or a back line diver, while Pantheon is suited towards being a diver style champion. Within teamfights, try to immediately protect any of your win conditions from Pantheon’s engage, using your stun to help lock him down, as well as using your R or empowered E to shred any of his armour to help him become easily one shottable. If pantheon is omega weak, you can simply just force fight his backline and kill any of his high profile targets.
",Coming Soon
Poppy,Hard - 7/10,Conq > Resolve,Doran's Blade / Doran's Shield,Ignite / Teleport / Ghost + Flash,Q > E > W,,"(1) Level 1 Q Start - When laning vs Poppy, Q start is most preferred as it allows you to push for level 2 against her, while allowing you to whittle down her HP in the process. Renekton should try to avoid Poppy’s Q level 1, with the intention of tagging Poppy and the minion wave with Q. Once you reach level 2, Renekton can skill E to let him force a heavy trade, allowing him to set up a level 2 or 3 kill. 

(2) Respect Poppy's Passive - Poppy’s passive allows her to chunk out her opponents HP with her magic damage and grasp auto attack, while providing a shield on the ground in the process. Once obtaining the shield through minion kills with her passive or picking it up from the ground, Poppy can tank up to 11% to 20% of her maximum HP as a shield. As Renekton, we can utilise our empowered W to completely break the shield, which usually is possible if she decides to walk up into our range with her shield. If Poppy uses her passive attack to apply damage onto us, we can actively move towards the shield to help deny her from getting her shield, losing her ability to safely trade against us. 

(3) Avoid Poppy Q's Damage - Poppy’s Q damage allows her to do 2 part damage, totalling up to 200% bonus AD and 18% of the target's maximum HP as damage. Poppy’s Q is a serious ability to avoid at all times, which is certainly possible if we utilise short clicks to click in and out between her. Doing this will allow you to bait out her Q, thinking you’re walking into her range, but instead you will click back out forcing Poppy to miss her Q and waste her mana in the process. This is a core technique to abuse vs Poppy, as you can abuse it going towards the minion wave or simply walking into her. The more you do this, Poppy will lose out on mana, on top of the fact she won’t have the damage to be able to fight Renektin. 

(4) Avoid Poppy E Stun - Poppy’s E stun can also be very annoying, as it sets up her entire kit to lock her targets down, as well having the ability to deny any of Renekton’s dashes in the process. When playing against Poppy, you never want to position near any mountain terrain or structures, as this will provide her the free ability to get her stun off. As long as you play in the middle and actively play on the opposite side of Poppy to the wall, Poppy will never be able to get a stun off, making it very frustrating and impossible for her to do anything.

(5) Hold Renekton E For Poppy W - This is arguably the reason why people think Poppy is a hard counter match up, however just like all her other abilities, this is simply just another mind game ability that requires you to hold your E before her W. Poppy will simply always W if Renekton telegraphs his dash towards her, making dash trades very risky. Instead, we can actually do either of the following to make things a lot easier. Renekton dashes require more creativity, which we can simply do by looking away from Poppy, then surprising Poppy with an E1 when she walks towards his range, which most often forces Poppy to W after the dash, allowing us to hold E2 until it goes on CD. Another thing we can do is simply walk towards Poppy, with the intention of using our other match up fundamental tips to help us bait her W. Poppy will typically W if she thinks she is under threat, so make sure that when you avoid her Q and E usages, you utilise your Conqueror autos, Q and W, to help you stat check and force her to W.

(6) Play Wave On Your Side - Playing the wave on your side essentially means playing wave states on your side of the map, via abusing wave manipulation tactics or freezing on your side of the map. Simply use this to help you combo on your laner, taking away any space from them being able to trade you back (This also helps prevent the enemy running you down with their extended or sustained movement speed abilities). You can also use this wave state to run down your opponent with your abilities up, helping you obtain kills a lot easier vs stalemate or ranged match ups. Look to do this when your opponents are below 50% HP, or potentially make a mistake to provide you an all in opportunity to run them down. 

(7) Respect Poppy R - Poppy’s R can be a great tool to lock her targets down harder with the additional CC, or it can be used to knock her enemies completely away from fights. When playing vs Poppy, poppy will typically use her R aggressively if Renekton is low and within a killable range. However, if Poppy is low and Renekton is pushing for a kill, Poppy will charge her R to knock away Renekton from killing her. As Renekton, we can try to reposition away from her R using our flash to avoid being knocked out of range, or we can trust our movement to avoid Poppy R if we’re at a safe distance to do so. Overall try to respect her R and prevent her using it properly within these situations. Another thing to note, is that Renekton W can break Poppy’s R wind up animation to put it back on CD.

(8) Abuse Renekton's R Powerspike - Once you reach level 6 your ultimate will essentially help you consistently stat check and dominate any match ups you were winning or losing. Make sure to always wait for your R CD to help you make plays, otherwise it will lead you towards a major disadvantage in dueling your enemies. 

(9) 3 Points Q > W Max - This can depend on how well you do in the lane, but if you’re snowballing vs Poppy then make sure to max W after 3 points Q to help you dominate and provide more damage against her in 1v1’s. W max is pretty good here as you’re able to consistently apply damage onto Poppy without relying on using your E, which if Poppy is being stubborn can backfire on you if you’re relying on your W’s long CD. 

(10) Build Eclipse, Black Cleaver or BoTRK - Go Eclipse for consistent power through mid game and damage mitigation with the shield. / Go Black Cleaver for additional CDR and other versatile stats for utility based gameplay. / Go BoTRK to one shot and snowball with a damage focused build. 

(11) Mid Game + Teamfighting Tips - Poppy’s objective within the mid game is to play around her team, using her disruption and engage heavy kit to help her succeed within these stages of the game. As Renekton, our role is to use our side pressure to our advantage, meaning if we get the chance to 1v1 Poppy, we certainly can do that. Mainly, you want to make sure you’re crashing waves with the intent of roaming towards your team to make picks, preoccupying Poppy in the process to take away her skirmishing power. If Poppy can’t be there to defend her carries in these crucial moments, Poppy will not really be able to do anything else useful. Within teamfights, Poppy will mainly start the fight first with her E, usually using most of her abilities in the process. Typically we want to avoid taking fights in terrain based areas, in which fighting in the wide open will prevent Poppy from having success with her kit. Poppy’s priority is mainly trying to dogpile on your team's win conditions, so make sure to abuse this by focusing her backline to take away her overall damage potential with her team. If Poppy doesn’t protect her team in these moments, she will simply grief and have no one to help follow her.
",Coming Soon
Pyke,Easy - 1/10,PTA > Resolve / Inspiration,Doran's Blade / Doran's Shield / Long Sword,Ignite / Teleport / Ghost + Flash,Q > E > W,,"(1) Level 1 Q or E Start - As mentioned through other notes, playing off Q and E both require different plays, however in this match up you can essentially do either of them and have pretty good success. With that said, play around the strengths of level 1 and look for a level 2 kill. 

(2) Play For Level 2/3 Kill Angle - Once you chunk out Pyke you're most likely able to kill him with Your W, Dash or Flash up. Look to shove the wave around your kill timer, so you're able to make Pyke lose a lot more. 

(3) Avoid Pyke’s Q - Pyke’s Q allows Pyke to either stab his target to deal damage and slow them, or he can hold Q to charge up his pull, allowing him to pull his targets and slow them in the process. Pyke Q is somewhat decent vs Renekton due to his obese size hitbox, however with good movement we can avoid his Q by walking side to side from him, or we can utilise minions to hide behind his Q. Pyke’s Q will only essentially hit Renekton if Renekton tries to telegraph his E stun towards Pyke, so make sure to be creative with your engages and try to punish Pyke if he uses his Q CD. 

(4) Avoid Pyke’s E Stun - Pyke’s E can be very annoying as it allows him to instantly dash away, while stunning his target in the process. As Renekton, when we try to force trades using our E, Pyke can instantly E away to stun us in the process, allowing him to use Q right after and do some decent damage on his trade. Try to hold your dash until Pyke makes a blatant mistake, or he tries to walk up to CS while you have W up. Pyke is often easy to one shot, but you need to allow him to walk in your range to actively find the kill window. 

(5) Abuse Renekton's Early Game - In this match up Renekton is essentially able to do whatever he simply wants. With that said, really hone into your strong early to mid game strengths to help you dominate and win the game. Play to deny your enemy of gold and xp, play to proxy and generally lead any top side skirmishes with your insane lane advantage.

(6) Play Wave On Your Side - Playing the wave on your side essentially means playing wave states on your side of the map, via abusing wave manipulation tactics or freezing on your side of the map. Simply use this to help you combo on your laner, taking away any space from them being able to trade you back (This also helps prevent the enemy running you down with their extended or sustained movement speed abilities). You can also use this wave state to run down your opponent with your abilities up, helping you obtain kills a lot easier vs stalemate or ranged match ups. Look to do this when your opponents are below 50% HP, or potentially make a mistake to provide you an all in opportunity to run them down. 

(7) Heavy Trades - Being that Renekton carries a lot of high damage, Renekton is able to just jump on his target nearly at will. Whenever your laners present you with the ability to jump on them, simply take the opportunity to burst them as much as you can. If you didn't kill them already from that, use your options of freezing or your tower diving ability to help you finish off your opponent.

(8) Ping Pyke Roams - Pyke’s only strength against Renekton, is to utilise his W stealth and movement speed to help him roam the map and look for kills with his team. Doing this Pyke will forfeit the lane, losing gold and xp in the process. Renekton’s best tool is to abuse his wave clear, so make sure when Pyke roams you hard spam ping that he is missing, while actively trying to crash the wave to take plates and incoming minions. Pyke really can’t do anything within this lane, so make sure to really punish Pyke for every roam he makes. 

(9) Build Eclipse, Stridebreaker or Profane - Go Eclipse for consistent power through mid game and damage mitigation with the shield. / Go Stridebreaker to cripple Pyke’s mobility and provide teammates with additional utility. / Go Profane for full damage focused playstyles.

(10) Mid Game + Teamfighting Tips - Pyke’s overall objective is looking to force chaotic skirmishes using his Q, on top of using his R to chain execute enemies within fights. Pyke’s overall damage within teamfights isn’t as impactful, as he’s typically waiting on the outside to finish off targets. With that said, try to use pings and prevent your teammates getting caught solo by the enemy team, as this will perfectly play into Pyke’s gameplan. If Pyke isn’t able to make any picks on isolated teammates, Pyke’s overall role falls out of relevancy as he’s unable to use his kit towards his advantage. Another thing you can do to counter Pyke, is using red trinkets or control wards to spot him out, as spotting out Pyke prevents him from catching his targets off guard. Within teamfights, simply play by bursting his main damage carries, as his objective is looking to secure executes. If Pyke is unable to have teammates to apply the damage he needs for his R executes, he simply cannot do anything impactful within fights. If Pyke ever reaches melee range vs Renekton he will simply get one shot, removing his overall utility and execute based role within the fights. 

",Coming Soon
Qiyana,Easy  - 2/10,PTA > Resolve / Inspiration,Doran's Blade / Doran's Shield / Long Sword,Ignite / Teleport / Ghost + Flash,Q > E > W or Q3 > W > E,,"(1) Level 1 Q or E Start - As mentioned through other notes, playing off Q and E both require different plays, however in this match up you can essentially do either of them and have pretty good success. Level 1 with Q you can also kill Qiyana if she is trying to be aggressive. With that said, play around the strengths of level 1 and look for a level 2 kill. 

(2) Play For Level 2/3 Kill Angle - Once you chunk out Qiyana you're most likely able to kill her with your W, Dash or Flash up. Look to shove the wave around your kill timer, so you're able to make Qiyana lose a lot more. 

(3) Abuse Renekton's Early Game - In this match up Renekton is essentially able to do whatever he simply wants. With that said, really hone into your strong early to mid game strengths to help you dominate and win the game. Play to deny your enemy of gold and xp, play to proxy and generally lead any top side skirmishes with your insane lane advantage.

(4) Play Waves Accordingly - Simply assess whether or not you want to play for freeze, to help you deny XP and CS, while presenting yourself more opportunities to create fights. Or, play to shove waves to create proxy angles, tempo resets or create a dive opportunity. Renekton has all the cards to do whatever he wants with wave management. Also respect that if your laner tries to proxy, simply proxy back or coordinate a kill on them with your jungler.

(5) Play Around Her Element Q's - Qiyana doesn’t pose many threats towards Renekton, as he’s able to completely stat check and shut her down within all points of the game. One thing to play around however, is playing around her chosen element. Each element provides different purposes;  her green element allows her to abuse stealth to play defensively, blue element allows her to stun and initiate combos onto her targets, and her red focuses on dealing high amounts of damage. Overall, play with caution towards her element, don’t let her tank her red or blue Q’s as they pose the most damage. When Qiyana uses her green element, try to hold your W for when she pops out of her stealth using attack move to instantly get the first hit on her. If you’re below 30% HP, respect the fact Qiyana can quickly burst you down using a fast combo and dealing bonus damage with her red element for being low. 

(6) Heavy Trades - Being that Renekton carries a lot of high damage, Renekton is able to just jump on his target nearly at will. Whenever your laners present you with the ability to jump on them, simply take the opportunity to burst them as much as you can. If you didn't kill them already from that, use your options of freezing or your tower diving ability to help you finish off your opponent. 

(7) Avoid R Combo - Qiyana’s R combo allows her to push and stun her targets if they hit the river, bush or any terrain. Qiyana R is a really strong ability if used properly, as Qiyana can use it to instantly burst and one shot targets in a blink of an eye. If Qiyana misses her R, Qiyana loses out on a ton of value, so make sure to pay attention to her R casts at all times. If Qiyana doesn’t directly use R onto you, you can avoid the stun if you click, flash or dash away from the terrain, preventing Qiyana from stunning you and allowing you to capitalise on her engage. It’s always important to try and play away from these variables with her R, as one good R can essentially change the fight in teamfights. 

(8) Build Eclipse, Stridebreaker or Profane - Go Eclipse for consistent power through mid game and damage mitigation with the shield. / Go Stridebreaker to cripple Qiyana’s mobility and provide teammates with additional utility. / Go Profane for full damage focused playstyles.

(9) Mid Game + Teamfighting Tips - Qiyana’s objective through the mid to late game is to hunt down squishy carries, using her fast combos and high damage to one shot her targets out of the game. When playing against Qiyana within the mid game, it’s important to play yellow trinkets or control wards on your side of the map, to prevent Qiyana sneaking through your jungle to help her reach your visible carries on the map. As long as you can spot her out with wards, pings, or coordinate counter attacks onto Qiyana, she will be unable to successfully play her game plan, overall leading to getting outscaled through her lack of relevancy through the game. Within teamfights, avoid clumping up against Qiyana to avoid her overall R value she’s able to gain. Try to always focus on Qiyana's movements, and as soon as she walks into range try to stun her to prevent her jumping onto your team. Make sure to always play with the intention of nuking her out of fights, as this will remove her role and overall team’s damage to win fights. 

",Coming Soon
Quinn,Hard - 7/10,PTA / Electrocute > Resolve,Doran's Shield,Ignite / Exhaust / Teleport + Flash,Q > E > W,"Quinn top lane is pretty fine in my opinion, ","(1) Alcove Strat - Level 1 try to rush into the topside alcove with E start to avoid being zoned off the wave level 1. Being zoned off leaves Renekton in a terrible position, however being in the alcove prevents losing XP and losing any necessary HP. Once you achieve the first wave of XP, try to leave the alcove safely through bushes and walk towards your side of the wave state.  

(2) Play For Sustain - Quinn’s early lane bully approach can cause Renekton some issues in being able to lane against her early. Her poke, mobility and neutralisation aspects of her kit manage to keep Renekton at bay and prevent him from being able to assert his laning power. This playstyle however only works up until Renekton reaches plated steel caps, or reaches his level 6 powerspike. Before Renekton is able to obtain power within the lane, try to play D Shield and Second Wind to negate her poke power, on top of letting her shove the wave to farm and safely trade against her under the tower.

(3) Respect And Counter Quinn E - Quinn’s E prevent Renekton from being able to trade normally, as she can instantly cancel Renekton’s telegraphed E engage, causing it to cancel out his E1 engage, which also prevents being able to E2 at times. As Renekton we need to find ways to bait her E, which can be walking up towards her and holding our E when we have more movement speed. Or, we can spam E2 really fast within our E, to help us instantly cancel her knock back, and still stay on top of her (This is really hard to do and requires low ping, but it’s sometimes possible if you try hard enough). Another trick we can do vs Quinn E, is we can buffer our W right at the end of our E. As sometimes, we can E1 into her, then instant spam W to stun Quinn in the middle of her own E animation, which allows us to trade CC, but Renekton will be able to E2 on top of her while she is stunned. 

Another thing to mention about Quinn E, is that when she is overextended on your side of the map, sometimes you can use your character's positioning to trick Quinn into your intentions. This means we can look away from Quinn with our character facing the opposite way, then we can instantly aim our E to double dash past Quinn, forcing her to panic E and potentially fly towards our tower, giving us the ability to run her down and cut off her way of escape. Make sure to find your trading and all in windows by abusing these tricks against Quinn’s E for overall success.

(4) Play Wave On Your Side - Playing the wave on your side essentially means playing wave states on your side of the map, via abusing wave manipulation tactics or freezing on your side of the map. Simply use this to help you combo on your laner, taking away any space from them being able to trade you back (This also helps prevent the enemy running you down with their extended or sustained movement speed abilities). You can also use this wave state to run down your opponent with your abilities up, helping you obtain kills a lot easier vs stalemate or ranged match ups. Look to do this when your opponents are below 50% HP, or potentially make a mistake to provide you an all in opportunity to run them down. 

(5) Play For Ganks - Quinn’s overall pushing playstyle to attempt to bully and fight Renekton under his tower usually leads to her overextending in the lane, making her a perfect champion to gank and snowball against for junglers. Being that junglers are sometimes slow, you will need to ping and communicate her playstyle to your team, as this can easily allow for your jungler to get free kills and help you snowball. When approaching Quinn, she will look to instantly E off your engage to deny you from chasing onwards, to which we need to make sure we do one of the following tricks against Quinn’s E above to easily obtain damage or cut her way of escape. Once you remove her power in her E, she should be easy to kill disregarding flash.

(6) Rush Plated Steelcaps - If you want to weaken Quinn’s playstyle, then rushing Plated Steelcaps can definitely help with that as you’re able to lower her overall damage and her mobility by rushing boots against Quinn. Renekton’s base damage isn’t so much a problem in being able to kill Quinn, as the main problem is her mobility to stop you from chasing her down. By rushing boots we’re able to easily stick onto her with our movement speed, on top of making her lose out on so much more damage. If you’re winning vs Quinn you don’t need to buy these, but it always makes her very useless if you do get them.

(7) Respect Quinn’s Roams - In my opinion I actually think Quinn’s laning phase isn’t really a problem whatsoever, as I do really think Renekton is a good pick if you know what you’re doing. The main issue that makes Quinn as supposed counter is her overall ability to roam the map effortlessly with R. With that said, try to always ping her R movement on the map and make sure to communicate where she is at all times, as that’s where the real match up ties into the game. If Quinn successfully roams and makes an impact, it can be practically GG as she has a free get out of lane card to do it, so make sure you do your best to ping and punish her roams with your wave shoves. 

(8) Abuse Renekton's R Powerspike - Prior to this point in the match up, if Renekton has farmed safely and rushed defensive boots in the match up, Renekton is now ready to fight his opponent in an all in. Renekton's high base damage and stats from his R, allows Renekton to completely stat check his counter match up. Simply wait for the enemy to make a mistake, then go all out and kill your opponent.

(9) Build Eclipse, Stridebreaker or Profane - Go Eclipse for consistent power through mid game and damage mitigation with the shield. / Go Stridebreaker to cripple Quinn’s mobility and provide teammates with additional utility. / Go Profane for full damage focused playstyles.

(10) Mid Game + Teamfighting Tips - Quinn’s overall objective is solely playing off isolated picks, using her R and high movement to catch anyone that’s isolated with the intention of bursting them, trying to obtain objective priority for her team. Quinn’s overall power into Renekton is severely weaker than what her laning power was, however if Quinn does manage to hard scale and get her items, she is able to do a lot of damage if she opts into on hit style items (Kraken Slayer, Bork). As Renekton, if we continually play with the ability to scale through our damage and utility items, while playing around our team when our objectives spawn, Quinn will lose a lot of value in her pick to find the isolation attempts in being able to feed off our team. Make sure to also ping anyone that’s alone to back off if Quinn is present on the map, otherwise it can provide Quinn the kills she needs to get strong. Within teamfights, try to hard focus on who the strongest target is on her team, as this entirely depends on the overall game state. Within fights, Renekton can utilise his utility in the form of building stridebreaker to easily counter Quinn and other ranged carries, or he can opt into full damage to instantly nuke someone off the map. Play according to your win conditions and play to avoid Quinn getting fed within the game. 
",Coming Soon
Rakan,Easy - 1/10,PTA / Conq > Resolve / Inspiration,Doran's Blade / Long Sword,Ignite / Teleport / Ghost + Flash,Q > E > W,"Not much to say about Rakan top, but this champion doesn't really do anything outside of having great teamfighting presence. Rakan will be easily tradable every time he jumps in as long as you time your W on his knock up,  with that in mind he cannot really do anything impactful within solo lane. Your wave clear and bursts lets you do whatever want in this match up, however if he plays boring and negative you can always proxy and even take plates for free, as long as you have a stacked wave and he doesn't full CC combo you under tower. ","(1) Level 1 E Start - Try to cheese PTA proc or Conq with E1 > 3 auto's > disengage with E2.

(2) Play For Level 2/3 Kill Angle - Once you chunk out Rakan you're most likely able to kill him with your W, Dash or Flash up. Look to shove the wave around your kill timer, so you're able to make Rakan lose a lot more. 

(3) Abuse Renekton's Early Game - In this match up Renekton is essentially able to do whatever he simply wants. With that said, really hone into your strong early to mid game strengths to help you dominate and win the game. Play to deny your enemy of gold and xp, play to proxy and generally lead any top side skirmishes with your insane lane advantage.

(4) Heavy Trades - Being that Renekton carries a lot of high damage, Renekton is able to just jump on his target nearly at will. Whenever your laners present you with the ability to jump on them, simply take the opportunity to burst them as much as you can. If you didn't kill them already from that, use your options of freezing or your tower diving ability to help you finish off your opponent.

(5) Respect Rakan CC Combo - Rakan’s only real threat towards Renekton is within his ability to easily mass CC his opponents with his kit, on top of providing really great gank or lockdown setup for his team. Always respect Rakan around his teammates, try to avoid being in any situation that gets you picked off against multiple members unless you’re fed enough and can abuse Mercury Treads. 

(6) Play Waves Accordingly - Simply assess whether or not you want to play for freeze, to help you deny XP and CS, while presenting yourself more opportunities to create fights. Or, play to shove waves to create proxy angles, tempo resets or create a dive opportunity. Renekton has all the cards to do whatever he wants with wave management. Also respect that if your laner tries to proxy, simply proxy back or coordinate a kill on them with your jungler.

(7) Ping Rakan Roams - Rakan’s as a laner absolutely sucks, so make sure to hard ping that he is missing when he roams, as that’s his main win condition to try and get his teammates ahead within the game. 

(8) Build Eclipse, Stridebreaker or BoTRK Go Eclipse for consistent power through mid game and damage mitigation with the shield. / Go Stridebreaker to cripple Rakan's mobility and provide teammates with additional utility. / Go BoTRK to one shot and snowball with a damage focused build.

(9) Mid Game + Teamfighting Tips - Within the mid to late game, Rakan’s role is set towards an engage initiator and peel based role for his team. His overall objective is to hard engage multiple people with his R, on top of also CC’ing any targets that reach his main carries. As Renekton, we can counter his R engages by using our W instantly, allowing us to easily lock him down and force our teammates to burst him down if we have time to do that within the fight. Depending on how strong his carries are, it should be best to make sure we avoid giving Rakan any set up for engages, otherwise it can be very deadly. Try to look for isolated picks before any major objectives, or utilise your side laning power to force pushes against his weak side laning ability. Make sure to respect his engages if he’s coming to you with multiple people, as his CC is enough to shut you down. Alternatively, try to focus his carries if they’re available as that will lose him all damage to help his team win the fights. 
",Coming Soon
Rammus,Easy - 2/10,Conq > Resolve / Inspiration,Doran's Blade / Doran's Shield / Long Sword,Ignite / Teleport / Ghost + Flash,Q > E > W,,"(1) Defend Your Minion Wave - If Rammus is a Baus fan, then expect Rammus to instantly start proxying with his W to help him kick start his laning phase. Rammus level 1 is pretty weak, but due to his W he can return damage across all the minions, allowing him to passively kill them, alongside using his cloth armour and potions for additional sustain. As Renekton, we need to start by walking with our starting wave, as we can protect it from Rammus killing. With Q start, we’re able to out DPS Rammus with our Conqueror and strong base stats, forcing Rammus to either disengage from the minion wave, or die in the process. 

(2) Level 1 Q Start - Try to push for level 2 advantage while poking Rammus with your Q, on level 2 skill E/W use advantage to chunk out Rammus. 

(3) Play For Level 2/3 Kill Angle - Once you chunk out Rammus you're most likely able to kill him with your W, Dash or Flash up. Make sure that before killing Rammus that he uses W, or try to flash W combo him before he’s able to use his W to survive against any incoming damage. . 

(4) Respect Rammus W - Rammus W allows him to obtain an abundance of armour and magic resist, providing Rammus the ability to tank Renekton’s damage, while returning back damage with his thornmail style passive, which highly synergises of thornmail rush as an item. To play around this, hold your abilities and prevent auto attacking Rammus, as his additional armour will completely negate your ability to deal damage. Once Rammus W goes onto CD, try to force your fights in the 7 second window that it’s down. 

(5) Play Around Proxy - Rammus will constantly try to exit the lane, with his overall objective trying to be as annoying as possible. If your jungler or other teammates are around, you can risk trying to kill him with your combined damage, however if Rammus is able to escape and your team doesn’t have the CC or damage to stop him, then don’t bother chasing him down as his whole objective is to waste your time. Instead, look to secure CS and proxying back on his side of the map. When doing this, you can also use that to ward the enemy jungler or force kills if they’re on your side of the map.

(6) Abuse Empowered Q/E - Within this match up, abusing empowered Q against Rammus is pretty essential within the early stages of the game, as it allows you to easily apply damage while contesting wave push. Using empowered E is also just as important through the game, as it allows you to shred through Rammus’s armour, allowing you to stack that with Black Cleaver to help you hard counter his playstyle.

(7) Abuse Renekton's R Powerspike - Once you reach level 6 your ultimate will essentially help you consistently stat check and dominate any match ups you were winning or losing. Make sure to always wait for your R CD to help you make plays, otherwise it will lead you towards a major disadvantage in dueling your enemies. 

(8) Ping Rammus Roams - Rammus cannot really duel Renekton in 1v1’s, however Rammus can utilise his Q and R to help him engage targets within the river, mid lane or roaming botlane. With that said, try to ping Rammus’s movement all times on the map, as this can deny him from getting free kill opportunities with his engage. Once Rammus roams, make sure to also crash waves and take as many plates as you can. 

(9) Build Eclipse, Black Cleaver or BoTRK - Go Eclipse for consistent power through mid game and damage mitigation with the shield. / Go Black Cleaver for additional CDR and other versatile stats for utility based gameplay. / Go BoTRK to one shot and snowball with a damage focused build. 

(10) Mid Game + Teamfighting Tips - Rammus’s overall game plan is farming giant CS leads, using that gold to funnel into his defensive items, or the amazing thornmail + 4 chain vest build. Regardless, Rammus will try to use his mobility to look for isolated picks with his team, trying to use his Q R combo into his taunt, allowing great CC and catch set up for his team. Overall, as long as you’re pinging Rammus’s locations and always trying to prevent his engage, then he should not be able to easily jump onto you or your teammates. As Renekton, when it comes to general mid game macro we should play to use our side laning power to our advantage, as we can basically fight Rammus at will with our R and our empowered E and Black Cleaver shred. Within teamfights, we should try to always ignore Rammus, as trying to use our auto attacks or stun will result in us taking a considerable amount of damage back. Our core objective is playing to remove Rammus’s win conditions, as this will overall help weaken Rammus’s overall role if he has no carries to play around. When you eventually kill his carries, you can then use your Black Cleaver and Empowered E shred utility to help melt his armour, making him completely irrelevant. 

",Coming Soon
Rek'Sai,Easy - 2/10,PTA / Conq > Resolve / Inspiration,Doran's Blade / Doran's Shield,Ignite / Teleport / Ghost + Flash,Q3 > W > E,,"(1) Level 1 Q or E Start - As mentioned through other notes, playing off Q and E both require different plays, however in this match up you can essentially do either of them and have pretty good success. Level 1 with Q you can also kill Rek'Sai if she is trying to be aggressive. With that said, play around the strengths of level 1 and look for a level 2 kill. 

(2) Play For Level 2/3 Kill Angle - Once you chunk out Rek'Sai you're most likely able to kill her with your W, Dash or Flash up. Look to shove the wave around your kill timer, so you're able to make Rek'Sai lose a lot more. 

(3) Play Around Knock Up Timer - Rek’Sai’s only real resistance against Renekton, is using her burrowed knock up to prevent Renekton from either engaging on to her to use a combo, or trying to it to help her abuse short combos in her own stacked minion wave. Rek’Sai doesn’t really ever possess the ability to beat Renekton at most stages of the game, however Rek’Sai can use this to create awkward trading patterns early if you misplay fighting her in a stacked minion wave. Once Rek’Sai has used her knock up on you, her knock up is then put on a 10 to 6 second CD before she can reapply it onto her target. Overall, if she doesn’t have her knock up she can’t really ever fend off against Renekton’s damage potential.

(4) Respect Rek'Sai’s True Damage - Renekton’s true damage is another ability to help her deal damage against Renekton, which works based on her reaching her red bar of her passive, allowing her to deal bonus true damage to help her trade back against her targets. Rek’Sai’s E doesn’t really provide as big of a burst compared to Renekton’s W, so make sure that when trading you do prevent giving Rek’Sai her full E damage by stunning her into walking or dashing away. 

(5) Abuse Renekton's Early Game - In this match up Renekton is essentially able to do whatever he simply wants. With that said, really hone into your strong early to mid game strengths to help you dominate and win the game. Play to deny your enemy of gold and xp, play to proxy and generally lead any top side skirmishes with your insane lane advantage.

(6) Play Wave On Your Side - Playing the wave on your side essentially means playing wave states on your side of the map, via abusing wave manipulation tactics or freezing on your side of the map. Simply use this to help you combo on your laner, taking away any space from them being able to trade you back (This also helps prevent the enemy running you down with their extended or sustained movement speed abilities). You can also use this wave state to run down your opponent with your abilities up, helping you obtain kills a lot easier vs stalemate or ranged match ups. Look to do this when your opponents are below 50% HP, or potentially make a mistake to provide you an all in opportunity to run them down. 

(7) Deny Rek'Sai Tunnels - Rek’Sai’s laning phase will consist of her also using her tunnels to create escape routes when fighting against Renekton. Typically when she does her combos, she will look to right click her tunnels to escape out of Renekton’s range. Rek’Sai’s E takes 18 to 14 seconds before she can create another tunnel, so each time you walk onto them, this removes her overall value to help her escape and punishes her heavy CD before being able to do it again. Rek’Sai can also not use the same tunnel for 6 to 2 seconds based on rank, so make sure to exploit that. 


(8) 3 Points Q > W Max - This playstyle allows you to constantly have W’s to help you stay onto Rek’sai while abusing your high damage ratios, allowing you to easily snowball and permanently shutdown Rek’Sai within all stages of the game. Make sure to put 3 points into your early wave clear and poke, then look to max W throughout the rest of your points. Once completed, max your E for additional mobility to help enable your up close stun abusing playstyle.  

(9) Build Eclipse, Black Cleaver or BoTRK - Go Eclipse for consistent power through mid game and damage mitigation with the shield. / Go Black Cleaver for additional CDR and other versatile stats for utility based gameplay. / Go BoTRK to one shot and snowball with a damage focused build. 

(10) Mid Game + Teamfighting Tips - Rek’Sai’s overall role as a toplaner is playing to crash waves, into looking for skirmishes or teamfighting opportunities. Rek’Sai will rely on using fog of war to look for engages using her burrowed form, using it to track any incoming enemies. When the enemy steps towards her range, she will use her tunnel engage to help jump on her target, followed by looking for a clean one shot onto a squishy target. Depending on how strong Rek’Sai is, Rek’Sai will be able to fight most people within the game if she snowballs early. However if she runs it down, which is to be expected within the Renekton lane, Rek’Sai will have to think twice before going in on any targets unless she has vision of who it exactly is. Rek’Sai’s ideal scenario is playing with her team as a group to provide utility and damage towards her targets. When teamfighting, try to peel away any of your squishy carries from Rek’Sai by using your W’s, or trying to force R to help shred Rek’Sai’s HP, then look towards engaging her carries with your overall fury build up. Rek’Sai struggles to stop Renekton in most fights, due to her knock up only working once for fights. So making sure she does use it early on you is also pretty important, unless it’s used towards picking you out for her team. Overall Renekton does Rek’Sai’s job better, so make sure to play accordingly and you will win based on the strength of the Renekton pick. 
",Coming Soon
Rell,Easy - 2/10,PTA / Conq > Resolve / Inspiration,Doran's Blade / Doran's Shield / Long Sword,Ignite / Teleport / Ghost + Flash,Q > E > W,,"(1) Level 1 Q or E Start - As mentioned through other notes, playing off Q and E both require different plays, however in this match up you can essentially do either of them and have pretty good success. Level 1 with Q you can also kill Rell if she is trying to be aggressive. With that said, play around the strengths of level 1 and look for a level 2 kill. 

(2) Play For Level 2/3 Kill Angle - Once you chunk out Rell you're most likely able to kill her with Your W, Dash or Flash up. Look to shove the wave around your kill timer, so you're able to make Rell lose a lot more. 

(3) Abuse Renekton's Early Game - In this match up Renekton is essentially able to do whatever he simply wants. With that said, really hone into your strong early to mid game strengths to help you dominate and win the game. Play to deny your enemy of gold and xp, play to proxy and generally lead any top side skirmishes with your insane lane advantage.

(4) Play Waves Accordingly - Simply assess whether or not you want to play for freeze, to help you deny XP and CS, while presenting yourself more opportunities to create fights. Or, play to shove waves to create proxy angles, tempo resets or create a dive opportunity. Renekton has all the cards to do whatever he wants with wave management. Also respect that if your laner tries to proxy, simply proxy back or coordinate a kill on them with your jungler.

(5) Heavy Trades - Heavy Trades - Being that Renekton carries a lot of high damage, Renekton is able to just jump on his target nearly at will. Whenever your laners present you with the ability to jump on them, simply take the opportunity to burst them as much as you can. If you didn't kill them already from that, use your options of freezing or your tower diving ability to help you finish off your opponent.

(6) Respect Rell’s CC Combo - Rell’s only strength into Renekton is her overall CC capability, which can allow her to easily lock down and shut down her targets, in combination with her teammates' high burst damage picks. When playing vs Rell, try to always respect any roams from her teammates as that’s pretty much the only way to die vs her. Make sure to also use your dashes wisely to easily escape her engages and CC abilities. 

(7) Build Eclipse, Black Cleaver or BoTRK - Go Eclipse for consistent power through mid game and damage mitigation with the shield. / Go Black Cleaver for additional CDR and other versatile stats for utility based gameplay. / Go BoTRK to one shot and snowball with a damage focused build. 

(8) Mid Game + Teamfighting Tips - As previously mentioned, Rell’s only main strength as a pick is to look for skirmishes with her team, looking for a massive CC combo with her Q W R engage. As Rell operates as more of a front line engage carry, Rell’s options to peel for her carries will be a lot harder. Try to abuse her engages, by instantly looking to Flash or E onto a carry target with the objective of trying to one shot them. If you can one shot her carries she loses all value in being able to do anything, so make sure to hard abuse her committed engages with this playstyle. 
",Coming Soon
Renata,Easy - 1/10,PTA > Resolve / Inspiration,Doran's Blade / Doran's Shield / Long Sword,Ignite / Teleport / Ghost + Flash,Q > E > W,,"(1) Level 1 E Start - Try to cheese PTA proc or Conq with E1 > 3 auto's > disengage with E2.

(2) Play For Level 2/3 Kill Angle - Once you chunk out Reenta you're most likely able to kill her with your W, Dash or Flash up. Look to shove the wave around your kill timer, so you're able to make Reneta lose a lot more. 

(3) Abuse Renekton's Early Game - In this match up Renekton is essentially able to do whatever he simply wants. With that said, really hone into your strong early to mid game strengths to help you dominate and win the game. Play to deny your enemy of gold and xp, play to proxy and generally lead any top side skirmishes with your insane lane advantage.

(4) Heavy Trades - Heavy Trades - Being that Renekton carries a lot of high damage, Renekton is able to just jump on his target nearly at will. Whenever your laners present you with the ability to jump on them, simply take the opportunity to burst them as much as you can. If you didn't kill them already from that, use your options of freezing or your tower diving ability to help you finish off your opponent.

(5) Respect Renata W - Reneta’s playstyle is usually pretty annoying in being able to cuck your ability to finish off kills, especially when it comes to her W ability. If she uses W on a dying target, they will stay alive until the end of the cast or if they secure a kill or assist. As Renekton, our damage is usually so high we’re always able to one shot our targets, however if they do have Reneta W on them, try to exit the fight as fast as possible or try to prevent them from killing your allies to revive them. 

(6) Play Wave On Your Side - Playing the wave on your side essentially means playing wave states on your side of the map, via abusing wave manipulation tactics or freezing on your side of the map. Simply use this to help you combo on your laner, taking away any space from them being able to trade you back (This also helps prevent the enemy running you down with their extended or sustained movement speed abilities). You can also use this wave state to run down your opponent with your abilities up, helping you obtain kills a lot easier vs stalemate or ranged match ups. Look to do this when your opponents are below 50% HP, or potentially make a mistake to provide you an all in opportunity to run them down. 

(7) Avoid Renata R AOE - Renata’s main usage as a pick is playing around her R, which allows her to hard counter engage style champions such as Renekton, to help provide her team the opportunity to take advantage of her strong game changing ult. When playing vs Reneta, always try to avoid being in her R gas, as this will lead to your teammates dealing tons of damage to one another, as well as locking you down vs the enemy team. Try to bait pick and run style fights, allowing you to bait the R, or look to kill people in isolation to avoid Reneta’s counter engage strategy. 

(8) Build Eclipse, Stridebreaker or BoTRK Go Eclipse for consistent power through mid game and damage mitigation with the shield. / Go Stridebreaker to cripple Reneta’s mobility and provide teammates with additional utility. / Go BoTRK to one shot and snowball with a damage focused build.

(9) Mid Game + Teamfighting Tips - As previously mentioned, Reneta’s core strengths revolve around her W and R, in the objective of keeping her carries alive, or using her R to counter any engage or disrupt her opponents chances of winning a fight. As Renekton it can be very annoying when trying to one shot targets later on in the game, as her ability to keep her targets alive as well as how easy it is to obtain kill resets to survive is way higher than the laning phase, or early skirmishes. To avoid any possible mistakes vs Reneta, try to pay attention to her W, to either wait it out on her target or if available try to one shot them with the ability of disengaging right after. Try to also fight with the aim of baiting out Reneta R, as this can also severely increase your chances of winning vs her. While baiting out her R in solo queue is hard, try to at least look for isolated picks and use your side lane pressure to hard abuse Reneta’s weak side laning ability, with the objective of also picking her off or her team when they’re isolated. 
",Coming Soon
Rengar,Medium - 5/10,PTA / Conq > Resolve / Inspiration,Doran's Blade / Doran's Shield,Ignite / Teleport / Ghost + Flash,Q > E > W,,"(1) Avoid Level 1 Fights - Rengar’s level 1 is pretty notorious for being able to cheese early kill leads, due to his Q and leap playstyle. Typically Rengar will try to be aggressive as soon as you come close to bushes, allowing him to play his playstyle to zone out his enemies or fight them as soon as they come into range. What we can do to counter his playstyle, is before the minions meet in the middle of the lane, we can pull the wave with our auto attack and drag it out towards the river side of the lane. Doing this will move the minion wave away from Renekton’s leap range, forcing him to stay in melee range of Renekton, preventing Rengar from effectively cheesing. You can use this strategy all laning phase to prevent Rengar’s leap playstyle, making it super effective for getting the trades and positions we want within the lane. 

(2) Play Wave Away From Bushes - This is just a separate pointer to remember through the laning phase. As we talked about, Rengar relies heavily on his passive to help him leap and do trades against his targets, giving him the only leeway to really do much within the lane. If we take his passive strengths away, by manipulating the minion wave position as we previously talked about, or we force Rengar to perma push and play on our side of the tower, Rengar will never be able to get the fights he wants against Renekton, making it an absolute nightmare of a situation for him. 

(3) Abuse Rengar Leaps - Rengar’s playstyle is pretty predictable when it comes to his trading patterns. If Rengar is hiding in a bush, he will prioritise last hits with his passive then run back into the bush to do it again. If you walk up to auto attack a minion, Rengar will hold his passive 4 stacks to jump on you with his empowered Q > E > Q > AA > W  combo, allowing him to do lots of damage in quick succession, as well as building back to his 4 stacks and holding another empowered ability to use W to escape and heal your damage, or use Q or E to offensively fight back. With that being said, we should bait Rengar with short clicks by walking in and out towards the minions, which will make him leave the bush but prevent him from leaping. Sometimes Rengar will even use Q if you do this, wasting his passive and forcing him to lose stacks. If Rengar loses the empowered stack, you can essentially get a better fight, or allow him to shove the wave on your side to freeze and play safely under your tower. Eventually, at level 6, you can use this to bait Rengar to jump onto you then force an all in.

(4) Respect Rengar W - Rengar’s W is a very important tool for top lane trades after level 1, as he’s able to use it to cheese out of your stun with his empowered W, as well as heal any damage you dealt to him within the last 1.5 seconds. This can be incredibly frustrating, but if you can play off holding your W and use your autos and Q to trade instead, Rengar’s HP will whittle down from your overall damage. Rengar W only feels effective against burst, so if you trade with the ability to hold your W damage, and only use W if he has no empowered W or he’s low, then you will be able to secure a lot more kills against him. 

(5) Rush Plated Steelcaps - Rushing boots can help you counter Rengar’s leap and movement speed based playstyle, allowing you to take off his damage from his Q’s, as well as being able to reliably stick onto him post level 6. Typically within the lane, we can’t really do much till the level 6 point, so if we hone into our ability to play off R and boots, Rengar will absolutely be useless when it comes to fighting Renekton.  

(6) Play Wave On Your Side - Playing the wave on your side essentially means playing wave states on your side of the map, via abusing wave manipulation tactics or freezing on your side of the map. Simply use this to help you combo on your laner, taking away any space from them being able to trade you back (This also helps prevent the enemy running you down with their extended or sustained movement speed abilities). You can also use this wave state to run down your opponent with your abilities up, helping you obtain kills a lot easier vs stalemate or ranged match ups. Look to do this when your opponents are below 50% HP, or potentially make a mistake to provide you an all in opportunity to run them down. 

(7) Abuse Renekton's R Powerspike - Prior to this point in the match up, if Renekton has farmed safely and rushed defensive boots in the match up, Renekton is now ready to fight his opponent in an all in. Renekton's high base damage and stats from his R, allows Renekton to completely stat check his counter match up. Simply wait for the enemy to make a mistake, then go all out and kill your opponent.

(8) 3 Points Q > W Max - W Max Renekton can help a lot in being able to consistently stun and apply damage onto Rengar, while having the ability to get multiple W’s up before Rengar can get his own back up. Overall, I prefer W max as I’m able to have way better sticking power and burst to help me shut down Rengar easier in side lane, or even in teamfights. 

(9) Ping Rengar Roams - Rengar’s biggest strength as a top laner is his ability to roam in the enemy jungle or roam towards mid lane. Rengar can do this using his R, so make sure to ping out Rengar whenever he isn’t in the lane. If Rengar is missing in the lane, make sure to abuse your wave clear to quickly push the wave under his tower, allowing him to miss gold and xp. 

(10) Build Eclipse, Black Cleaver or BoTRK - Go Eclipse for consistent power through mid game and damage mitigation with the shield. / Go Black Cleaver for additional CDR and other versatile stats for utility based gameplay. / Go BoTRK to one shot and snowball with a damage focused build. 
 
(11) Mid Game + Teamfighting Tips - Rengar’s overall objective, consists of using his R to make picks on isolated targets, with the intention of removing people off your team to help provide him and his team priority between objectives. As Renekton, we must try hard to always spot out or ping away our teammates from Rengar’s R engage, as any succession with Rengar R can severely hurt our chances of playing towards our advantage. Rengar always struggles playing against grouped teams, so make sure to play around your teammates as soon as a major objective is considered. Whenever Rengar tries to jump onto you or your team, either use your W instantly to lock him down within the fights, or if you know your team is going to use their CC, hold your W until he uses his own. Playing this way into Rengar’s engage removes his safety net of escape, allowing you to always counter and kill him. Within teamfights, the role of playing around Rengar remains the same, as you should always try to cover your win condition carry, to prep your stun and look to one shot Rengar as soon as he jumps in. Once, Rengar is dead you can play fights normal and use your strengths of your build to win the rest of the fight.
",Coming Soon
Riven,Easy - 2/10,PTA / Conq > Resolve / Inspiration,Doran's Blade / Doran's Shield / Long Sword,Ignite / Teleport / Ghost + Flash,Q3 > W > E,,"(1) Respect Riven Q Trades - Riven’s passive and Q damage can easily out trade her opponents early, if they get too cocky trading auto attacks with her. As Renekton, if you start Q into Riven, she will easily be able to out damage and look for a level 1 kill. Try to respect this as much as possible by letting her take wave control and playing for wave bounce, or skill W and look to be more aggressive.  

(2) Level 1 W Start - Renekton’s hidden tool to beating Riven’s level 1 cheese is actually skilling his W. Renekton W allows you to kill Riven on your second W trade, always presenting a free kill and a giant advantage vs ignite Riven players. Level 1, if Riven goes into to do AA > Q > AA > Q > AA > Q > AA, simply kite back with auto attacks into your minion wave, look to hit her boneplating with auto attacks, then right on the Q3 timing, use your W at the same time as her Q3 frame. Once doing this, kite back towards your tower and stop trading vs Riven. Wait until your next W, which will have enough fury to be empowered. Once W is up, walk back into Riven and use Empowered W and Ignite to kill Riven and win the fight.

(3) Play For Level 2/3 Kill Angle - Once you chunk out Riven you're most likely able to kill her with your W, Dash or Flash up. Look to shove the wave around your kill timer, so you're able to make Riven lose a lot more. 

(4) Abuse Renekton's Early Game - Abuse Renekton's Early Game - In this match up Renekton is essentially able to do whatever he simply wants. With that said, really hone into your strong early to mid game strengths to help you dominate and win the game. Play to deny your enemy of gold and xp, play to proxy and generally lead any top side skirmishes with your insane lane advantage.

(5) Quick Trades - Quick Trades - E > Q > AA  > W > AA > E Out / E > Q > W > E / E Q E - These combos allow for Renekton to get quick damage off in being able to keep health up and whittling his opponent down, use these to get your laner low and look for a low HP kill with flash. 

(6) Avoid Riven Short Combos - Riven’s bread and butter combo is her Q > W > AA > E away combo. These combos can amount to Riven poking down her opponents, with the ability of trying to flash one shot if her target is low enough. When playing vs Riven, we can easily bait out the combo with feints, using our short clicks to move in and out to bait her reactionary combo. Once she slightly falls out of range, missing her W stun, we can abuse this with a heavy trade and look to all in Riven. 

(7) Abuse Renekton W Shield Break - With Riven’s high haste playstyle, she can consistently use her E to mitigate against damage and use it to disengage in any bad situations. A giant counter overall to Riven, is the fact she is unable to keep her HP up vs Renekton as he can easily nuke her shield at will, allowing for easy 1v1’s or tower dives.

(8) Abuse Renekton Attack Buffering - Renekton’s advantage vs Riven is also his ability to use attack buffering through her CC, allowing him to auto attack through her W or Q3. Auto attack buffering can be hard at times, but simply need to spam click on the right frame of her CC to allow you to buffer the auto attack. It should be said that using W is a lot easier with this, as you’re able to consistently trade stuns with Riven, through her W and Q3. This trick is also what helps massively through her level 1 fight, so make sure to abuse these timing points to gain the upper hand vs Riven.

(9) Play Wave On Your Side - Playing the wave on your side essentially means playing wave states on your side of the map, via abusing wave manipulation tactics or freezing on your side of the map. Simply use this to help you combo on your laner, taking away any space from them being able to trade you back (This also helps prevent the enemy running you down with their extended or sustained movement speed abilities). You can also use this wave state to run down your opponent with your abilities up, helping you obtain kills a lot easier vs stalemate or ranged match ups. Look to do this when your opponents are below 50% HP, or potentially make a mistake to provide you an all in opportunity to run them down. 

(10) Abuse Renekton's R Powerspike - Once you reach level 6 your ultimate will essentially help you consistently stat check and dominate any match ups you were winning or losing. Make sure to always wait for your R CD to help you make plays, otherwise it will lead you towards a major disadvantage in dueling your enemies. 

(11) 3 Points Q > W Max - W Max as Renekton is a really great playstyle into Riven, as it provides the ability to consistently go toe-to-toe against Riven within all stages of the game. Renekton’s 225% AD Ratio with a 7-4 second CD is simply way too much for Riven to handle. Opting into this playstyle presents the ability to consistently split push and 1v1 Riven, alongside the ability to have constant stuns with W in any teamfights. Overall if you’re against Riven, always put 3 points into Q then W max to easily nullify her pick.

(12) Build Eclipse, Black Cleaver or BoTRK  - Build Eclipse, Black Cleaver or BoTRK - Go Eclipse for consistent power through mid game and damage mitigation with the shield. / Go Black Cleaver for additional CDR and other versatile stats for utility based gameplay. / Go BoTRK to one shot and snowball with a damage focused build. 

(13) Mid Game + Teamfighting Tips - Depending on how well you played into Riven, you essentially should leave Riven completely useless within the game, forcing her to afk side lane trying to farm back within the game. Once we assert our overall lane dominance we should look to either continue to dominating side lane if our team is winning, or look to roam the map and look to secure any objectives or turret kills with our team. Typically you can stay inside the lane if your team is doing fine, allowing you to keep perma killing Riven or forcing multiple people top lane with your pressure. If your team is losing however, try to look towards using your lead on the map by substituting your mid laner or adc to go top, with their objective to wave clear and scale into the game. 

When it comes to team fights, Riven’s only play making opportunities come from either using flash R combos, with the intention of nuking any carries, or looking for flank plays with her red trinket, trying to cut off your team from escaping within those moments. As Renekton, we should look to peel against the Riven with our W focused playstyle as this can easily shut down Riven, alongside allowing your team to easily finish her off. As long as you can prevent Riven from comboing and playing her way, by instantly tracking her movements and preventing her from getting close, Riven will not be able to do anything and will most likely end up losing the fights for her team. 
",Coming Soon
Rumble,Hard - 7/10,PTA / Conq > Resolve,Doran's Shield,Ignite / Teleport + Flash,Q > E > W,,"
(1) E Start Level 1 - If you’re playing ignite Renekton and have attack speed shard, there’s an angle you can abuse taking E start. If Rumble skills Q and tries to use it, you can use E start on his 10 sec Q CD to heavily abuse him, allowing you to put him at the half way point. Once you chunk him out, you can look for W level 2 to help you kill him and snowball the match up. This is a giant kill angle for the match up, however if he takes E and plays range the possibility is rather impossible. 

(2) Play For Sustain Early - Rumble’s overall laning phase is tailor made to be a difficult Renekton match up, as his low CDs, high damage and overall trickyness of playing around his passive all make it pretty hard to get started in the lane until level 6. As Renekton, try to play D Shield and Second wind, then look to play safe until you reach your powerspikes within the lane. 

(3) Respect Rumble Passive - Rumble’s passive remains a very strong and tricky passive to play around, mainly due to the fact that playing to combo Rumble before his overheat can be really hard if he takes boneplating, has W up or he’s able to time his overheat Q into trading back against you. Fight Rumble in his overheat form is practically suicide, as he’s able to gain a ton of attack speed and on hit damage, while allowing his Q to also do major damage in the process. Make sure to play your combos away from his overheat, unless you’re able to use empowered W against his shield in overheat, allowing you to burst him down and use your dashes to finish him off or disengage.

(4) Abuse Rumble's Q CD - Rumble’s Q CD is a giant factor within the lane, as we can look to abuse this early for our trades. Rumble’s Q goes from 10 to 6 seconds at rank 5, providing you room to farm or trade against it. A way we can also bait out Rumble’s Q early is clicking towards him or the minions to force his Q, while clicking right back out to stay out of his Q range. Rumble not being able to damage with his Q is a very big factor, on top of the fact Renekton can also use his W to stun Rumble in the direction he is Q’ing, preventing him from facing Renekton to deal damage with Q. Overall, if you abuse these little tricks it can make the lane a lot easier and even force a potential kill against Rumble. 

(5) Avoid Rumble E - Rumble’s E can be quite the annoying poke tool, since it slows by and also applies up to 36% AP Shred, as long as he hits both E’s within a fight. Something underrated to note, is that if Rumble is overheated while using his E, he can shred your MR by 54%, which is absolutely crazy on top of other AP shred items he is able to get. When playing around it, try to use the minions to shield against his E hits, as well as using your movement to dodge it side to side. Rumble E doesn’t really ever have a down timer if they’re good at using it, so always play with the intention to dodge and avoid getting hit by it. 

(6) Quick Trades - E > Q > AA  > W > AA > E Out / E > Q > W > E / E Q E - These combos allow for Renekton to get quick damage off in being able to keep health up and whittling his opponent down, use these to get your laner low and look for a low HP kill with flash. 

(7) Play Wave On Your Side - Playing the wave on your side essentially means playing wave states on your side of the map, via abusing wave manipulation tactics or freezing on your side of the map. Simply use this to help you combo on your laner, taking away any space from them being able to trade you back (This also helps prevent the enemy running you down with their extended or sustained movement speed abilities). You can also use this wave state to run down your opponent with your abilities up, helping you obtain kills a lot easier vs stalemate or ranged match ups. Look to do this when your opponents are below 50% HP, or potentially make a mistake to provide you an all in opportunity to run them down. 

(8) Abuse Renekton's R Powerspike - Prior to this point in the match up, if Renekton has farmed safely and rushed defensive boots in the match up, Renekton is now ready to fight his opponent in an all in. Renekton's high base damage and stats from his R, allows Renekton to completely stat check his counter match up. Simply wait for the enemy to make a mistake, then go all out and kill your opponent.

(9) Avoid Fighting In Rumble R - Rumble’s R is a giant tool to initiate fights, teamfights or flanks, with his ability to cast his long range R to apply his strong DoT and block off or zone his opponents from advancing or disengage away from it. Rumble R is always a strong ability, so any chance he uses it in a fight you must always look to escape it with your dashes or flash. Rumble R isn’t so much used as a damage tool, but it can also be used as a tempo tool to give him a free reset. Rumble R’s is also a 130 seconds CD, so if he does use it at all for any purposes, you should try to fight him as soon as possible as he’s unable to fend off against Renekton at this point.

(10) Build Hexdrinker, Eclipse, Black Cleaver or Stridebreaker - Go Hexdrinker to lower Rumble’s overall damage and have a MR shield. / Go Eclipse for consistent power through mid game and damage mitigation with the shield. / Go Black Cleaver for additional CDR and other versatile stats for utility based gameplay. / Go Stridebreaker to cripple Rumble’s mobility and provide teammates with additional utility. / Go BoTRK to one shot and snowball with a damage focused build. 

(11) Mid Game + Teamfighting Tips - When playing vs Rumble in the mid to late game, try to always watch out for his flank potential. Rumble’s soul purpose within fights is trying to play off his R playmaking potential, to either start fights, trap disengaging attempts or use it defensively to deter his enemies off fights. As Renekton, it’s our job to always keep track of his presence as one good R can win him a fight. With that said, try to always disengage from fights if Rumble is TP’ing and your team is looking low. Only take fights when Rumble is not entirely present, or you’re able to bait his R out and use you and your team's mobility to escape the Rumble R. When teamfighting, try to either hard peel against Rumble’s damage by locking him down with your W and teams damage, or try to focus his carries if Rumble doesn’t serve as a big enough threat within the game. 

",Coming Soon
Ryze,Medium - 6/10,PTA > Resolve,Doran's Shield,Ignite / Teleport / Ghost + Flash,Q > E > W,,"(1) Level 1 E Start - Try to cheese PTA proc or Conq with E1 > 3 auto's > disengage with E2.

(2) Play For Level 2/3 Kill Angle - Once you chunk out Ryze you're most likely able to kill him with your W, Dash or Flash up. Look to shove the wave around your kill timer, so you're able to make Ryze lose a lot more. 

(3) Respect Ryze’s Ability Refresh - Ryze when using his Q can instantly refund the abilities cooldown if he uses E or W right after, allowing him to have lots of DPS and damage in the process. Earlier on in the game, this doesn’t really pose many issues, however as the game progresses this allows him to easily duel people within the side lane, while allowing him to maintain more damage within later teamfights.

(3) Respect Ryze E - Ryze E allows him to spread his orb through his target, allowing him to empower his Q and W. His Q allows him to spread and increase damage across his targets, while his W transforms his slow into a root. Overall, when fighting Ryze it’s always wise not to fight him within the later stages of the game, as his E plays a giant part in allowing him to do absolutely crazy damage. Ryze’s R also scales his E Q damage through each point of his R, allowing him to scale into a monster.

(4) Play Wave On Your Side - Playing the wave on your side essentially means playing wave states on your side of the map, via abusing wave manipulation tactics or freezing on your side of the map. Simply use this to help you combo on your laner, taking away any space from them being able to trade you back (This also helps prevent the enemy running you down with their extended or sustained movement speed abilities). You can also use this wave state to run down your opponent with your abilities up, helping you obtain kills a lot easier vs stalemate or ranged match ups. Look to do this when your opponents are below 50% HP, or potentially make a mistake to provide you an all in opportunity to run them down.  

(5) Quick Trades - E > Q > AA  > W > AA > E Out / E > Q > W > E / E Q E - These combos allow for Renekton to get quick damage off in being able to keep health up and whittling his opponent down, use these to get your laner low and look for a low HP kill with flash. 

(6) Rush Mercury Treads - While it isn’t totally necessary, Mercury Treads can help if you want to negate Ryze’s damage, on top of having the tenacity to easily break out of his stun faster. The additional mobility can also help stay on top of Ryze long enough to get your damage off, while removing his potential movement speed advantage through his passive and Phase Rush.

(7) Abuse Renekton's R Powerspike - Once you reach level 6 your ultimate will essentially help you consistently stat check and dominate any match ups you were winning or losing. Make sure to always wait for your R CD to help you make plays, otherwise it will lead you towards a major disadvantage in dueling your enemies.  

(8) Respect Ryze’s R - Ryze R is an ability most people don’t really know how to fully use, however when it’s used right Ryze R can offer so much play making potential, through its uses to create flanking positions, gank set ups, escapes, or being able to move minion waves to push faster. As long as you can avoid being the victim in these positions, he will expend his long CD, which loses out a lot of value for his overall creativity. Try to make sure you ward or track his laners on the map, as he can use his R to flank you if you’re overextended. 

(9) Build Hexdrinker, Eclipse, Black Cleaver. Stridebreaker or BoTRK - Go Hexdrinker to lower Ryze’s overall damage and have a MR shield. / Build Eclipse, Stridebreaker or BoTRK Go Eclipse for consistent power through mid game and damage mitigation with the shield. / Go Black Cleaver for additional CDR and other versatile stats for utility based gameplay. /  Go Stridebreaker to cripple Ryze’s mobility and provide teammates with additional utility. / Go BoTRK to one shot and snowball with a damage focused build. 

Furthermore, you can build most things into Ryze, as he’s playstyle to build frozen heart first or AP is dependent on playstyle choice, allowing you to either counter build against it or build damage focused items to help you snowball.

(10) Mid Game + Teamfighting Tips - Ryze’s overall win condition within the game is playing to scale towards his level 16 powerspike, as each point of R he unlocks allows him to increase his Q damage, making him insanely scary the more items and XP he gets within the game. As Renekton, our main goal is to use our early to mid game advantage to help us dominate the map, while exploiting Ryze’s inactivity to farm in those points of the game. With that said, we should play with the intent of looking for any huge skirmish or teamfights, as Ryze’s overall damage and utility as a pick isn’t as threatening within those points. If Ryze does get to scale through the game and make it to his level 16 powerspike, make sure to play to catch out Ryze or his team, as well as trying to build items like Kaenic to lower his overall damage presence. When it comes to teamfights, try hard not to clump together against Ryze’s E, as he’s able to mass AoE Q damage into everyone, dealing an absolute ton of damage. Look to body block or jump on Ryze if he’s trying to push towards your team, with the intent of stunning him or apply armour shred, for your teammates to deal more damage to him. Alternatively, playing away from Ryze’s power is always recommended at later stages of the game, so try to look for creative ways of catching him out within the side lane, on top of forcing teamfights when he isn’t there. 
",Coming Soon
Samira,Easy - 1/10,"PTA > Resolve / Inspiration
",Doran's Blade / Doran's Shield ,Ignite / Teleport / Ghost + Flash,Q > E > W or Q3 > W > E,,"(1) Level 1 E Start - Try to cheese PTA proc or Conq with E1 > 3 auto's > disengage with E2.

(2) Play For Level 2/3 Kill Angle - Once you chunk out Samira you're most likely able to kill her with your W, Dash or Flash up. Look to shove the wave around your kill timer, so you're able to make Samira lose a lot more. 

(3) Respect Samira Max Stacks - Samira’s power usually comes from reaching her S grade, which is her passive stacks in the form of grades. When obtaining a stack she is able to obtain additional movement speed increasing from every stack, as well as obtaining the ability to use her R. Her passive doesn’t really pose a threat towards Renekton, however it should be noted that later on in the game this does become an issue within team fights. Try to play around her passive, and eventually look to counter her R with your W.

(4) Abuse Renekton's Early Game - In this match up Renekton is essentially able to do whatever he simply wants. With that said, really hone into your strong early to mid game strengths to help you dominate and win the game. Play to deny your enemy of gold and xp, play to proxy and generally lead any top side skirmishes with your insane lane advantage.

(5) Play Wave On Your Side - Playing the wave on your side essentially means playing wave states on your side of the map, via abusing wave manipulation tactics or freezing on your side of the map. Simply use this to help you combo on your laner, taking away any space from them being able to trade you back (This also helps prevent the enemy running you down with their extended or sustained movement speed abilities). You can also use this wave state to run down your opponent with your abilities up, helping you obtain kills a lot easier vs stalemate or ranged match ups. Look to do this when your opponents are below 50% HP, or potentially make a mistake to provide you an all in opportunity to run them down.  

(6) Heavy Trades - Being that Renekton carries a lot of high damage, Renekton is able to just jump on his target nearly at will. Whenever your laners present you with the ability to jump on them, simply take the opportunity to burst them as much as you can. If you didn't kill them already from that, use your options of freezing or your tower diving ability to help you finish off your opponent. 

(7) Avoid And Punish Samira R - Samira R can be an absolutely game changing ability if she reaches her stacks, as well as chain killing your team with her E and R. As Renekton, dealing with Samira R is the same as dealing with a Katarina R, in the way that we hold our W and look to prep our stun as soon as she activates her R. Doing this will completely counter her ability to play the game, so make sure to always hold W within fights unless you have the window to one shot her before she uses R. 

(8) Build Eclipse, Stridebreaker or Profane - Go Eclipse for consistent power through mid game and damage mitigation with the shield. / Go Stridebreaker to cripple Samira’s mobility and provide teammates with additional utility. / Go Profane for full damage focused playstyles.

(9) Mid Game + Teamfighting Tips - As previously mentioned, Samira’s only claim to fame to winning games is looking for skirmishes or teamfights, in the hopes of trying to get a mass value R to win the game. As Renekton nothing really changes in the fact we still hold our W for her, providing her negative plays in the process. Being that Renekton completely dominates Samira all game long, he can essentially use his lead to easily obtain any objective or tower within the process. 
",Coming Soon
Sejuani,Hard - 7/10,Conq > Resolve,Doran's Blade / Doran's Shield,Ignite / Teleport / Ghost + Flash,Q > E > W,,"(1) Level 1 Q or E Start - As mentioned through other notes, playing off Q and E both require different plays, however in this match up you can essentially do either of them and have pretty good success. Level 1 with E you can also hard trade Sejuani, only if the fight takes place before minions. With that said, play around the strengths of level 1 and look for a level 2/3 kill. 

(2) Play For Level 2/3 Kill Angle - Once you chunk out Sejuani you're most likely able to kill her with your W, Dash or Flash up. Look to shove the wave around your kill timer, so you're able to make Sejuani lose a lot more. 

(3) Play For Manaburn - Sejuani’s mana costs for solo laning are usually pretty high, on top of the fact Renekton’s relentless pushing or trading potential can simply help out sustain against Sejuani’s damage and her overall Mana sustain. Taking D Shield and Second Wind can help you tank her damage, on top of also allowing to hard shove and force her to use abilities to contest push. Doing this can help you proxy when Sejuani is low mana, or create kill opportunities if you play off the wave bounce and freeze on your side. 

(4) Play Around Sejuani Passive - Sejuani’s passive allows her to obtain ice stacks, allowing her to stun off her E when reaching 3rd stacks. Sejuani can also use R to apply a free stun, however she won’t be able to E off of that and will have to rebuild her stacks to stun. Try to always avoid giving her 3 free stacks, as this will easily allow Renekton to avoid her strengths and punish her trading patterns.

Sejuani passive also allows her to gain additional armour, which stays up in combat for 3 seconds. When playing against Sejuani you should try to use your Q to proc her passive, then wait out 3 seconds until it wears off, doing this allows you to find your trade opportunities as well as allowing you to easily all in or hard force damage against her. Do note her passive comes up every 12-6 seconds, so make sure you consistently play to remove her passive to remove her laning power. 

(5) Avoid Sejuani Q - Sejuani Q is basically a 2 part ability, where her first and second hits individually proc her frozen passive, allowing her to quickly stun and chunk her target. As Renekton, with short in and out clicks we can essentially bait it out her Q, which automatically loses her strong trading ability into Renekton. Renekton can also use his dashes to avoid Sejuani 2nd hit of Q, so if you’re unable to dodge her Q you can use that to reposition away and deny her a passive stack.

(6) Avoid Sejuani W - Sejuani E is similar to Gragas E, where she will use it to deny Renekton’s E trades, or she will use it to initiate her trades with her passive, in her ability to abuse grasp and short trades. Typically if we’re in the middle of the lane, Sejuani might force her E to trade against Renekton, however we can bait it out by doing short in and out clicks to force her to E. If she E’s and we successfully dodge, we can hard punish Sejuani and look to heavily trade her.  

(7) Abuse Renekton's R Powerspike - Once you reach level 6 your ultimate will essentially help you consistently stat check and dominate any match ups you were winning or losing. Make sure to always wait for your R CD to help you make plays, otherwise it will lead you towards a major disadvantage in dueling your enemies. 

(8) Avoid Sejuani R - Sejuani R is a great ability to catch out her opponents, while also providing her a clear win condition within the mid to late game. As the game progresses Sejuani’s role turns into more of a R and peel bot for her team, so with that said playing away from her R or tanking it for the team is a giant role in being able to counter it. Make sure when side laning vs Sejuani you manage to ward your side bushes, otherwise she can commit with R and force a pick with her teammates. Renekton can also use his dashes to effectively escape Sejuani’s R if played right.

(9) Build Eclipse, Black Cleaver or BoTRK - Go Eclipse for consistent power through mid game and damage mitigation with the shield. / Go Black Cleaver for additional CDR and other versatile stats for utility based gameplay. / Go BoTRK to one shot and snowball with a damage focused build. 

(10) Mid Game + Teamfighting Tips - As we previously mentioned, Sejuani’s overall role is more limited compared to other tanks as she focuses more on single targets, rather than having lots of AoE stuns or zoning defensive abilities for her team. Sejuani’s objective is essentially starting a fight with her R, while using her remaining CC to lock down her targets to obtain her kills. Renekton’s job in the game is to always spot Sejuani, using wards or pings to notify your team where her whereabouts are. If you can take away Sejuani’s fog of war advantage, she will not be able to look for picks with her R, losing her overall power and objective within the game. Within teamfights, Renekton’s role can be either used to utilise empowered E onto Sejuani’s high armour, while playing to peel and protect his carries, or he can play to jump on the backline and play to distract and one shot her carries. Renekton’s overall role is a lot more flexible against Sejuani, so make sure to play to your skirmishing and teamfight strengths while avoiding Sejuani’s pick potential. 
",Coming Soon
Senna,Easy - 1/10,PTA > Resolve / Inspiration,Doran's Blade / Doran's Shield / Long Sword,Ignite / Teleport / Ghost + Flash,Q > E > W,,"(1) Level 1 E Start - Try to cheese PTA proc or Conq with E1 > 3 auto's > disengage with E2.

(2) Play For Level 2/3 Kill Angle - Play For Level 2/3 Kill Angle - Once you chunk out Senna you're most likely able to kill her with your W, Dash or Flash up. Look to shove the wave around your kill timer, so you're able to make Senna lose a lot more. 

(3) Abuse Renekton's Early Game - In this match up Renekton is essentially able to do whatever he simply wants. With that said, really hone into your strong early to mid game strengths to help you dominate and win the game. Play to deny your enemy of gold and xp, play to proxy and generally lead any top side skirmishes with your insane lane advantage.

(4) Abuse Senna’s Passive Scaling - When playing Senna you essentially utilise your passive souls to help you scale. providing a crazy infinite scaling playstyle that can be very difficult to beat much later in the game. The problem for Senna however, is that her passive souls work a lot more differently than they do as a support, as she earns much less stacks farming due to riot’s balancing. With that said, Renekton can easily abuse Senna within the lane due to her squishy stats and slower scaling presence, making it a very free match up in the process. 

(5) Play Wave On Your Side - Playing the wave on your side essentially means playing wave states on your side of the map, via abusing wave manipulation tactics or freezing on your side of the map. Simply use this to help you combo on your laner, taking away any space from them being able to trade you back (This also helps prevent the enemy running you down with their extended or sustained movement speed abilities). You can also use this wave state to run down your opponent with your abilities up, helping you obtain kills a lot easier vs stalemate or ranged match ups. Look to do this when your opponents are below 50% HP, or potentially make a mistake to provide you an all in opportunity to run them down.  

(6) Heavy Trades - Being that Renekton carries a lot of high damage, Renekton is able to just jump on his target nearly at will. Whenever your laners present you with the ability to jump on them, simply take the opportunity to burst them as much as you can. If you didn't kill them already from that, use your options of freezing or your tower diving ability to help you finish off your opponent. 

(7) Build Eclipse, Stridebreaker or Profane - Go Eclipse for consistent power through mid game and damage mitigation with the shield. / Go Stridebreaker to cripple Senna’s mobility and provide teammates with additional utility. / Go Profane for full damage focused playstyles.

(8) Mid Game + Teamfighting Tips - Senna’s real objective as a pick is to essentially scale through the game using her passive souls to provide additional stats, in the advantage of infinitely scaling her range and overall stat power. When Senna is played in solo lane her chances of scaling are severely less, due to the reason she gains less passive stacks from farming. With that said, Senna is practically an easy target to abuse most stages, allowing you to do whatever you want. When it comes to teamfights, Senna will try to abuse her ranged auto attacks and Q to help poke her enemies down, while also having R to secure any low HP kills or shield her teammates. As Renekton we can easily nuke Senna if we focus onto her with our damage, however it should be said that nuking her other carries in the game are way more important due to how much more relevancy they will have over Senna. 

",Coming Soon
Seraphine,Easy - 3/10,PTA > Resolve / Inspiration,Doran's Blade / Doran's Shield / Long Sword,Ignite / Teleport / Ghost + Flash,Q > E > W,,"(1) Level 1 E Start - Try to cheese PTA proc or Conq with E1 > 3 auto's > disengage with E2.

(2) Play For Level 2/3 Kill Angle - Once you chunk out Seraphine you're most likely able to kill her with Your W, Dash or Flash up. Look to shove the wave around your kill timer, so you're able to make Seraphine lose a lot more. 

(3) Avoid Seraphine Poke - Seraphine’s early ability spam can hurt quite a lot, while allowing her to have a decent amount of waveclear and safety options in the lane vs Renekton. Despite this Renekton still can easily kill Seraphine if he’s keeping his HP up, while taking the correct fights. Use D Shield and Second Wind to easily bypass her poke early, try to also use your early sustain advantage and quick combos to help burn through her HP and mana, allowing you to set up kills or force her to recall. 

(4) Abuse Renekton's Early Game - In this match up Renekton is essentially able to do whatever he simply wants. With that said, really hone into your strong early to mid game strengths to help you dominate and win the game. Play to deny your enemy of gold and xp, play to proxy and generally lead any top side skirmishes with your insane lane advantage.

(5) Play Wave On Your Side - Playing the wave on your side essentially means playing wave states on your side of the map, via abusing wave manipulation tactics or freezing on your side of the map. Simply use this to help you combo on your laner, taking away any space from them being able to trade you back (This also helps prevent the enemy running you down with their extended or sustained movement speed abilities). You can also use this wave state to run down your opponent with your abilities up, helping you obtain kills a lot easier vs stalemate or ranged match ups. Look to do this when your opponents are below 50% HP, or potentially make a mistake to provide you an all in opportunity to run them down. 

(6) Heavy Trades - Being that Renekton carries a lot of high damage, Renekton is able to just jump on his target nearly at will. Whenever your laners present you with the ability to jump on them, simply take the opportunity to burst them as much as you can. If you didn't kill them already from that, use your options of freezing or your tower diving ability to help you finish off your opponent. 

(7) Avoid Seraphine R - Seraphine’s R is essentially a much better version of Sona’s R, which if used correctly can be a massive tool in being able to win fights for Seraphine’s team. When playing against Seraphine, you only need to really worry about her R if you’re grouped up with your team or her team is moving towards her. In 1v1’s Seraphine R isn’t enough to stop Renekton from killing her, but if you are worried about the enemies CC threat you can simply buy Mercury Treads to counter her.

(8) Build Eclipse, Stridebreaker or Profane - Go Eclipse for consistent power through mid game and damage mitigation with the shield. / Go Stridebreaker to cripple Seraphine’s mobility and provide teammates with additional utility. / Go Profane for full damage focused playstyles. 

(9) Mid Game + Teamfighting Tips - Seraphine’s overall role within the game is to play around her main carries and act as a neutraliser against engage champions, using her R and W utility to help her team win the fights. Typically against Seraphine we want to avoid clumping up against her R, otherwise it will easily present her team a free win within the fights. Avoid fighting in tight spaces too, as Seraphine R will easily hit the narrow pathways of choke points. As Renekton try to utilise your shield break W against her shielded carries and look to play for one shot engages with flash, allowing you to avoid her stun passive and giving you a free entry point. After killing the main carries in a teamfight, you can then try to nuke Seraphine, which is relatively easy once you eliminate her main carries from the fight. When trying to push against Seraphine it can be difficult with how strong her wave clear can be, with that said try to get Baron and look to end the game with the buff to prevent her and her team one shotting the waves. 
",Coming Soon
Sett,Medium - 4/10,PTA / Conq > Resolve / Inspiration,Doran's Blade / Doran's Shield,Ignite / Teleport / Ghost + Flash,Q3 > W > E,,"(1) Level 1 Q or E Start - As mentioned through other notes, playing off Q and E both require different plays, however in this match up you can essentially do either of them and have pretty good success. Level 1 with Q you can win against Sett with Conqueror, as you’re able to abuse your AD and low Q CD to kill him. You can also play with E start with PTA, with the intention of looking to trade 3 autos and PTA proc, using your 2nd E to disengage. Make sure to utilise your spacing well, try not to also get hit with his E stun in between minions, as this will allow Sett to heavily trade. With that said, play around the strengths of level 1 and look for a level 2/3 kill. 

(2) Avoid Extended Trades - Sett typically will overpower Renekton within the early portions of the game when it comes to extended trades, as his Q allows his 2nd auto attack to deal additional damage, on top of his Q and E abilities allowing for auto resets and the ability to stun. Utilise your abilities when it comes to trades, try to wait for Sett to pull then look to short trade with AA Q AA W AA E Out. Try to always emphasize using empowered W through trades, and if Sett tries to W early, use your empowered W to break his shield.    

(3) Respect Sett E - Sett E is essentially his only ability that can allow him to force trades, meaning he is very reliant on his E in order to get the correct trading patterns. Before Sett uses E, he will look to either Q then run towards you to pull you towards him, or he will play within his minion wave to use E to help him stun his targets longer. As Renekton, there’s a few ways we can use to play around his E. If Sett runs up into range, we can use our E within to escape his pull, losing him his main ability to apply damage onto us. We can also use W last within our quick combos with either E1 engages or walking up to him. Using W last in combos is important as Sett holds E to cancel Renekton’s disengage, so using W into disengaging with E will allow us to get away from him without being able to pull us back. Overall you just need to play accordingly towards the situation, eventually Renekton post level 6 will be able to consistently tank Sett’s damage without caring too much about his E.

(4) Respect And Avoid Sett’s W - Sett’s W is known for its BS damage, to which when playing vs him we should never sit in front of it and tank it. Against Sett we need to always be moving around him, so constantly click around when fighting him and use our dashes to avoid his E if possible. Alternatively, we can also use our own W to shield break against his W and hard punish Sett if he’s low, which can be the difference in being able to win or lose against him. Utilise W effectively against Sett’s W and he will never have a chance to win vs Renekton. It should also be worth noting Sett can use W flash to surprise kills, so try to avoid staying in low HP range and look to flash if you know he’s going to do it. 

(5) Play Wave On Your Side - Playing the wave on your side essentially means playing wave states on your side of the map, via abusing wave manipulation tactics or freezing on your side of the map. Simply use this to help you combo on your laner, taking away any space from them being able to trade you back (This also helps prevent the enemy running you down with their extended or sustained movement speed abilities). You can also use this wave state to run down your opponent with your abilities up, helping you obtain kills a lot easier vs stalemate or ranged match ups. Look to do this when your opponents are below 50% HP, or potentially make a mistake to provide you an all in opportunity to run them down. 

(6) Quick Trades - E > Q > AA  > W > AA > E Out / E > Q > W > E / E Q E - These combos allow for Renekton to get quick damage off in being able to keep health up and whittling his opponent down, use these to get your laner low and look for a low HP kill with flash. 

(7) Abuse Renekton's R Powerspike - Once you reach level 6 your ultimate will essentially help you consistently stat check and dominate any match ups you were winning or losing. Make sure to always wait for your R CD to help you make plays, otherwise it will lead you towards a major disadvantage in dueling your enemies. 

(8) Respect Sett R - Sett’s R can be a great tool in being able to set up giant teamfighting plays with his R into W combo, which can absolutely be cataclysmic if played right. As Renekton, we don’t really need to worry about his R in 1v1, however being near a wall allows his R to deal more damage, on top of being able to position into his W. You can try to buffer your W within his R, by right clicking on the frame of his R, which allows you to input your damage and stun through his R, allowing you to reposition away from his W or killing him on the spot.

(8) 3 Points Q > W Max - W max absolutely destroys Sett’s ability to play against Renekton, as Renekton’s perma stuns allow him to consistently burst out and kill Sett within 2 trades worth of W. Later on Renekton can consistently break through his Sterak’s and W shields, while denying any other attempts for Sett trying to engage onto his team. No matter if you’re playing to in side lane or teamfights, W max provides more play making opportunities to always overpower Sett as a pick. 

(9) Build Eclipse, Black Cleaver or BoTRK - Go Eclipse for consistent power through mid game and damage mitigation with the shield. / Go Black Cleaver for additional CDR and other versatile stats for utility based gameplay. / Go BoTRK to one shot and snowball with a damage focused build. 

(10) Mid Game + Teamfighting Tips - Within the mid to late game, Renekton as a champion is always able to be more versatile against Sett, allowing him to peel or engage for his team. Sett’s role is usually tailored towards looking for a big R, using his R on the tankiest teammate to provide more damage. Once using his R, he will use his W once he charges up his bar, which he will use in that range or look to use W flash. As Renekton, if Sett is behind we can look towards jumping on his carries to distract from Sett’s weak engage, while allowing our teammates to effectively play front to back. If Sett is strong, we should look to hold our W for his W shield, as this will allow us to easily shut him down for our team. Make sure to avoid being Sett’s R target and try to space away from him and your team when he has R up. 
",Coming Soon
Shaco,Easy - 2/10,PTA / Conq > Resolve / Inspiration,Doran's Blade / Doran's Shield / Long Sword,Ignite / Teleport / Ghost + Flash,Q > E > W,,"(1) Level 1 Q or E Start - As mentioned through other notes, playing off Q and E both require different plays, however in this match up you can essentially do either of them and have pretty good success. Level 1 with E you can also kill Shaco if he is trying to be aggressive, so make sure to abuse his aggressive and troll nature, then look towards killing him level 2.

(2) Play For Level 2/3 Kill Angle - Once you chunk out Shaco, you're most likely able to kill him with Your W, Dash or Flash up. Look to shove the wave around your kill timer, so you're able to make Shaco lose a lot more. 

(3) Respect Shaco Boxes - Shaco’s boxes are essentially the skill element we need to play around in order to win the match up, as playing successfully into his boxes will give him no play making opportunities whatsoever. As Renekton, our Q can easily deal with his boxes as empowered Q allows us to one shot his boxes, preventing him setting up any traps. Within the lane when Shaco places a box, let the minion wave always move first towards them as this prevents Renekton from being feared and tanking unnecessary damage. As Shaco also places his boxes, make sure to quickly AA Q them, as this will instantly kill the box before stealth, overall ruining his playability. Renekton can also use his E Q trades to instantly kill boxes, while allowing him to gap close towards Shaco.

(4) Abuse Renekton's Early Game - Abuse Renekton's Early Game - In this match up Renekton is essentially able to do whatever he simply wants. With that said, really hone into your strong early to mid game strengths to help you dominate and win the game. Play to deny your enemy of gold and xp, play to proxy and generally lead any top side skirmishes with your insane lane advantage.

(5) Play Waves Accordingly - Simply assess whether or not you want to play for freeze, to help you deny XP and CS, while presenting yourself more opportunities to create fights. Or, play to shove waves to create proxy angles, tempo resets or create a dive opportunity. Renekton has all the cards to do whatever he wants with wave management. Also respect that if your laner tries to proxy, simply proxy back or coordinate a kill on them with your jungler.

(6) Quick Trades - Heavy Trades - Being that Renekton carries a lot of high damage, Renekton is able to just jump on his target nearly at will. Whenever your laners present you with the ability to jump on them, simply take the opportunity to burst them as much as you can. If you didn't kill them already from that, use your options of freezing or your tower diving ability to help you finish off your opponent.

(7) Respect Shaco’s R - Shaco’s R is a great tool to distract and force his opponents into tricky circumstances. Typically Shaco R doesn’t pose much of a problem for Renekton, however if you’re diving Shaco without his Q, make sure to ping or ignite Shaco first, as this will track onto the real Shaco, allowing you to easily one shot the real one. Alternatively, you can also play to bait it out, to easily make the next dive a lot easier. 

(8) Build Eclipse, Black Cleaver or Profane - Build Eclipse, Black Cleaver or BoTRK - Go Eclipse for consistent power through mid game and damage mitigation with the shield. / Go Black Cleaver for additional CDR and other versatile stats for utility based gameplay. / Go Profane for full damage focused playstyles and getting his passive easier. 

(9) Mid Game + Teamfighting Tips - Shaco’s mid to late game typically depends on how much of a threat he is based on the start of the game, being that AD shaco will typically only be good if he managed to hard snowball early. While AP is similar, Shaco’s overall power comes from how good his box and R usage is, which overall can lead to a lot of clutch and annoying plays. When playing Renekton vs Shaco, Shaco by default should not even exist within the game, however when navigating towards objectives or lanes, make sure to take red trinket to counter his box placement and play around denying them with your Q. Within teamfights, focusing AP shaco shouldn’t really be an option as he will do as much as he can to waste your time, which instead you could use to nuke his team. Simply play with the motive towards killing his carries and ignore him unless the kill is there. 
",Coming Soon
Shen,Medium - 6/10,Conq > Resolve,Doran's Blade / Doran's Shield,Ignite / Teleport / Ghost + Flash,Q > E > W or Q3 > W > E,,"(1) Avoid Shen Q Trades - Shen’s Level 1 can be pretty spooky as he’s able to abuse his Q trades to overpower Renekton, allowing Shen to zone Renekton from the wave. Level 1, if Shen drags his Q over to your side of the map, simply avoid standing in line with Shen and his sword, as he will get additional attack speed and slow his target. Try to walk in and out of him and the minions to bait his Q, then look to trade with Q after his passive and Q goes on CD. Overall you can play to let him push ,then wait for wave bounce to start asserting better trades.  

(2) Abuse Empowered Q / E Trades - Shen’s overall weak points against Renekton, is Shen’s lack of waveclear in comparison to Renekton’s. Renekton can cheat tempo plays by using his Q and E wave clear to easily shove waves, while also allowing himself to proxy and play for his powerspikes. Typically Renekton out performs Shen in the 1v1 at level 6, so playing for level 6 or playing exclusively for empowered Q and later E trades, will help you cut down Shen’s HP and resistances to allow for 1v1’s. 

(3) Avoid W'ing Shen W - Shen’s W allows him to block all auto attacks including Renekton’s W, allowing him to peel damage off himself or his carries. When trading vs Shen, we can usually bait his W by walking into him, which he will automatically W when you begin to auto attack, or you can E in and force his W out, followed by using E2 to disengage. Shen’s W is 16 seconds, so after he uses it we can abuse it with more heavy trades with our W.

(4) Avoid Shen E - Shen E is a great ability towards his gank setup or for forcing his trades, his trades consist of E > Q Auto Attacks, while using his W to block any incoming damage. Try to use short in and out clicks to bait Shen to E towards you, once he misses abuse him with your auto attacks and abilities back accordingly. When playing around Shen’s side of the map, be aware he will use his E to also force ganks or use it when you’re near his tower. Try to also use your E to avoid his E if you’re unable to side step it. 

(5) Play Waves Accordingly - Simply assess whether or not you want to play for freeze, to help you deny XP and CS, while presenting yourself more opportunities to create fights. Or, play to shove waves to create proxy angles, tempo resets or create a dive opportunity. Renekton has all the cards to do whatever he wants with wave management. Also respect that if your laner tries to proxy, simply proxy back or coordinate a kill on them with your jungler.

(6) Abuse Renekton's R Spike - Abuse Renekton's R Powerspike - Once you reach level 6 your ultimate will essentially help you consistently stat check and dominate any match ups you were winning or losing. Make sure to always wait for your R CD to help you make plays, otherwise it will lead you towards a major disadvantage in dueling your enemies. 

(7) Ping And Punish Shen R - Shen R is a pretty disgusting ability when it comes to countering skirmishes or teamfights, meaning when playing vs Shen we need to make sure we play accordingly around it. When laning vs Shen you can either cancel his R with your W, or you can let him TP across the map. If you can trust your team and look at the overall situation bot with confidence in letting him TP, you can let him R bot then look to abuse your wave clear and look for plates.Sometimes, if a fight looks too close where his impact can decide the fate of a bot lane fight, you could play to cancel his R with your W. W’ing Shen R isn’t always worth even if he does get something from it, as he can funnel plates and force Shen to either TP back or miss gold and XP. If you don’t want Shen to R, you can also play to consistently crash the waves into his turret, which prevents him from R’ing without missing XP and gold.

When it comes to skirmishes and playing around your team, typically on picks Shen will try to use R to protect his teammates, with that said we can hold our empowered W to nuke the overall shield they will get. Against Shen, typically you want to bait out fights to force his R, or jump on your target with the intention of killing them before Shen arrives. 

(8) 3 Points Q > W Max - Q or W max is completely fine, however if you want to play vs Shen and play to kill him in side lane then I would recommend W max. W max allows you to break his passive shield consistently, while allowing you to have the self peel and damage to beat him in extended trades.

(9) Build Eclipse, Black Cleaver or BoTRK - Go Eclipse for consistent power through mid game and damage mitigation with the shield. / Go Black Cleaver for additional CDR and other versatile stats for utility based gameplay. / Go BoTRK to one shot and snowball with a damage focused build. 

(10) Mid Game + Teamfighting Tips - Shen’s scaling through the game is very up and down, depending on how good his team is overall. Within an even game, Shen can offer the necessary utility needed to win fights and change the overall game. As mentioned, the main way we can play into Shen, is either abusing our side laning power to force tower pushes and scale towards our powerspikes, or we can play to look for picks utilising our W shield break and overall damage to kill targets before Shen can R. Overall, mid to late game is very hard and you just have to trust your judgement, as fights can easily be hard countered by Shen’s R and W. If there’s ever a chance to bait out Shen’s R then take the opportunity, Shen with no R is absolutely free to do whatever you want in the game. In actual fights, try to peel and protect your main carries, use your empowered W’s and E to shred Shen’s resistances and peel him away from your carries. If Shen does R early in the fight, you can look to one shot his carries after his R to ensure you kill his main source of damage and win the fights. 
",Coming Soon
Shyvana,Medium - 4/10,Conq > Resolve / Inspiration,Doran's Blade / Doran's Shield,Ignite / Teleport / Ghost + Flash,Q3 > W > E,,"(1) Level 1 Q Start - Try to push for level 2 advantage while poking Shyvana with your Q, on level 2 skill E/W use advantage to chunk out Shyvana. 

(2) Play For Level 2/3 Kill Angle - Once you chunk out Shyvana, you're most likely able to kill her with Your W, Dash or Flash up. Look to shove the wave around your kill timer, so you're able to make Shyvana lose a lot more. 

(3) Respect Shyvana's Damage - Shyvana's early damage comes in the form of her E, which allows her to mark her target for 5 seconds providing additional on hit damage, attack speed and synergy with her Q and W trading power. While Shyvana’s laning damage isn’t overbearing, it should still be respected and you should aim to play around your abilities to ensure you don’t over trade into her overall strengths. 

(4) Abuse Renekton's Early Game - In this match up Renekton is essentially able to do whatever he simply wants within the early stage of the game. With that said, really hone into your strong early to mid game strengths to help you dominate and win the game. Play to deny your enemy of gold and xp, play to proxy and generally lead any top side skirmishes with your insane lane advantage. 

(5) Play Wave On Your Side - Playing the wave on your side essentially means playing wave states on your side of the map, via abusing wave manipulation tactics or freezing on your side of the map. Simply use this to help you combo on your laner, taking away any space from them being able to trade you back (This also helps prevent the enemy running you down with their extended or sustained movement speed abilities). You can also use this wave state to run down your opponent with your abilities up, helping you obtain kills a lot easier vs stalemate or ranged match ups. Look to do this when your opponents are below 50% HP, or potentially make a mistake to provide you an all in opportunity to run them down. 

(6) Respect Shyvana R - Shyvana’s real powerspike comes in the form of her R, which allows her to empower all her abilities to a stronger state, on top of also having an absolute nuke of an ability with her E. Her E becomes a giant AoE one shot tool depending on her build, allowing her to easily nuke targets or provide giant dueling damage with her burn. Overall, once Shyvana ults and depending on her build, it’s usually best to avoid fighting her till it goes on CD. Shyvana without her R is pretty useless as the game goes on, so make sure to always abuse fights on her when she has no R up. 

(7) Abuse Renekton's R Powerspike - Once you reach level 6 your ultimate will essentially help you consistently stat check and dominate any match ups you were winning or losing. Make sure to always wait for your R CD to help you make plays, otherwise it will lead you towards a major disadvantage in dueling your enemies. 

(8) 3 Points Q > W Max - This playstyle allows you to constantly have W’s to help you stay onto Shyvana while abusing your high damage ratios, allowing you to easily snowball and permanently shutdown Shyvana within all stages of the game. Make sure to put 3 points into your early wave clear and poke, then look to max W throughout the rest of your points. Once completed, max your E for additional mobility to help enable your up close stun abusing playstyle.  

(9) Build Eclipse, Black Cleaver or BoTRK - Go Eclipse for consistent power through mid game and damage mitigation with the shield. / Go Black Cleaver for additional CDR and other versatile stats for utility based gameplay. / Go BoTRK to one shot and snowball with a damage focused build. 

(10) Mid Game Teamfighting Tips - Shyvana is an underrated and strange pick in her ability to go heavy AP as her main purpose of playstyle, or she can opt into a hybrid damage playstyle with Riftmaker and Shojin, allowing her to be absolutely crazy in her dueling and splitpushing power. Depending on what playstyle she plays it’s important to value her strengths, with the intention of playing around it. When she’s going her hybrid build, Renekton typically cannot 1v1 her unless he has BoTRK and some MR resistances, however if she is splitpushing I’d usually recommend getting your team to help shut her down, as shutting her down solo can be rather difficult depending on how strong she is. If Shyvana has her AP build, she will opt into playing around teamfights and skirmishes with her one shot build, allowing her to instantly nuke targets and win the fights off that alone. Try to avoid fighting Shyvana being present, or try to bait her R then look to wait until its on CD. Shyvana as mentioned is very ult dependent to have playability, so make sure to get rid of it then look to abuse when she doesn’t have it anymore. Within teamfights, try to nuke the Shyvana or peel her away from your team, as her high damage and burst can completely change a fight. If you get to jump onto Shyvana, make sure to one shot her as fast as you can. Once killing Shyvana, the enemy will lose out on a ton of burst damage or front lining power, allowing you to carry and play the rest of the fights with ease. 
",Coming Soon
Singed,Medium - 4/10,PTA / Conq > Resolve / Inspiration,Doran's Blade / Doran's Shield / Long Sword,Ignite / Teleport / Ghost + Flash,Q > E > W,,"(1) Defend First Minion Wave - While more uncommon these days, Singed can still potentially proxy level 1 depending on if he takes Ghost to help him be annoying and kite out with his poison damage active. To stop Singed from proxying with success, you can walk with your minion wave level 1 to prevent him from proxying, while giving you the opportunity to kill him if he tries this strategy. 

(2) Level 1 Q Start - Try to push for level 2 advantage while poking Singed with your Q, Singed will try to actively push for level 2 to take his E, so with that try to contest wave push while trading back with auto attacks if he comes close. Keep in mind, if he runs into you he will proc his poison alongside his Conqueror rune, allowing him to do a lot of damage within the process. Try to actively space backwards and keep your HP through good kiting, then posture more aggressively when reaching level 2. 

(2) Play For Level 2/3 Kill Angle - Once you chunk out Singed at any point through level 1 and 2, you're most likely able to kill him with your W, Dash or Flash up. Look to shove the wave around your kill timer, so you're able to make Singed lose a lot more. 

(3) DONT CHASE SINGED - Singed can be a very boring and inactive lane if he knows what he is doing, so if Singed tries to proxy on repeat, just ignore it and focus on getting minions until someone is around to help you stop him. Singed can be very negative in his ability to slow with W, fling you the opposite direction, as well as getting slow based items like Rylai’s to perma slow and make you irrelevant. Focus on amassing a giant farm score, with the intention of joining grubs or any skirmishes on your side of the map. Alternatively, you can also proxy back on his side of the map if you want to counter his tempo advantage of killing waves, as this will help you match recall timers with Singed. 

(4) Ping Singed’s Movements - Singed being the annoying champion that he is, will try to actively proxy into roaming in your jungle or running mid lane. With that said, try to always ping where he is so your teammates can play accordingly towards it. Without pinging, Singed will be able to constantly gank and join fights when your team least expects it. Don’t try to chase Singed, simply farm and keep your gold and XP up. 

(5) Respect Singed W - If Singed is in lane, try to avoid shoving up and being in his tower range, as he can W towards his tower looking to E you into it. Try to keep wave states towards the middle, as Singed cannot fling you towards his tower and you will be able to get more productive trades against him. Do note that Singed W can also prevent you from E’ing or using your flash, so try to actively walk out of it or bait it out with short clicks to put it onto CD. 

(6) Respect And W Buffer His E - A trick you can do into Singed, is using your W into his E frame, preventing Singed from maximising on his fling to kite you out effectively. If doing this successfully, you can E right after his fling to help you stay on top and trade back against him.

(7) Abuse Renekton's R Powerspike - Once you reach level 6 your ultimate will essentially help you consistently stat check and dominate any match ups you were winning or losing. Make sure to always wait for your R CD to help you make plays, otherwise it will lead you towards a major disadvantage in dueling your enemies. 
(8) Avoid Fighting Singed R - Singed R allows him to get an abundance of stats, allowing him to be a lot stronger within fights. Most often if Singed R’s, try to play to disengage if he’s near full HP, as his stats are simply too strong for Renekton to even deal with. If Singed is low, you can look to killing him, but be aware he also gains additional HP regen. 

(9) Build Hexdrinker, Eclipse, Black Cleaver or BoTRK - Go Hexdrinker to lower Singed's overall damage and have a MR shield. / Build Eclipse, Black Cleaver or BoTRK - Go Eclipse for consistent power through mid game and damage mitigation with the shield. / Go Black Cleaver for additional CDR and other versatile stats for utility based gameplay. / Go BoTRK to one shot and snowball with a damage focused build. 

(10) Mid Game + Teamfighting Tips - Singed’s role is to essentially be an annoying plague every chance he gets, meaning he will look to constantly skirmish with his movement speed in trying to force and obtain kills. Beating Singed entirely counts on preventing his plays with pings, or communicating his roams. If you’re able to gain a giant farm lead, you will be able to use it to help you kill the rest of his teammates. Playing with TP is very helpful in this match up, as you’re able to farm in side lane and look for active plays on the map. It’s very important to use TP effectively as that will help you find relevancy within all stages of the game. When it comes to teamfights, try to focus onto Singed’s carries as his default role will be trying to engage onto your own. The Difference between Renekton and Singed, is that Renekton’s damage and utility is a lot higher than what Singed can provide, allowing you to easily play teamfights with more flexibility. Try to avoid Singed making the first move, as typically Singed succeeds if he Ghosts up towards an unsure team, allowing him to set up his plays right away. 

",Coming Soon
Sion,Medium - 4/10,PTA / Conq > Resolve / Inspiration,Doran's Blade / Doran's Shield / Long Sword,Ignite / Teleport / Ghost + Flash,Q > E > W or Q3 > W > E,,"(1) Respect Level 1 Strats - Sion has a few strats he can pull out level 1, which can help him get an early advantage, or allow him to be super annoying that can help him cheese through the first minutes of the game. Sion level 1 can try to proxy, which while a lot weaker nowadays, can still be a play he can do if he’s psycho enough. With that said, try to hold vision by standing in tri bush level 1 on red side, or cover the blue side path above the blue buff to spot out Sion. Once the minion wave spawns, walk towards the wave and protect it in case Sion found another way to enter, as doing this will weaken his chances of being able to proxy without dying. 

Sion can also start Q and hide in the middle bush, allowing him to get a disgustingly range Q that can chunk out a lot of your HP. Try to respect this, by either positioning away from his Q hit box indicator and farming the first 3 minions with Q, or if you have time, pull the wave towards the right hand side of the lane by aggroing minions first, then dragging it away from the bush, leaving Sion with no range to hit you with Q.

(2) Level 1 Q or E Start - As mentioned through other notes, playing off Q and E both require different plays, however in this match up you can essentially do either of them and have pretty good success. Take E if Sion misses Q early and plays aggressively, then look for E AAx3 E Trade. Take Q if Sion skills W, then play for level 2 push into fighting him with E up. 

(3) Play For Level 2/3 Kill Angle - Once you chunk out Sion level 1, you're most likely able to kill him with Your W, Dash or Flash up. Always try to kill him near his tower, otherwise Sion can TP back and ruin your kill tempo. 

(4) Respect Sion Passive - Sion’s passive is always an insidious killer, as disrespecting it can leave him getting kills or ruining your tempo advantage completely. Sion’s deaths don’t really affect him as much as other champions, due to the fact his death timer starts ticking once Sion is in passive, allowing him to use his passive to his fullest, then instantly reviving right after. With that said when you’re trying to kill Sion, make sure to always get kills on his side of the map, as if you’re unable to shove the waves in after killing Sion can absolutely destroy your chances of hard abusing him, allowing him to TP to get the wave back, or running back in time to freeze a wave onto you or getting all the CS back without missing anything. 

(5) Play Wave On Your Side - Playing the wave on your side essentially means playing wave states on your side of the map, via abusing wave manipulation tactics or freezing on your side of the map. Simply use this to help you combo on your laner, taking away any space from them being able to trade you back (This also helps prevent the enemy running you down with their extended or sustained movement speed abilities). You can also use this wave state to run down your opponent with your abilities up, helping you obtain kills a lot easier vs stalemate or ranged match ups. Look to do this when your opponents are below 50% HP, or potentially make a mistake to provide you an all in opportunity to run them down. 

(6) Play Around Proxy - Sion players most often will always look for any chance to proxy, as Renekton typically hard counters in straight fights. Something Sion will usually do to enter his proxy, is that he will crash the wave then look towards walking past the tier 1 tower, or he will try to ult past you to reach your minion waves. As Renekton, we need to hold the minion wave outside of our tower, while preventing him from directly R’ing past by holding our E to potential dash and block his access. Sometimes Sion can go through the other side of the walls and start proxying, in which if your jungler or support is around, you can attempt to kill him before he tries to assert any tempo advantage over you. Alternatively, if no one is on your side of the map, you should just ignore him and play for farm by killing the minions in your wave, or proxying back against him to prevent his tempo advantage. 

(7) Abuse Renekton's R Powerspike - Once you reach level 6 your ultimate will essentially help you consistently stat check and dominate any match ups you were winning or losing. Make sure to always wait for your R CD to help you make plays, otherwise it will lead you towards a major disadvantage in dueling your enemies.  

(8) Build Eclipse, Black Cleaver or BoTRK - Go Eclipse for consistent power through mid game and damage mitigation with the shield. / Go Black Cleaver for additional CDR and other versatile stats for utility based gameplay. / Go BoTRK to one shot and snowball with a damage focused build. 

(9) Mid Game + Teamfighting Tips - Depending on how much you have put Sion behind, Sion’s performance will vary within the next phase of the game. Typically Sion will aim to split push and farm stacks for his passive, while trying to scale into his Thanos style playstyle. As Renekton, once we have finished BoTRK we will be able to actively fight and melt Sion within the side lane, on top of using our empowered E to help shred through his resistances. Any chance you get to kill Sion is always a big moment, as he cannot use his frontlining powers within a team fight, as well as being able to split push and take towers. Most often, if you’re ahead of Sion you want to try and dominate the map and use your lead to carry fights, however if Sion is hard split pushing you can use your mid laner or scaling adc to take waves, while you’re able to use your lead on the map. Within teamfights, try to ignore sion and focus on his carries first. Sion’s damage isn’t that much until he scales through his items in the later stages of the game, but  even with that said ,your role should always focus on destroying his carries. 
",Coming Soon
Sivir,Easy - 1/10,PTA > Resolve / Inspiration,Doran's Blade / Long Sword,Ignite / Teleport / Ghost + Flash,Q > E > W,,"(1) Level 1 E Start - Try to cheese PTA proc or Conq with E1 > 3 auto's > disengage with E2.

(2) Play For Level 2/3 Kill Angle - Once you chunk out Sivir level 1, you're most likely able to kill her with Your W, Dash or Flash up. Look to shove the wave around your kill timer, so you're able to make Sivir lose a lot more. 

(3) Abuse Renekton's Early Game - In this match up Renekton is essentially able to do whatever he simply wants. With that said, really hone into your strong early to mid game strengths to help you dominate and win the game. Play to deny your enemy of gold and xp, play to proxy and generally lead any top side skirmishes with your insane lane advantage.

(4) Play To Manaburn - Sivir’s overall playstyle requires her to expend a lot of mana to try and contest push, or defend against Renekton’s combos. Typically, we can easily burn her mana if we force freezes to burn Sivir’s W and Q, or we can try and force trades onto Sivir to make her panic burn abilities. Furthermore, we can do whatever we want in this match up as long as we’re playing optimally and looking to abuse her high mana or low mana states accordingly.

(5) Hold Abilities Vs Spell Shield - Sivir’s W provides her with HP back if she successfully blocks an ability, with the advantage of also avoiding Renekton’s stun and first W damage hit. Typically within any fights against Svir, instead of using W right away, simply wait out her W until it wears off, or use your E/Q to break her spell shield to allow you to stun Sivir with ease. Overall if you play around her W she will always become a very easy target to kill. 

(6) Play Wave On Your Side - Playing the wave on your side essentially means playing wave states on your side of the map, via abusing wave manipulation tactics or freezing on your side of the map. Simply use this to help you combo on your laner, taking away any space from them being able to trade you back (This also helps prevent the enemy running you down with their extended or sustained movement speed abilities). You can also use this wave state to run down your opponent with your abilities up, helping you obtain kills a lot easier vs stalemate or ranged match ups. Look to do this when your opponents are below 50% HP, or potentially make a mistake to provide you an all in opportunity to run them down.  

(7) Heavy Trades - Being that Renekton carries a lot of high damage, Renekton is able to just jump on his target nearly at will. Whenever your laners present you with the ability to jump on them, simply take the opportunity to burst them as much as you can. If you didn't kill them already from that, use your options of freezing or your tower diving ability to help you finish off your opponent.

(8) Build Eclipse, Stridebreaker or Profane - Go Eclipse for consistent power through mid game and damage mitigation with the shield. / Go Stridebreaker to cripple Sivir's mobility and provide teammates with additional utility. / Go Profane for full damage focused playstyles. 

(9) Mid Game + Teamfighting Tips - Sivir as a champion is pretty horrible in my opinion, her only real strength is essentially being a utility ADC with her movement speed and AoE mid range damage. Sivir’s real win condition is trying to farm up towards 30-40 minutes before having any real presence within the game, in which as Renekton you should try and abuse your early to mid game advantage as much as possible. Try to use your power to perma kill Sivir, then look to roam towards any major objectives that spawn on the map, eventually your aim is to pick up baron and use it to push towards a victory against Sivir. Within fights, as long as you don’t W Sivir in her spell shield you should be able to kill her with ease, however you should try and assess who the enemy carries are before opting into killing Sivir.
",Coming Soon
Skarner,Easy - 4/10,Conq > Resolve / Inspiration,Doran's Blade / Doran's Shield,Ignite / Teleport / Ghost + Flash,Q > E > W or Q3 > W > E,,"(1) Level 1 Q Start - Try to push for level 2 advantage while poking Skarner with your Q, on level 2 skill E/W use advantage to chunk out Skarner. 

(2) Play For Level 2/3 Kill Angle - Once you chunk out Skarner you're most likely able to kill him with your W, Dash or Flash up. Look to shove the wave around your kill timer, so you're able to make Skraner lose a lot more. 

(3) Abuse Renekton's Waveclear - A giant advantage Renekton has within this match up, is his overall ability to easily clear minion waves. This can help him achieve perfect tempo resets, or allow him to proxy waves to help increase his gold lead, while also hostaging the enemy top laner under their own tower. Being able to fast clear also forces the enemy into contesting push, allowing you to easily mana burn and create advantageous positions from it. Abuse this strength to cheat out bad laning situations, or increase your overall power within the game. 

(4) Avoid Skarner E - Skarner’s E is the only ability outside of his R that you need to worry about, as Skarner E can help him stun his targets towards a wall or push them towards his tower. Overall, Skarner E can be dangerous, however it’s only dangerous if we’re hard pushing towards his side of the map. As long as we keep the wave in the middle or towards our tower, Skarner cannot really abuse his E offensively, on top of the fact Renekton can also time his W stun right at the impact of his stun to instantly cancel his E ability. 

(5) Abuse Renekton’s W Shieldbreak - Skarner’s fighting power relies on using Grasp, Q damage and using his W shield, to mitigate against incoming damage. As Renekton, we can easily counter Skarner’s W ability with our own, as we can instantly break his shield and burst him down in the process. Use this within skirmishes or teamfights, to help shred his shield to allow you and your team to do more damage to him.

(6) Play Wave On Your Side - Playing the wave on your side essentially means playing wave states on your side of the map, via abusing wave manipulation tactics or freezing on your side of the map. Simply use this to help you combo on your laner, taking away any space from them being able to trade you back (This also helps prevent the enemy running you down with their extended or sustained movement speed abilities). You can also use this wave state to run down your opponent with your abilities up, helping you obtain kills a lot easier vs stalemate or ranged match ups. Look to do this when your opponents are below 50% HP, or potentially make a mistake to provide you an all in opportunity to run them down. 

(7) Abuse Renekton's R Powerspike - Once you reach level 6 your ultimate will essentially help you consistently stat check and dominate any match ups you were winning or losing. Make sure to always wait for your R CD to help you make plays, otherwise it will lead you towards a major disadvantage in dueling your enemies. 

(8) Avoid Skarner's Full CC Combo - Once Skarner has R, Skarner is able to do some very disgusting CC combos. These combos can be R > E > Q / W Slow or E > R -  The purpose of these combos allows him to drag his enemies under towers or towards his team. Skarner’s main purpose within the game is to play off utilising his heavy CC for his teammates, allowing him to easily lock down his targets in combination with his teams CC and damage. Try to avoid these at all costs, by using your E or Flash to dodge his incoming R, or try to avoid getting hit by his E by using your own E. If Skarner never locks you down then you won’t be able to die vs him. 

(9) Build Eclipse, Black Cleaver or BoTRK - Go Eclipse for consistent power through mid game and damage mitigation with the shield. / Go Black Cleaver for additional CDR and other versatile stats for utility based gameplay. / Go BoTRK to one shot and snowball with a damage focused build. 

(10) Mid Game + Teamfighting Tips - As previously mentioned, Skarner’s main role as a pick is to tank for his team, while providing heavy CC in order to catch out his enemies, while using his R and E to drag people towards his teams. If he can always provide vision towards any blind spots, Skarner will struggle trying to use his E through the wall or generally struggle to get the angles he needs to flank for his team. Through fights, Skarner will try to get a huge R off with his flash, or simply try to walk up towards your team. If you avoid Skarner’s R, you can use your W to lock him in place, preventing him from being able to move any ulted targets towards his team. Generally, all you need to do to really beat him is utilising your stuns and empowered E shred to shred through his abundance of armour, as well as stopping him from getting any max value E’s or R’s through a teamfight. 
",Coming Soon
Smolder,Easy - 3/10,PTA > Resolve / Inspiration,Doran's Blade / Doran's Shield / Long Sword,Ignite / Teleport / Ghost + Flash,Q > E > W,,"(1) Level 1 E Start - Try to cheese PTA proc or Conq with E1 > 3 auto's > disengage with E2.

(2) Play For Level 2/3 Kill Angle - Once you chunk out Smolder level 1, you're most likely able to kill him with Your W, Dash or Flash up. Look to shove the wave around your kill timer, so you're able to make Smolder lose a lot more. 

(3) Abuse Renekton's Early Game - Abuse Renekton's Early Game - In this match up Renekton is essentially able to do whatever he simply wants. With that said, really hone into your strong early to mid game strengths to help you dominate and win the game. Play to deny your enemy of gold and xp, play to proxy and generally lead any top side skirmishes with your insane lane advantage.

(4) Respect Smolder's Passive - Smolder’s passive is essentially the highlight of this match up, as playing incorrectly around denying his passive stacks will leave him completely outscaling you by the 25-30 minute mark. Smolder will obtain stacks by attacking his opponent with his abilities or killing minions with his Q. As Renekton we want to deny smolder by intentionally leaving the wave on our side, with the aim of dashing in and bursting him down each time he is over extended. If you play this way Smolder will struggle to scale and always leave himself for Renekton’s lethal combos. Try your best to end the game as fast as you can after you obtain a lead, otherwise he will comeback hard once he hits 225 stacks.

(5) Play Wave On Your Side - Playing the wave on your side essentially means playing wave states on your side of the map, via abusing wave manipulation tactics or freezing on your side of the map. Simply use this to help you combo on your laner, taking away any space from them being able to trade you back (This also helps prevent the enemy running you down with their extended or sustained movement speed abilities). You can also use this wave state to run down your opponent with your abilities up, helping you obtain kills a lot easier vs stalemate or ranged match ups. Look to do this when your opponents are below 50% HP, or potentially make a mistake to provide you an all in opportunity to run them down. 

(6) Heavy Trades - Being that Renekton carries a lot of high damage, Renekton is able to just jump on his target nearly at will. Whenever your laners present you with the ability to jump on them, simply take the opportunity to burst them as much as you can. If you didn't kill them already from that, use your options of freezing or your tower diving ability to help you finish off your opponent.

(7) Respect Smolder's R - Smolder’s R isn’t as hard hitting or impactful as other ults, but nevertheless it can help him a lot when it comes to healing against targets or dealing the right amount of damage to secure kills. Try not to be fighting Smolder with low HP when he has R, as he can easily wipe out your remaining HP. As long as you’re not low, you don’t really have to worry much about his R.

(8) Build Eclipse, Stridebreaker or Profane - Go Eclipse for consistent power through mid game and damage mitigation with the shield. / Go Stridebreaker to cripple Smolder's mobility and provide teammates with additional utility. / Go Profane for full damage focused playstyles.

(9) Mid Game + Teamfighting Tips - Smolder’s overall scaling is definitely to be feared each step we head into the late game, however for Smolder it takes a lot of time to reach that. Depending on how good you played at putting him behind, Smolder won’t be able to be present within most mid game skirmishes or teamfights, due to the fact he would rather look to stack within the side lane. As Renekton abusing this period in the game is essential to overcoming Smolder’s stacking win condition, meaning that we should try to take every objective and teamfights, doing this will leave his team struggling while he is trying to regain his strength. If there’s no objectives or plays on the map, you can try to just repetitively kill Smolder with a heavy damage or slow based build, which is relatively easy as long as you avoid dying to multiple people around him. In teamfights, simply jump on him and try to cancel his E ability with your stun to stop him from escaping. Smolder when behind or even is pretty easy to kill as Renekton, however if he does have lots of stacks then be very wary of your positioning. Try to get your team to all focus Smolder if he is a threat, with that you will be able to easily shut him down with a W Flash, so make sure to look out for this as a play. 
",Coming Soon
Sona,Easy - 1/10,PTA > Resolve / Inspiration,Doran's Blade / Doran's Shield / Long Sword,Ignite / Teleport / Ghost + Flash,Q > E > W,,"(1) Level 1 E Start - Try To Cheese PTA Proc or Conq With E1 > 3 Auto's > Disengage With E2. 

(2) Play For Level 2/3 Kill Angle - Once you chunk out Sona level 1, you're most likely able to kill her with Your W, Dash or Flash up. Look to shove the wave around your kill timer, so you're able to make Sona lose a lot more. 

(3) Abuse Renekton's Early Game - In this match up Renekton is essentially able to do whatever he simply wants. With that said, really hone into your strong early to mid game strengths to help you dominate and win the game. Play to deny your enemy of gold and xp, play to proxy and generally lead any top side skirmishes with your insane lane advantage.

(4) Respect Sona's Passive - Sona’s passive allows her to obtain an empowered attack after reaching 3 stacks of her passive. Her Q allows her to have bonus damage, her W applies damage reduction and her E massively slows her targets. As Renekton, understanding how she uses her empowered auto attack depends on her current form, in which if she doesn’t damage reduce our combo with her W attack, then we are easily available to one shot her on demand. There’s really not much to this lane outside of understanding this, so respect her W form for dives and you should have no problem.

(5) Play Wave On Your Side - Playing the wave on your side essentially means playing wave states on your side of the map, via abusing wave manipulation tactics or freezing on your side of the map. Simply use this to help you combo on your laner, taking away any space from them being able to trade you back (This also helps prevent the enemy running you down with their extended or sustained movement speed abilities). You can also use this wave state to run down your opponent with your abilities up, helping you obtain kills a lot easier vs stalemate or ranged match ups. Look to do this when your opponents are below 50% HP, or potentially make a mistake to provide you an all in opportunity to run them down. 

(6) Heavy Trades - Being that Renekton carries a lot of high damage, Renekton is able to just jump on his target nearly at will. Whenever your laners present you with the ability to jump on them, simply take the opportunity to burst them as much as you can. If you didn't kill them already from that, use your options of freezing or your tower diving ability to help you finish off your opponent.

(7) Respect Sona's R - Sona’s R can be a pretty good ability if timed right through her team’s CC, allowing her to lock down any targets within front of her. Typically within the lane, Sona’s R doesn’t really do anything to Renekton outside of preventing him from potentially tower diving her if he’s low, but aside from that you can literally ignore her R as an ability until teamfights. 

(8)Build Eclipse, Stridebreaker or Profane - Go Eclipse for consistent power through mid game and damage mitigation with the shield. / Go Stridebreaker to cripple Sona's mobility and provide teammates with additional utility. / Go Profane for full damage focused playstyles.

(9) Mid Game + Teamfighting Tips - Sona’s role within the mid game is to essentially play around her main carries, trying to consistently peel her carries with her W and E, as well as also trying to form picks with her R. As Renekton, we can easily nuke through targets around Sona, so opting into a full damage build will essentially render Sona completely useless when trying to play around her target. Renekton can either focus her main carry, or try to one shot her from the fight if she is available, so overall you can just play the situation on whatever you think is best and matters the most of that situation within the game. 
",Coming Soon
Soraka,Easy  - 1/10,PTA > Resolve / Inspiration,Doran's Blade / Doran's Shield / Long Sword,Ignite / Teleport / Ghost + Flash,Q > E > W,,"(1) Level 1 E Start - Try To Cheese PTA Proc or Conq With E1 > 3 Auto's > Disengage With E2. 

(2) Play For Level 2/3 Kill Angle - Once you chunk out Soraka level 1, you're most likely able to kill her with Your W, Dash or Flash up. Look to shove the wave around your kill timer, so you're able to make Soraka lose a lot more.

(3) Abuse Renekton's Early Game - In this match up Renekton is essentially able to do whatever he simply wants. With that said, really hone into your strong early to mid game strengths to help you dominate and win the game. Play to deny your enemy of gold and xp, play to proxy and generally lead any top side skirmishes with your insane lane advantage.

(4) Avoid Soraka Q - Soraka doesn’t really have any threats when it comes to the lane, however Soraka can use her Q poke to sustain through the lane. You can easily counter her sustain potential by avoiding her Q poke, as this will result in her struggling to sustain allowing for easy kills against her. 

(5) Play Wave On Your Side - Playing the wave on your side essentially means playing wave states on your side of the map, via abusing wave manipulation tactics or freezing on your side of the map. Simply use this to help you combo on your laner, taking away any space from them being able to trade you back (This also helps prevent the enemy running you down with their extended or sustained movement speed abilities). You can also use this wave state to run down your opponent with your abilities up, helping you obtain kills a lot easier vs stalemate or ranged match ups. Look to do this when your opponents are below 50% HP, or potentially make a mistake to provide you an all in opportunity to run them down. 

(6) Heavy Trades - Being that Renekton carries a lot of high damage, Renekton is able to just jump on his target nearly at will. Whenever your laners present you with the ability to jump on them, simply take the opportunity to burst them as much as you can. If you didn't kill them already from that, use your options of freezing or your tower diving ability to help you finish off your opponent. 

(7) Respect Soraka R -  Soraka’s R can be quite the game changing ability if she’s able to provide it, as it can massively heal her teammates on top of also removing any grievous wounds applied onto targets. Soraka R is a giant ability so if you’re able to remove that from her by trying to force dives then disengaging, or just generally look for kill trades, then this will present a giant advantage across kills on the map. 

(8) Build Eclipse, Stridebreaker or Profane - Go Eclipse for consistent power through mid game and damage mitigation with the shield. / Go Stridebreaker to cripple Soraka's mobility and provide teammates with additional utility. / Go Profane for full damage focused playstyles. 

(9) Mid Game + Teamfighting Tips - Soraka’s power through the mid to late game stages is on par with a lot of late game carries in general, due to her insane healing potential out of her kit. Renekton’s role against Soraka is to essentially hard focus her within the fight, as your damage and catch potential is way too high for Soraka to deal with. Picking Soraka in solo lane is also very hard to pilot without a front liner to protect her, so abuse her comps disadvantage to force an engage solely onto her to easily win the fight. 
",Coming Soon
Swain,Medium - 4/10,PTA / Conq > Resolve / Inspiration,Doran's Blade / Doran's Shield,Ignite / Teleport / Ghost + Flash,Q > E > W,,"(1) Level 1 E Start - Try to cheese PTA proc or Conq with E1 > 3 auto's > disengage with E2.

(2) Play For Level 2/3 Kill Angle - Once you chunk out Swain level 1, you're most likely able to kill him With Your W, Dash or Flash up. Look to shove the wave around your kill timer, so you're able to make Swain lose a lot more. 

(3) Respect Swain Q - Swain’s main poking tool within the lane is his Q ability, which he can use to strike enemies in a cone in front of him. Typically Swain Q costs a lot of mana early, so any chance he uses Q will expend a lot of his mana. Try to use short in and out clicks to bait his Q’s, allowing you to easily bait it out then punish right after with an E combo, as long as he also misses his E. 

(4) Avoid Swain E - Swain E essentially sets up his entire combo pattern as he can E > W > Q, allowing him to stun and burst his target down, on top of also gaining passive stacks for landing E and W. Swain E is typically easy to avoid, as you can also bait it out using short in and out clicks like I previously mentioned, to help you bait his E into you getting a free chance to combo him after he misses. Swain E is 12 seconds at rank 1, so typically wait until he uses it, which is either when you walk up to CS minions, walking towards him, or dashing towards him - Which you can side step or use E2, to avoid his E stun when dashing onto him. 

(5) Avoid Swain W - Swain W is generally a hard ability for him to hit, outside of being locked in his E root, or looking at the item shop without noticing his W. Overall make sure to avoid ever being hit by W, otherwise Swain obtains free HP stacks from hitting his ability, as well as marking you on the map for everyone to see your location. 

(5) Play Wave On Your Side - Playing the wave on your side essentially means playing wave states on your side of the map, via abusing wave manipulation tactics or freezing on your side of the map. Simply use this to help you combo on your laner, taking away any space from them being able to trade you back (This also helps prevent the enemy running you down with their extended or sustained movement speed abilities). You can also use this wave state to run down your opponent with your abilities up, helping you obtain kills a lot easier vs stalemate or ranged match ups. Look to do this when your opponents are below 50% HP, or potentially make a mistake to provide you an all in opportunity to run them down. 

(6) Quick Trades - E > Q > AA  > W > AA > E Out / E > Q > W > E / E Q E - These combos allow for Renekton to get quick damage off in being able to keep health up and whittling his opponent down, use these to get your laner low and look for a low HP kill with flash. 

(7) Abuse Renekton's R Powerspike - Once you reach level 6 your ultimate will essentially help you consistently stat check and dominate any match ups you were winning or losing. Make sure to always wait for your R CD to help you make plays, otherwise it will lead you towards a major disadvantage in dueling your enemies. 

(8) Respect Swain R - Once Swain obtains R, he’s able to use this to consistently DPS and heal against his targets, while also being able to maintain his R for as long as he’s in combat. Another thing to note is that he can constantly apply his item effects, such as Rylai’s or Deathfire Torch. When Renekton has R, Swain can’t really overpower Renekton in the 1v1’s, so make sure to use your ultimate as soon as Swain does, then play around your empowered abilities and healing reduction to utilities of ignite or executioners to overpower him. Alternatively, you can always bait out Swain R and dash out right after, as this puts his CD onto a long CD and prevents him from being able to skirmish or teamfight effectively. 

(9) Build Executioner’s, Eclipse, Stridebreaker or BoTRK - Go Executioner’s to apply grievous wounds to lower Swain’s overall healing, make sure to get it if you’re not playing Ignite. / Go Eclipse for consistent power through mid game and damage mitigation with the shield. / Go Stridebreaker to cripple Swain's mobility and provide teammates with additional utility. / Go BoTRK to one shot and snowball with a damage focused build.

(10) Mid Game + Teamfighting Tips - Swain’s main strengths are reaching his core items of which usually depend on his overall playstyle. Some Swain players prefer Rylai’s rush into Fimblewinter, to help them front line and tank for their team. While others prefer  Deathfire Torch into Liandries, honing in on their ability to shred HP using their AoE damage R. Overall, Swain functions the same way, as typically you want to avoid any fights against Swain while trying to actively poke him out before he gets close, or bait his R into disengaging. Typically baiting out Swain R in solo queue is hard, but you can side lane within the mid game to help you force a trade against him, allowing you to bait out the R before any fights. But, if you’re going to do this, make sure to do it when his teammates aren’t nearby, otherwise they will easily be able to shut you down and regret that decision. When it comes to teamfights, try to shut down Swain’s carries first as Swain’s damage is only issue the longer the fights get, which typically happens if people try to focus on Swain first. Once Swain’s carries are dead, try to turn on swain and make sure to apply your healing reduction onto him to make him easily killable. 
",Coming Soon
Sylas,Easy - 2/10,PTA / Conq > Resolve / Inspiration,Doran's Blade / Doran's Shield / Long Sword,Ignite / Teleport / Ghost + Flash,Q3 > W > E,,"(1) Level 1 Q or E Start - As mentioned through other notes, playing off Q and E both require different plays, however in this match up you can essentially do either of them and have pretty good success. Level 1 with Q you can also kill Sylas if he is trying to be aggressive. With that said, play around the strengths of level 1 and look for a level 2 kill. 

(2) Play For Level 2/3 Kill Angle - Once you chunk out Sylas level 1, you're most likely able to kill him With Your W, Dash or Flash up. Look to shove the wave around your kill timer, so you're able to make Sylas lose a lot more. 

(3) Respect Sylas W - Sylas W is a big game changer, as Sylas W allows him to heal more based off his missing HP. With that said, make sure when you’re going for your lethal trades, you apply ignite or healing reduction right at the start of the combo, as he will actively be trying to heal as much as he can. Make sure to also respect Sylas Flash W if you’re low, as he can sustain a lot harder at those points than Renekton can. 

(4) Abuse Renekton's Early Game - In this match up Renekton is essentially able to do whatever he simply wants. With that said, really hone into your strong early to mid game strengths to help you dominate and win the game. Play to deny your enemy of gold and xp, play to proxy and generally lead any top side skirmishes with your insane lane advantage.

(5) Play Wave On Your Side - Playing the wave on your side essentially means playing wave states on your side of the map, via abusing wave manipulation tactics or freezing on your side of the map. Simply use this to help you combo on your laner, taking away any space from them being able to trade you back (This also helps prevent the enemy running you down with their extended or sustained movement speed abilities). You can also use this wave state to run down your opponent with your abilities up, helping you obtain kills a lot easier vs stalemate or ranged match ups. Look to do this when your opponents are below 50% HP, or potentially make a mistake to provide you an all in opportunity to run them down. 

(6) Heavy Trades - Being that Renekton carries a lot of high damage, Renekton is able to just jump on his target nearly at will. Whenever your laners present you with the ability to jump on them, simply take the opportunity to burst them as much as you can. If you didn't kill them already from that, use your options of freezing or your tower diving ability to help you finish off your opponent. 

(7) Respect Sylas R Steal - Sylas R isn’t so much a problem when it comes to Renekton, but it’s definitely a problem if he steals your teammates ult, which entirely depends on how good it is for the game. For example, if Sylas can steal a Malphite or Soraka R, it can be entirely game changing for a fight with how much utility both provide. Make sure Sylas doesn’t use your team’s high priority R’s within a fight, try to bait them out when fighting him in side lane, or wait till it expires. If Sylas steals Renekton R it basically does absolutely nothing, instead you can force a fight onto him and stat check him harder than he can with your own R. 

(8) Abuse Renekton's R Powerspike - Once you reach level 6 your ultimate will essentially help you consistently stat check and dominate any match ups you were winning or losing. Make sure to always wait for your R CD to help you make plays, otherwise it will lead you towards a major disadvantage in dueling your enemies.  

(9) 3 Points Q > W Max - This playstyle allows you to constantly have W’s to help you stay onto Sylas while abusing your high damage ratios, allowing you to easily snowball and permanently shutdown Sylas within all stages of the game. Make sure to put 3 points into your early wave clear and poke, then look to max W throughout the rest of your points. Once completed, max your E for additional mobility to help enable your up close stun abusing playstyle.  

(10) Build Eclipse, Black Cleaver or BoTRK - Go Eclipse for consistent power through mid game and damage mitigation with the shield. / Go Black Cleaver for additional CDR and other versatile stats for utility based gameplay. / Go BoTRK to one shot and snowball with a damage focused build. 

(11) Mid Game + Teamfighting Tips - As previously mentioned, Sylas’s only playability through the game is trying to take a high value R, to help his teammates chances of being able to win a fight. Sylas already struggles hard in a Renekton match up, so most likely his only chance of being relevant is entirely if he gets a good R. That being said, if Sylas is drafted and there’s absolutely 0 R’s for him to take, then he will overall be a lot more useless. But if Sylas does get a good R, try to avoid its desired advantage in the situation its good for, e.g. Malzahar R to stun lock you down, or Kayle R to protect against lethal combos. Within teamfights, Sylas will most likely try to focus down any target carries, by using his R for an engage or trying to straight up jump on them with his E. As Renekton. We can peel against his engage with our W stun, then look to one shot him right after with our team. 
",Coming Soon
Syndra,Hard - 8/10,PTA / Electrocute > Resolve,Doran's Shield,Ignite / Teleport + Flash,Q > E > W,,"(1) Level 1 E Start - Try to cheese PTA proc or Conq with E1 > 3 auto's > disengage with E2.

(2) Play For Level 2/3 Kill Angle - Once you chunk out Syndra you're most likely able to kill her with your W, Dash or Flash up. Look to shove the wave around your kill timer, so you're able to make Syndra lose a lot more. 

(3) Play For Sustain Early - Outside of being able to potentially cheese her level 1, Syndra regains lane strength once reaching level 3, by being able to peel Renekton away with her E to prevent any hard trades. When also laning vs Syndra, her low CD poke from her Q allows her to be aggressive and set up her aggressive E and W trades, making her very oppressive. To make matters easier, try to take D Shield and Second Wind to help you sustain, allowing you to mana burn her before Lost Chapter to provide you with any play making opportunities when she’s on low mana. 

(4) Respect Syndra BALLS - Respecting Syndra’s big BALLS and tracking where they’re placed is the main skill element of this match up. Depending on where Syndra positions her balls she is able to consistently stun Renekton using her E, on top of utilising her W to slow and provide consistent range damage against Renekton. Try to use short in and out clicks between minions and her, to help bait out her Q. When you’re low and fighting her, try to also respect her using Q to help her obtain extra damage for her R. Overall if you can rush Mercury Treads and play for sustain, Syndra won’t really be able to kill you if you’re playing it well.

(5) Bait Out Syndra E - Being able to kill Syndra entirely depends on how she uses her E within the lane. As mentioned, Syndra can knock back and stun Renekton as long as she pushes a ball back into you with her E, stunning for up to 1.25 seconds. If Syndra uses E without her ball hitting into you, it can only knock you back, presenting the opportunity to E and capitalise on her missed stun. Syndra can usually be killed if she misplays, but also keep in mind she will only E if you dash into her. If she uses E for any other reason to be aggressive, you can look to fight right after it. Potentially if you can mind game her enough, you can E1 or use both dashes, quick enough to dodge her own E. 

(7) Rush Mercury Treads - Mercury Treads are very important within the Syndra lane as you’re able to consistently tank her damage, use mobility to each dodge her Q and W abilities, as well as coming out of her stun a lot faster with the tenacity. Overall Mercury Treads really hard counter Syndra, providing you the ability to have more plays leading to eventual kills. Syndra can’t really win 1v1’s without peeling back and playing to burst, so once she misses on any abilities or has no room to run, make sure to abuse this and fight her at will.

(8) Play Wave On Your Side - Playing the wave on your side essentially means playing wave states on your side of the map, via abusing wave manipulation tactics or freezing on your side of the map. Simply use this to help you combo on your laner, taking away any space from them being able to trade you back (This also helps prevent the enemy running you down with their extended or sustained movement speed abilities). You can also use this wave state to run down your opponent with your abilities up, helping you obtain kills a lot easier vs stalemate or ranged match ups. Look to do this when your opponents are below 50% HP, or potentially make a mistake to provide you an all in opportunity to run them down. 
(9) Play For Ganks - Syndra can be really hard to fight in isolation, especially if you’re laning against her mid lane, so make sure to play the wave on your side to force her to overextend for ganks. Syndra can only have one target to stun, so no matter what you may always be able to get her flash if you and your jungler play it optimally. Getting her flash is also gigantic in the lane, as Syndra has no mobility to really defend herself against any flash plays you can pull out onto her. 

(10) Respect Syndra R - Syndra is a great tool to burst down her enemies when they’re low, as Syndra R also scales off how many balls she has present around her, as well her R providing an execute if she has 100 passive stacks. Try to avoid being around Syndra whenever you’re low, as it provides a free opportunity to kill you with her R. Try to also protect your teammates if Syndra is trying to use R on them, by jumping onto her and preventing her from getting any closer.

(10) Build Hexdrinker, Eclipse, Stridebreaker or Profane - Go Hexdrinker to lower Syndra’s overall damage and have a MR shield. / - Go Eclipse for consistent power through mid game and damage mitigation with the shield. / Go Stridebreaker to cripple Syndra’s mobility and provide teammates with additional utility. / Go Profane for full damage focused playstyles.

(11) Mid Game + Teamfighting Tips - Syndra’s role with the mid game is to play off her range and catch ability, to either deter enemies from straight up engaging onto her or her team, or using her E to catch anyone that’s mispositioned or in front of her. Syndra’s general presence always makes it very awkward to directly approach her, especially within teamfighting scenarios with her E. As Renekton, our preferred scenario is being able to catch out Syndra, with either our team’s AoE or ranged sun abilities, using our flash W to gap close against her, or using fog of war to flank behind Syndra or using it to catch her off guard. Ultimately, if we’re not doing these things teamfights will be very hard to directly take, meaning our best way to play the game is trying to play around our team with the intent of being creative with our picks. When teamfighting, as mentioned try to engage on Syndra with your flash W or solely wait until her E’s on CD before looking for an angle to fight. If you can remove Syndra from the fight, this will increase your changes of winning while stopping Syndra from using R on your teammates or using stuns to ruin your engages. 
",Coming Soon
Tahm Kench,Medium - 6/10,Conq > Resolve,Doran's Blade / Doran's Shield,Ignite / Teleport / Ghost + Flash,Q > E > W or Q3 > W > E,,"(1) Level 1 Q Start - Try to push for level 2 advantage while poking Tahm Kench with your Q, on level 2 skill E/W use advantage to chunk out Tahm Kench. Try to actively avoid taking Tahm’s Q, by playing off the edge of your Q and minions 

(2) Abuse Renekton's Waveclear - Renekton’s biggest strength vs Tahm Kench is using his Q and E wave clear towards his advantage. Renekton’s wave clear remains a big problem for Tahm Kench, as Renekton is able to easily proxy, force recall timers or build waves, into resetting on Tahm Kench. Tahm’s lack of wave clear makes it super hard for him to contest pushes, as well matching Renekton’s item leads he gets from returning to lane. Make sure to use your advantage to always get the upper hand on Tahm Kench, allowing you to force him into lane longer and preventing him from resetting without losing gold or xp.

(3) Respect Tahm Passive - Tahm Kench’s passive is a core element to avoid within the match up, as he’s able to stun his target with his Q or eat them up using his R. When playing vs Tahm, try to always avoid tanking more than 1 or 2 hits, while making sure to walk back and kite him towards your minion wave. Doing this will allow you to have minions trade against his damage, on top of avoiding his potential benefits while being on his side of the map.

(4) Respect And Avoid Tahm's Q - Tahm’s Q is where most of his power resides, as he’s able to deal considerable magic damage towards his target as well as being able to heal based on his missing HP. When fighting Tahm, you typically want to try and abuse him after he uses his Q, as he’s unable to sustain or synergise his Q with his 3 passive stacks. Make sure to utilise minions to block his Q, or move side to side to avoid getting hit by his Q. 

(5) Abuse Empowered Q / E - Within this match up, using empowered Q and E are both very important for dealing with Tahm Kench. Using your empowered Q will help you out sustain, poke or shove minion waves at uncontestable power, while Renekton’s E helps later on in the game to help shred Tahm’s Armour, while synergising with your BoTRK, Black Cleaver or Eclipse items. Make sure to use both within the game to help you poke or shred against Tahm’s resistances. 

(6) Respect Tahm's Gank Setup - Tahm Kench has pretty great gank setup with his kit, as he’s able to land his Q then look to use his W as a knock up. Try to always ward or track where the jungler is, as this provides a lot of impact towards Tahm Kench in being able to kill Renekton. Make sure to also use your E to avoid Tahm Kench’s W, while also using your movement to side step any Q’s he tries to throw.

(7) Respect Tahm Kench’s R - Tahm’s R allows him to eat and reposition his opponent away from his side of the map, allowing his R to be a great tool in denying his opponents to run away or allowing him to finish off kills. Make sure to always avoid being eaten by his R if you don’t have R, as his power to stat check is increased through his access to having R. 

(8) Abuse Renekton's R Powerspike - Once you reach level 6 your ultimate will essentially help you consistently stat check and dominate any match ups you were winning or losing. Make sure to always wait for your R CD to help you make plays, otherwise it will lead you towards a major disadvantage in dueling your enemies. 

(9) Build Eclipse, Black Cleaver or BoTRK - Go Eclipse for consistent power through mid game and damage mitigation with the shield. / Go Black Cleaver for additional CDR and other versatile stats for utility based gameplay. / Go BoTRK to one shot and snowball with a damage focused build. 

(10) Mid Game + Teamfighting Tips - Tahm Kench’s overall role within the mid to late game is to either push side lanes with his heart steel build and early advantage, or play around his team with the playstyle of protecting his main carries. Renekton’s role against Tahm Kench should involve building items such as BoTRK or Eclipse to help him health shred his higher HP builds, as well as allowing Renekton to fight him within the side lane. In the event Tahm Kench gets an early advantage, Renekton will need his team to help him shut him down within fights, as this provides Renekton the ability to successfully shut him down. If Renekton gets ahead early, Tahm Kench cannot match Renekton’s heavy snowballing and versatile gameplay. Within teamfights, Tahm Kench will try to either hard focus Renekton’s squishy carries, or he will play to protect his main carry with R. Our job is to either protect our carries from his engages, using our W and Empowered E shred to help apply the utility needed to shut him down. Or, we can try to look to jump on his carries, however try to let Tahm Kench make the move on your team before you commit to doing this. Overall, this match up entirely depends on Tahm Kench’s overall positioning, which if he plays aggressive we can exploit this by killing his carries before he’s able to use R on them.
",Coming Soon
Taliyah,Hard - 9/10,PTA / Electrocute > Resolve,Doran's Shield,Teleport + Flash,Q > E > W ,,"(1) Play For Sustain Early - Taliyah’s early game is pretty impossible to do much without any ganks, as her low CD Q and her E completely stop Renekton from any aggressive engages. As Renekton, all we can do is suffer while also abusing D Shield and Second Wind to help us survive in the lane, ultimately playing for CS leads or waiting for Taliyah to waste E is all we can do if we want any success.

(2) Avoid Taliyah Q Poke - Taliyah’s Q’s CD and high damage completely deters Renekton from being able to do much in lane, with that said all we can do is play around her minions and try to avoid any Q’s by walking side to side and utilising good movement. If Taliyah does run out of mana spamming Q, you can try to be more aggressive and try to focus your kill angles around this scenario. 

(4) Respect Taliyah's E - By far one of the most horrible abilities to play vs in the game, as her E can completely cancel your dash and stun you into her one shot. All we can simply do is never E, unless we can force it out for our teammates ganks or if she already used it. Also, if Taliyah uses it aggressively she can use her W to redirect you towards her E, allowing to setup her combo.

(5) Play Waves Accordingly - Simply assess whether or not you want to play for freeze, to help you deny XP and CS, while presenting yourself more opportunities to create fights. Or, play to shove waves to create proxy angles, tempo resets or create a dive opportunity. Renekton has all the cards to do whatever he wants with wave management. Also respect that if your laner tries to proxy, simply proxy back or coordinate a kill on them with your jungler.

(6) Play For Ganks - With Taliyah being a very hard match up, Renekton essentially needs ganks in being able to play the lane. Ganking Taliyah is actually pretty easy as Taliyah cannot E both of you, allowing for either of you to easily access her and utilise each other’s CC or high damage to help burn flashes or obtain kills. Try to spam ping assistance whenever she over extends, or try to burn Taliyah E and communicate with your jungler to come after it. 

(6) Ping Taliyah Roams - Taliyah’s strong point is also her ability to roam the map, using her passive movement speed near walls or her ult to instantly gap close and catch her opponents. As Taliyah’s waveclear is super strong, try to instantly ping her whereabouts and spam ping on top of your teammates to avoid any conflict. Renekton can match Taliyah’s wave clear to punish her, however be cautious that she could bait you to push, with her coming out the side with her jungler. 

(7) Play Waves Accordingly - Play Waves Accordingly - Simply assess whether or not you want to play for freeze, to help you deny XP and CS, while presenting yourself more opportunities to create fights. Or, play to shove waves to create proxy angles, tempo resets or create a dive opportunity. Renekton has all the cards to do whatever he wants with wave management. Also respect that if your laner tries to proxy, simply proxy back or coordinate a kill on them with your jungler.

(8) Abuse Renekton's R Powerspike - Abuse Renekton's R Powerspike - Prior to this point in the match up, if Renekton has farmed safely and rushed defensive boots in the match up, Renekton is now ready to fight his opponent in an all in. Renekton's high base damage and stats from his R, allows Renekton to completely stat check his counter match up. Simply wait for the enemy to make a mistake, then go all out and kill your opponent.

(9) Rush Hexdrinker, Eclipse or Stridebreaker - Go Hexdrinker to lower Taliyah's overall damage and have a MR shield / Go Eclipse for consistent power through mid game and damage mitigation with the shield. / Go Stridebreaker to cripple Taliyah’s mobility and provide teammates with additional utility.

(10) Mid Game + Teamfighting Tips - Playing vs Taliyah is always a struggle at most points in the game, due to her damage always being so high and her ability to easily cancel Renekton’s E. With that said, we must always play with caution vs Taliyah and we should aim to avoid using our E before she uses hers, otherwise we will waste any opportunity to reach her or other teammates. Generally against Taliyah we just want to aim to play for isolated picks vs her or her team, as killing anyone will lead to a great success rate in being able to play teamfights. Be aware of her pick potential with her team, try not to overextend without knowing where she or her team is. Within teamfights let her use her E first, in which you can abuse this right after by jumping onto her with your dashes or flash. Overall, your objective ranges between avoiding skirmishes or walking into fog of war territories vs Taliyah, while trying to look for picks and playing to protect your win conditions.
",Coming Soon
Talon,Easy - 2/10,PTA > Resolve / Inspiration,Doran's Blade / Doran's Shield / Long Sword,Ignite / Teleport / Ghost + Flash,Q3 > W > E,,"(1) Respect Talon's Passive - Talon’s passive is a big reason why he is named the first blood king, however if you properly play around it you can also show Talon why Renekton is the king of top laning. As long as you never provide Talon any stacks, from avoiding his W and Q procs, he won’t be able to squeeze out the trades he wants, resulting in a very hard match up for Talon overall. 

(2) Level 1 Q or E Start - As mentioned through other notes, playing off Q and E both require different plays, however in this match up you can essentially do either of them and have pretty good success. With that said, play around the strengths of level 1 and look for a level 2 kill. 

(3) Play For Level 2/3 Kill Angle - Once you chunk out Talon you're most likely able to kill him with your W, Dash or Flash up. Look to shove the wave around your kill timer, so you're able to make Talon lose a lot more. 

(4) Abuse Renekton's Early Game - In this match up Renekton is essentially able to do whatever he simply wants. With that said, really hone into your strong early to mid game strengths to help you dominate and win the game. Play to deny your enemy of gold and xp, play to proxy and generally lead any top side skirmishes with your insane lane advantage.

(5) Ping Talon's Roams - Talon’s main cause of concern is his excellent roaming ability, in which he is able to quickly traverse the map with his high movement speed builds and his E ability. Try to always ping Talon’s movements as much as possible, as this will completely deny any opportunities to pick off kills, preventing him from snowballing the map and getting his team ahead.

(6) Heavy Trades - Being that Renekton carries a lot of high damage, Renekton is able to just jump on his target nearly at will. Whenever your laners present you with the ability to jump on them, simply take the opportunity to burst them as much as you can. If you didn't kill them already from that, use your options of freezing or your tower diving ability to help you finish off your opponent.

(7) Abuse Renekton's R Powerspike - Once you reach level 6 your ultimate will essentially help you consistently stat check and dominate any match ups you were winning or losing. Make sure to always wait for your R CD to help you make plays, otherwise it will lead you towards a major disadvantage in dueling your enemies. 

(8) Respect Talon R - Talon’s R doesn’t really provide much of a disadvantage towards you, however if you’re low it can be used towards bursting you down. As Renekton, you can utilise red trinket to help you easily find Talon in R, or utilising attack move to instantly attack Talon out of his W with your W, allowing you to easily counter against his all. 

(9) Build Eclipse, Black Cleaver or BoTRK - Go Eclipse for consistent power through mid game and damage mitigation with the shield. / Go Black Cleaver for additional CDR and other versatile stats for utility based gameplay. / Go BoTRK to one shot and snowball with a damage focused build. 

(10) Mid Game +  Teamfighting Tips - Talon’s mid to late game role as a champion usually falls off in terms of overall relevancy, which is his overall power trying to one shot carries with his assassin playstyle. As Renekton, our role is simply playing to deny him of this opportunity, using your high burst damage and lock down potential to stop Talon as soon as he engages into a fight. Talon has no ways to really avoid Renekton’s damage, so playing optimally around his movements and your own carries is absolutely essential to winning the fight. 
",Coming Soon
Taric,Easy - 1/10,PTA / Conq > Resolve / Inspiration,Doran's Blade / Doran's Shield / Long Sword,Ignite / Teleport / Ghost + Flash,Q3 > W > E,,"(1) Respect Taric's Level 1 Cheese - Taric’s level 1 cheese is one of the most crazy and psychotic things I’ve seen. Taric can essentially cheese level 1 taking his E stun, then repeatedly auto attacking you down till it resets from his on hit passive. Taric can hard cheese most melee match ups in the game with this, so make sure to avoid fighting level 1 and play to hit your level 2/3 spikes.

(2) Play For Level 2/3 Kill Angle - Once you reach your level 2 and 3 powerspike, you’rte essentially able to start fighting Taric within the lane. One you chunk him out you're most likely able to kill him with your W, Dash or Flash up. Look to shove the wave around your kill timer, so you're able to make Taric lose a lot more. 

(3) Respect Taric's E Spam - As previously mentioned, Taric’s E spam can be a decider factor for 1v1’s, so try not to stand toe to toe unless you’re able to reposition away from his E stun. If you miss the stun you’re more than likely to always win fights, so try and play for that and look to abuse its CD. 

(4) Abuse Renekton's Early Game - In this match up Renekton is essentially able to do whatever he simply wants. With that said, really hone into your strong early to mid game strengths to help you dominate and win the game. Play to deny your enemy of gold and xp, play to proxy and generally lead any top side skirmishes with your insane lane advantage.

(5) Play Waves Accordingly - Simply assess whether or not you want to play for freeze, to help you deny XP and CS, while presenting yourself more opportunities to create fights. Or, play to shove waves to create proxy angles, tempo resets or create a dive opportunity. Renekton has all the cards to do whatever he wants with wave management. Also respect that if your laner tries to proxy, simply proxy back or coordinate a kill on them with your jungler.

(6) Heavy Trades - Being that Renekton carries a lot of high damage, Renekton is able to just jump on his target nearly at will. Whenever your laners present you with the ability to jump on them, simply take the opportunity to burst them as much as you can. If you didn't kill them already from that, use your options of freezing or your tower diving ability to help you finish off your opponent.

(7) 3 Points Q > W Max - This playstyle allows you to easily deal with Taric, in the ability to perma stun lock him down within 1v1’s. This playstyle essentially makes it so Taric cannot do anything, which he already couldn’t do past level 1. So for more dueling and overall play potential in the side lane, you should abuse this as hard as you can. 

(8) Respect Taric's R - Taric’s R is the only tool later on in the game you have to really play around, as his R is available to save and completely change all forms of teamfights if he gets the chance to use it properly. When playing against Taric, try to burn it out and either kill him or the targets fast enough before they use the ult, or simply disengage and burn it out before a major objective. 

(9) Build Eclipse, Black Cleaver or BoTRK - Go Eclipse for consistent power through mid game and damage mitigation with the shield. / Go Black Cleaver for additional CDR and other versatile stats for utility based gameplay. / Go BoTRK to one shot and snowball with a damage focused build. 

(10) Mid Game + Teamfighting Tips - Taric’s overall focus as a champion is to play around his strong carries using his abilities to sustain, stun or provide invulnerability. As Renekton, you should try to abuse your strong side laning potential to take all the towers you can against Taric, as he isn’t available to really provide any resistance against that. Within teamfights, as previously mentioned, playing around his R is vital in being able to win or lose. Trying to nuke his carries is very important before they get his R, otherwise depending on the champion, they will be able to hard 1v1 and create a lot of difficulties in trying to kill them. Simply play with the aim to use your full damage to kill his carries, so that his R loses all value in being able to win fights. Alternatively, playing to bait out R into a disengage is also just as good as you’re able to get a free ability within the threat of overtrading into his R. 
",Coming Soon
Teemo,Medium - 5/10,PTA > Resolve / Inspiration,Doran's Shield,Ignite / Teleport / Ghost + Flash,Q > E > W,,"(1) Respect His Passive - Level 1,  Teemo will most typically hide in the centre of the lane trying to utilise his invisible passive. Play with caution, and let him come out first and let his attack speed buff fall off. 

(2) (1) Level 1 E Start - Try to cheese PTA proc or Conq with E1 > 3 auto's > disengage with E2.

(3) Play For Level 2/3 Kill Angle - Once you start E and chunk out Teemo, you're most likely able to kill him With Flash up. Teemo is very squishy early, the only thing to really note is that if you're going for your lethal trade, make sure to hold W after he blinds, so once you're out of blind you can one shot him with an empowered W and secure the kill. 

(4) Play Around Teemo Blind - Teemo blind is Teemo's only saving grace in the match up. If he blinds you, he can return a lot of auto attacks and kite you out while you're taking a lot of damage. Usually you try to keep your HP up by doing short trades with E > Q > AA or E > Q > E, then eventually when his HP is lower and his mana is overall lower, you can look for the kill by holding W after his blind. 

(5) Quick Trades - Quick Trades - E > Q > AA  > W > AA > E Out / E > Q > E Q E - Depending on if Teemo wastes blind, like the last point just do quick E Q trades to chip off his HP, then look for a longer trade once he is in lethal range around 30-40% HP. 

(6) Rush Mercury Treads - Going Mercs into Teemo is practically a free win as you're able to cut his blind duration by a large amount, while also being able to keep up with Teemo's mobility. Build these to have a much easier time into the match up. 

(7) Don't Hard Chase Teemo - Teemo W is a very annoying ability that can help him kite away and hard trade against you if you make a mistake. Like I already mentioned, mana burning his abilities is important. Stick to short trades, then look for the kill when he is in lethal range. 

(8) Respect Teemo's Shrooms - An obvious point, but obviously sometimes people don't respect the utility Teemo shrooms provide. While Teemo shrooms can poison his targets, it can also slow on top of also applying item passive effects. These item effects can be very deadly the later the game goes, so make sure to buy a red trinket post 6 and kill off any shrooms Teemo places for you and your team. 

(9) Abuse Renekton's R Powerspike - Prior to this point in the match up, if Renekton has farmed safely and rushed defensive boots in the match up, Renekton is now ready to fight his opponent in an all in. Renekton's high base damage and stats from his R, allows Renekton to completely stat check his counter match up. Simply wait for the enemy to make a mistake, then go all out and kill your opponent.

(10) Build Hexdrinker, Eclipse, Stridebreaker or Profane - Go Hexdrinker to lower Teemo's overall damage and have a MR shield / Go Eclipse for consistent power through mid game and damage mitigation with the shield. / Go Stridebreaker to cripple Teemo's mobility and provide teammates with additional utility / Go Profane for full damage focused playstyles.

(11) Mid Game + Teamfighting Tips - At this point of the game Teemo will be playing to plant Shrooms on each objective side of the map, in which red trinket is absolutely vital for this point of the game. Make sure to kill off his shrooms around objectives, make sure to also use red trinket to spot Teemo hiding in his passive. In fights, Teemo doesn't typically play a huge factor other than blinding carry targets. Try to one shot him out of the fight if he's in range, then play to kill the rest of his carries.
",Coming Soon
Thresh,Easy - 1/10,PTA / Conq > Resolve / Inspiration,Doran's Blade / Doran's Shield / Long Sword,Ignite / Teleport / Ghost + Flash,Q > E > W,,"(1) Respect Thresh's Invade Cheese - The only thing Thresh can really do within the start of the game, is simply forcing an invade. 9/10 times Thresh will always force an early invade, these can take place on both sides of the map, so make sure to either cover 5 point vision, or stack up and look to use your comps potential strength to overpower Thresh and his team early. Make sure not to AFK level 1 in the open, be proactive and skill E if you need to avoid his flash Q if you're caught.  

(2) Level 1 Q Start - Try to push for level 2 advantage while poking Thresh with your Q, on level 2 skill E/W use advantage to chunk out Thresh.

(3) Play For Level 2/3 Kill Angle - Once you chunk out Thresh you're most likely able to kill him with your W, Dash or Flash up. Look to shove the wave around your kill timer, so you're able to make Thresh lose a lot more. 

(4) Respect His CC - Thresh's only form of aggression and survivability is based within his CC. If Thresh is able to use his Q, E or R properly within a fight, this can cause some troublesome situations where he is able to lock you out of an entire fight. Try your best to avoid playing into his abilities, such as using minions to block his Q or weaving side to side to avoid his CC. Alternatively, you can also rush Mercury Treads to completely gut his CC duration to present you with more offensive opportunities. 

(5) Play Waves Accordingly - Simply assess whether or not you want to play for freeze, to help you deny XP and CS, while presenting yourself more opportunities to create fights. Or, play to shove waves to create proxy angles, tempo resets or create a dive opportunity. Renekton has all the cards to do whatever he wants with wave management. Also respect that if your laner tries to proxy, simply proxy back or coordinate a kill on them with your jungler.

(6) Abuse Renekton's Early Game - In this match up Renekton is essentially able to do whatever he simply wants. With that said, really hone into your strong early to mid game strengths to help you dominate and win the game. Play to deny your enemy of gold and xp, play to proxy and generally lead any top side skirmishes with your insane lane advantage.

(7) Respect Thresh’s Utility - One thing to be said is that Thresh is one of the highest skill ceiling utility based supports within the entire game. Depending on his overall skill level, Thresh can create crazy engage opportunities based on his Q, as well as being able to use W to save his teammates. Try to avoid Thresh’s hooks and lantern plays by simply respecting the people around him. A thing you can also do to hard counter Thresh W, is warding on top of his lantern or clicking right into it to body block the ability. Renekton’s chunky hitbox allows him to completely cover the entire lantern within his R, so make sure to use this to stop champions from escaping.

(7) Build Eclipse, Black Cleaver or BoTRK - Go Eclipse for consistent power through mid game and damage mitigation with the shield. / Go Black Cleaver for additional CDR and other versatile stats for utility based gameplay. / Go BoTRK to one shot and snowball with a damage focused build. 

(8) Mid Game + Teamfighting Tips - Within the mid game, Thresh’s focus will be playing around his teammates to secure kills via his CC, while also trying his hardest to hard protect his main carries. With this in mind, simply ignore Thresh in terms of relevancy within the fights, put your entire priority onto his carries instead to eliminate them from the game. Once Thresh has no carries to play for, Thresh simply becomes useless and cannot really do anything to salvage the fight. Also make sure to respect Thresh’s fog of war Q’s by utilising wards or denying vision, as this will completely cut his play making potential. 
",Coming Soon
Tristana,Medium - 8/10,PTA / Electrocute > Resolve,Doran's Shield,Ignite / Exhaust / Teleport + Flash,Q > E > W,,"(1) Play For Sustain Early - Tristana’s lane bully playstyle within the beginning of the game can cause slight issues for Renekton’s playstyle, as typically she will be able to out range and out DPS him if he tries to come into contact. Try to play safe by keeping your HP by farming with Q, then trying to play the wave on your side of the map. Utilise D Shield And Second Wind to outsustain and survive the laning phase.

(2) Respect Tristana's Q and E - Tristana’s damage within most stages of the game is very high, this mainly due to her Q and E interactions. Her Q provides her with 60% to 120% additional attack, which combined with her E, she can instantly nuke whoever she puts her bomb on. Within the laning phase, she can chunk really hard if she detonates her bomb, which also resets her W jump. Try to leave her auto attack range if she puts her E onto you, doing this will lose a lot of damage for Tristana, providing you the ability to safely trade with her once it’s on CD. 

(3) Rush Plated Steelcaps - Plated Steelcaps are essential for this match up as Tristana can easily out DPS you, while also being able to easily escape your combos with her W. Once you build plated, you will be easily able to out space Tristana’s range, while also being able to easily soak up a lot more of her auto attacks and her overall AD damage. After this you can get regular damage items or utility, based on whatever your preference for the match up is.

(4) Play Wave On Your Side - Playing the wave on your side essentially means playing wave states on your side of the map, via abusing wave manipulation tactics or freezing on your side of the map. Simply use this to help you combo on your laner, taking away any space from them being able to trade you back (This also helps prevent the enemy running you down with their extended or sustained movement speed abilities). You can also use this wave state to run down your opponent with your abilities up, helping you obtain kills a lot easier vs stalemate or ranged match ups. Look to do this when your opponents are below 50% HP, or potentially make a mistake to provide you an all in opportunity to run them down. 

(5) Play For Ganks - Trying to do combos on Tristana can always be a pain with her naturally long range, high damage and safety tools to peel away Renekton with her R and using her W. With that said though, pre 6 if you’re able to get her W out, while keeping the wave on your side of the map, this will easily present an opportunity to gank a Tristana. Post 6 will be trickier to gank as she can easily R a target away, but as long as you can burn out her R in the process it becomes a lot easier to have your way in the lane against Tristana. Make sure to do either of these things to create an easier time and give yourself the help you need to win the match up. 

(6) Quick Trades - E > Q > AA  > W > AA > E Out / E > Q > W > E / E Q E - These combos allow for Renekton to get quick damage off in being able to keep health up and whittling his opponent down, use these to get your laner low and look for a low HP kill with flash 

(7) Abuse Renekton's R Powerspike - Prior to this point in the match up, if Renekton has farmed safely and rushed defensive boots in the match up, Renekton is now ready to fight his opponent in an all in. Renekton's high base damage and stats from his R, allows Renekton to completely stat check his counter match up. Simply wait for the enemy to make a mistake, then go all out and kill your opponent. 

(8) Ping Tristana's Roams - Tristana’s goals are naturally to try and either hard shove the lane to get easy platings, or simply to roam the map and pick up kills using her W reset and utilising her naturally high damage. With that said, try to always ping out Tristana’s roams and make sure to crash the wave whenever Tristana tries to roam. Doing this results in her missing gold and xp, which are needed to leverage an advantage over Tristana through the game.

(9) Build Eclipse, Stridebreaker or Profane - Go Eclipse for consistent power through mid game and damage mitigation with the shield. / Go Stridebreaker to cripple Tristana’s mobility and provide teammates with additional utility. / Go Profane for full damage focused playstyles.

(10) Mid Game + Teamfighting Tips - Tristana as a champion works in a strange way, where in the early stage of the game she will out perform and dps a lot of champions within the laning phase. However in the mid portion of the game she becomes very average until she finishes her last couple of items, where her power levels once again spike up to disgusting levels of damage. Tristana’s biggest weaknesses are utilising heavy CC onto her all in damage patterns, alongside her being able to keep her HP up on the outside of a fight. With those in mind, try to hard focus Tristana if she jumps into close range of your team and look to stun one shot her as soon as you can. Alternatively, if you can distract her and her team by engaging on top of her carries or self, your team will be able to free fire ranged or aoe abilities, chunking Tristana out and denying her overall play presence within the game. 

",Coming Soon
Trundle,Easy - 2/10,PTA / Conq > Resolve / Inspiration,Doran's Blade / Doran's Shield,Ignite / Teleport / Ghost + Flash,Q3 > W > E,,"(1) Respect Trundle's Q trades - Most people make the mistake of overtrading with Trundle Level 1, who simply outdamages and kills Renekton players based on the additional AD and low CD Trundle Q has. Instead, you can simply AA Q him, then walk back towards your tower. Each time Trundle gets Q, do not walk into him and over extend the fight. As long as you're patient Trundle cannot really force his Level 1 Advantage.  

(2) Play For Level 2/3 Kill Angle - Once you reach level 2, you can skill W level 2 to assert lane dominance. Having Empowered W level 2 will completely shred Trundle's HP if he tries to bully you off the wave. If Trundle is fairly healthy, try to walk back after doing AA > W > AA > Q. If he's low you can look to kill him off this and force the remaining auto attacks for the kill. 

(3) Respect Trundle W - Trundle's W is another big tool for Trundle's fights. Once Trundle activates W, he will be trying to utilise every second of it. Try to only go for short burst trades, never trade Auto for Auto in his W, otherwise Trundle will smash you down. 

(4) Hold E for Trundle Pillar - A big aspect of this match up that makes it completely unfair for Trundle, is the fact Renekton can completely avoid any aggression from Trundle level 3 onwards. Each trade you do vs Trundle needs to be quick and heavy, once you do your trade E1 towards your side of the map, then if Trundle Pillars, simply E2 through it. Doing this ensures Trundle can never lock down Renekton and punish back after a trade, always resulting in Trundle not being able to do anything. 

(5) Quick Trades - AA > W > AA > Q > AA > E  Out > E2  Pillar / E > Q > AA > W > AA > E - These combos allow for Renekton to get quick damage off in being able to keep health up and whittling his opponent down, use these to get your laner low and look for a low HP kill with flash. 

(6) 3 Points Q > W Max - Make sure to abuse W max in this match up, as it allows Renekton to stand toe to toe vs Trundle at all stages within the game. Renekton W can be abused disgustingly bad vs Trundle as you can always disengage fights after W, followed by using it again another 7-4 seconds later. Definitely Max W to completely ruin Trundle. 

(7) Respect Trundle R - Trundle R is a massive dueling boost for Trundle in 1v1 fights. Depending on how much you have already snowballed, you can afford to tank Trundle R. However if Trundle is semi strong or even, try to instantly disengage with your dashes after he ults, so he can't utilise the additional DPS and stats he steals in a fight. 

(8) Build Plated Steelcaps, Eclipse or BoTRK. - Go Plated Steelcaps to lower Trundle's overall damage and utilise the movement speed. / Go Eclipse for consistent power through mid game and damage mitigation with the shield. / Go BoTRK to one shot and snowball with a damage focused build.

(9) Mid Game + Teamfighting Tips - Trundle's objective within the mid game is to abuse his crazy tower pushing speed in side lanes, focusing on outdueling his opponents and punishing his enemies every time they leave. As Renekton this can be very awkward if you're fed, overall the objective is to make sure you clear the side lane out each time you look to make a play on the map. However if you don't have Tp, you can communicate your mid laner to side lane vs Trundle as long as they don't fight him. Doing this allows you to use your lead on the map more effectively to help you snowball the map. In other scenarios, you should try to get your team to jump on Trundle to make sure you can take him off the map, then look towards playing objectives or teamfights in the time he is dead. If Trundle joins a regular fight he is relatively useless and easy to peel against with your W max CD and overall armour shred utility. Make sure to protect your teammates and try to obliterate him first if he runs into your team. 
",Coming Soon
Tryndamere,Medium - 4/10,PTA / Conq > Resolve / Inspiration,Doran's Blade / Doran's Shield,Ignite / Teleport / Ghost + Flash,Q3 > W > E,,"(1) Respect Tryndamere’s Level 1 - Tryndamere level 1 is one of the scariest starts to a game you can play against as Renekton. Typically Renekton should try to play passive if Tryndamere gets to hit the wave first, but if you’re able to be there first you can posture to push for level 2 and try to defuse Tryndamere’s level 1 strength. Most typically however, you’re going to have to give Tryndamere push on the first 2 waves before you’re able to play. Try to keep your HP up and don’t greed vs his crit passive, just last hit with Q and short click in and out of the wave to bait out Tryndamere E.

(2) Respect Tryndamere passive - As Tryndamere gains crit based on his fury, it’s in your own interest to respect Trydamere’s passive within long extended fights or if he’s consistently attacking the minion wave.. Try to play for short trades and make him burn his fury  bar by forcing him to use Q. Once tryndamere has no fury Renkton can easily zone off Tryndamere from the wave and stat check him in short to mid range trades.

(3) Play For Level 3 - Once Renekton reaches level 3 within the match up, Renekton is essentially able to fight Tryndamere consistently through his fast combos, and the ability to utilise empowered W’s and dashes to peel off Tryndamere from fighting against him. Use this point of the lane to start being more aggressive, looking to kill Tryndamere before his level 6 powerspike.

(4) Respect Tryndamere W - An underrated aspect about this match up is people trading too heavily into Tryndamere’s W. Tryndamere W lowers from 20AD > 80AD at rank 5, making it an incredibly heavy damage reduction that affects all of Renekton’s AD ratios. Make sure to avoid heavily trading into tryndamere W until it wears off. Sometimes however you will need to W tryndamere as soon as he dashes on you, in which you can try to get your damage off to chunk him, but if you have the option to wait it out then you most certainly should. 

(5) Quick Trades - E > Q > AA  > W > AA > E Out / E > Q > W > E / E Q E - These combos allow for Renekton to get quick damage off in being able to keep health up and whittling his opponent down, use these to get your laner low and look for a low HP kill with flash. 

(6) Play Waves Accordingly - Play Waves Accordingly - Simply assess whether or not you want to play for freeze, to help you deny XP and CS, while presenting yourself more opportunities to create fights. Or, play to shove waves to create proxy angles, tempo resets or create a dive opportunity. Renekton has all the cards to do whatever he wants with wave management. Also respect that if your laner tries to proxy, simply proxy back or coordinate a kill on them with your jungler.

(7) Respect And Counter Tryndamere R - Tryndamere’s power that comes from winning most of his duels is usually rooted within his R. Tryndamere R is very strong in the fact he can live up to 5 additional seconds, on top of also filling out his fury bar to dish out as much crit damage as he possibly can onto his target. Renekton usually fulfills a great role in being able to easily burst Tryndamere to his R state, so essentially you want to burst him down then kite him out or tank the additional damage through your R until you can finish him off with your abilities or ignite at the end of his R. Make sure to space perfectly if you’re playing squishier builds, or utilise slow items such as Randiun’s to completely counter his crit damage and slow him from escaping. 

(8) 3 Points Q > W Max - Tryndamere gets completely hard countered within this match up as he is unable to duel Renekton if he goes W Max. W max’s utility from the amount of stuns you can receive is way too much for Tryndamere to handle, on top of the extreme amount of damage you can consistently apply onto Tryndamere. No matter if you’re stomping or behind, W max’s playstyle offers a great deterrent for Tryndamere to go for long trades, as your W’s 7-4 second CD is too low for Tryndamere to really deal with.

(9) Build Plated Steelcaps, Eclipse, Black Cleaver or BoTRK -  Go Plated Steelcaps to lower her Tryndamere's overall damage and utilise the additional movement speed. / Go Eclipse for consistent power through mid game and damage mitigation with the shield. / Go Black Cleaver for additional CDR and other versatile stats for utility based gameplay. / Go BoTRK to one shot and snowball with a damage focused build. 

(10) Mid Game + Teamfighting Tips - Tryndamere’s overall role within the game is to operate as a high pressure split pusher, whose aim is to bring his laner into being side laned with him. This playstyle is overall very annoying no matter if you’re fed or behind, as he completely locks you into being isolated in dealing with him. Renekton typically can fight Tryndamere if he has Eclipse and Randuin's at any point, however if your team is behind and you need to group for teamfights, try to swap another player from your team to lane against him. If no champion can simply survive vs him on your team, try to coordinate a group attack onto Tryndamere to get him out of the game to free up map pressure. In teamfights Tryndamere is generally useless, to which you can just consistently CC him from his engages and look to burst him as fast as you can within the fights. Just make sure to protect your carries and not ignore his engage onto them. .
",Coming Soon
Twisted Fate,Medium - 4/10,PTA > Resolve / Inspiration,Doran's Shield,Ignite / Teleport / Ghost + Flash,Q > E > W,,"(1) Level 1 E Start - Try to cheese PTA proc or Conq with E1 > 3 auto's > disengage with E2.

(2) Play For Level 2/3 Kill Angle - Once you chunk out Twisted Fate you're most likely able to kill him with your W, Dash or Flash up. Look to shove the wave around your kill timer, so you're able to make Twisted Fate lose a lot more. 

(3) Avoid TF Poke - TF’s poke isn’t really meant to cause a lot of harm towards Renekton's laning ability, however it should be said that tanking too much damage vs AP champions is always a rough time for Renekton. Try to avoid TF's Q, W and E passive poke, avoiding any of these presents more successful trade opporunities to completely weaken TF's general ability within the game. 

(4) Respect TF’s Cards - TF’s cards provide a lot of utility that can help him within an abundance of situations. TF’s blue card allows him to sustain his mana through the laning while dealing the most single target damage. Red cards provide an AoE slow and damage to help wave clear or slow mass targets. Then finally his Gold card allows him to stun his target up to 1-2 seconds, providing great utility for catching out his targets. Try to avoid the strengths of TF’s card by avoiding their damage and overall utility they provide. In the laning phase, try to keep distance when TF has his card active and wait to trade once they go on cooldown. 

(5) Buffer W Stun Vs TF Gold Card - A big trick Renekton can do within the TF match up, to help Renekton stay consistently on TF is to abuse Renekton’s W buffering. When Renekton typically reaches TF, TF will panic to select his Gold card to help him peel off Renekton from comboing him. Instead, as soon as you land on TF you can spam W through your E, then spam right click to instantly W within the same frame TF throws his gold card. This is a big tool to help you burst TF down, so make sure to utilise this and mercury treads to break out of his stun faster to abuse TF in your own stun timer. 

(6) Quick Trades - Quick Trades - E > Q > AA  > W > AA > E Out / E > Q > W > E / E Q E - These combos allow for Renekton to get quick damage off in being able to keep health up and whittling his opponent down, use these to get your laner low and look for a low HP kill with flash. 

(7) Play Waves Accordingly - Simply assess whether or not you want to play for freeze, to help you deny XP and CS, while presenting yourself more opportunities to create fights. Or, play to shove waves to create proxy angles, tempo resets or create a dive opportunity. Renekton has all the cards to do whatever he wants with wave management. Also respect that if your laner tries to proxy, simply proxy back or coordinate a kill on them with your jungler.

(8) Abuse And Ping TF Roams - TF’s biggest power within the Renekton match up is being able to outroam and utilise his R presence to be anywhere on the map. TF R can be a big game changer to heavily impact the map, while being able to provide constant utility for his teammates. Try to constantly ping TF’s R and ping his roams in fog of war to help your teammate stay alert when he is missing. Alternatively, try to perma shove waves into his side of the map to help you get platings or keep him from leaving the lane.

(9) Rush Mercury Treads, Eclipse, Stridebreaker or BoTRK - Go Mercury Treads to lower Twisted Fate’s overall damage and CC duration. / Go Eclipse for consistent power through mid game and damage mitigation with the shield. / Go Stridebreaker to cripple Twisted Fate's mobility and provide teammates with additional utility. / Go BoTRK to one shot and snowball with a damage focused build. 

(10) Mid Game + Teamfighting Tips - TF in the mid game will most likely be trying to play off side lanes, in his quick ability to shove the wave then he will most likely try to rotate in the objective to catch out individual targets with his rapid fire cannon/rocket belt gold card utility. To avoid TF from playing his game, simply stack and back ping any teammates over extending to avoid TF from getting to catch out any targets with R, or try to collapse on TF to make sure he is off the map and you’re able to play more aggressively. Alternatively in fights, try to focus the highest DPS characters first, then focus towards TF if he is still alive. TF functions off as a utility mage, in the objective to play for gold cards and present engage opportunities for his team. If you can eliminate any carries through this play method then TF will fall useless. 
",Coming Soon
Twitch,Easy - 3/10,PTA > Resolve / Inspiration,Doran's Blade / Doran's Shield / Long Sword,Ignite / Teleport / Ghost + Flash,Q > E > W,,"(1) Respect Twitch Level 1 Cheese - Level 1 Twitch will most likely take Q to try and cheese your mid lane or try to invade with his team. Try to ping caution towards your team level 1, just in case they don’t respect Twitch gank. Twitch will even stay long enough after the minion waves to perform his cheesy antics, so make sure to ping extra and abuse Twitch’s wave state to make him miss any CS or XP. 

(2) E Start Level 1 - Level 1 E Start - Try to cheese PTA proc or Conq with E1 > 3 auto's > disengage with E2.

(3) Play For Level 2/3 Kill Angle - Once you chunk out Twitch you're most likely able to kill him with your W, Dash or Flash up. Look to shove the wave around your kill timer, so you're able to make Twitch lose a lot more.  

(4) Abuse Renekton’s Early Game - Abuse Renekton's Early Game - In this match up Renekton is essentially able to do whatever he simply wants. With that said, really hone into your strong early to mid game strengths to help you dominate and win the game. Play to deny your enemy of gold and xp, play to proxy and generally lead any top side skirmishes with your insane lane advantage.

(5) Play Waves Accordingly - Play Waves Accordingly - Simply assess whether or not you want to play for freeze, to help you deny XP and CS, while presenting yourself more opportunities to create fights. Or, play to shove waves to create proxy angles, tempo resets or create a dive opportunity. Renekton has all the cards to do whatever he wants with wave management. Also respect that if your laner tries to proxy, simply proxy back or coordinate a kill on them with your jungler.

(6) Ping Twitch roams - As already mentioned Twitch’s whole playstyle will essentially just result in him roaming the map to try and get a lead, as he can absolutely do nothing vs Renekton earlier on in the game. Try to always ping his whereabouts, spam on top of your teammates if Twitch is missing so they can respect his roaming status.

(7) Respect Twitch’s Build Damage - The only real threat towards Renekton is much later on in the game if Twitch is able to get the items he needs. If Twitch opts into crit based damage, make sure to build Randiun’s Omen to completely counter his crit playstyle and allow yourself to dive him in fights with ease. If Twitch goes AP, building Kaenic can help you avoid his high AP burst damage. 

(8) Build Eclipse, Stridebreaker or Profane - Go Eclipse for consistent power through mid game and damage mitigation with the shield. / Go Stridebreaker to cripple Twitch’s mobility and provide teammates with additional utility. / Go Profane for full damage focused playstyles.

(9) Mid Game + Teamfighting Tips. Heavy Trades - Twitch as a champion is pretty particularly easy to shut down as Renekton, outside of having a heavy shield utility support like Lulu, but even that isn’t enough to stop Renekton’s presence from shutting down Twitch. Most typically Twitch will try to flank fights with his Q and then play off his AOE damage from runaan’s to shred your teammates. Renekton’s role in the fight is to simply aim to jump on Twitch and one shot him with your W from the fight. Before any major fight, try to use a red trinket to spot him out and allow your team to get the initial jump on him. 
",Coming Soon
Udyr,Medium - 6/10,PTA / Conq > Resolve / Inspiration,Doran's Blade / Doran's Shield,Ignite / Teleport / Ghost + Flash,Q > E > W or Q3 > W > E,,"(1) Respect Udyr's Level 1 Cheese - Udyr in general doesn’t have a lot of tools to deal with Renekton, as everything Udyr can do, Renekton can essentially do it way better. Udyr level 1 however can leverage a giant lead for himself if he is able to utilise his Empowered Q or R stance to poke out Renekton. If Udyr starts Q, try to take W and fight in your minion wave while trying to space away with W. You do potentially have a chance to kill him if you play it right, but ultimately you don’t need to go for a long trade vs him, just W and walk away. If Udyr skills Q, simply take Q and try not to get hit by his empowered Q. Udyr will most likely assert push, but depending on how much HP you have, you will regain full lane control by level 3 onwards. 

(2) Don't Fight His Empowered Stance - As already mentioned, Udyr’s power comes overall from his empowered stance. If you try to 1v1 Udyr with his Q stance, he will absolutely obliterate you if you’re isolated, so make sure to be near minions or teammates to prevent his total damage. Udyr with empowered R is also a similar situation, but instead he will play to poke you out and try to focus on proxying, or shoving waves. Try to just avoid getting hit by R and equally shove the waves back as soon as he doesn’t have his empowered R. As long as Renekton plays around his strengths and avoids Udyr’s empowered abilities,  Renekton will successfully stat check and easily deal with Udyr.

(3) Play Waves Accordingly - Simply assess whether or not you want to play for freeze, to help you deny XP and CS, while presenting yourself more opportunities to create fights. Or, play to shove waves to create proxy angles, tempo resets or create a dive opportunity. Renekton has all the cards to do whatever he wants with wave management. Also respect that if your laner tries to proxy, simply proxy back or coordinate a kill on them with your jungler.

(4) Quick Trades - E > Q > AA  > W > AA > E Out / E > Q > W > E / - These combos allow for Renekton to get quick damage off in being able to keep health up and whittling his opponent down, use these to get your laner low and look for a low HP kill with flash. 

(5) Abuse Renekton's R Powerspike - Abuse Renekton's R Powerspike - Once you reach level 6 your ultimate will essentially help you consistently stat check and dominate any match ups you were winning or losing. Make sure to always wait for your R CD to help you make plays, otherwise it will lead you towards a major disadvantage in dueling your enemies. 

(7) 3 Points Q > W Max - W Max is pretty vital here as you’re able to consistently fight against Udyr with your abundance of stuns, while also being able to consistently shred against Udyr’s W shield while also preventing his hit and run playstyle. Simply utilise this to the fullest and play to heavy trade once reaching your maxed out W.

(8) Build Eclipse, Black Cleaver or BoTRK - Go Eclipse for consistent power through mid game and damage mitigation with the shield. / Go Black Cleaver for additional CDR and other versatile stats for utility based gameplay. / Go BoTRK to one shot and snowball with a damage focused build. 

(9) Mid Game + Teamfighting Tips - Renekton naturally outscales Udyr as the game progresses as he’s able to apply more utility through sustain, stuns and his empowered E shred. Udyr’s role is more so just to be annoying for your teammates, playing off his empowered abilities to catch out with his E, or trying to shred your teammates HP with his empowered Q or R. As Renekton try to initiate diving onto his teammates, if Udyr doesn’t pay attention to you diving the backline, your team will easily be able to deal with him while you’re soaking up pressure onto his own carries. With that said, try to ignore him and focus on his carries to win the fights.
",Coming Soon
Urgot,Medium - 6/10,PTA / Conq > Resolve / Inspiration,Doran's Blade / Doran's Shield,Ignite / Teleport / Ghost + Flash,Q > E > W or Q3 > W > E,,"(1) Alcove Strat - Alcove Strat - Level 1 try to rush into the topside alcove with E start to avoid being zoned off the wave level 1. Being zoned off leaves Renekton in a terrible position, however being in the alcove prevents losing XP and losing any necessary HP. Once you achieve the first wave of XP, try to leave the alcove safely through bushes and walk towards your side of the wave state. 

(2) Level 1 E Start - Compared to other match ups, trying to cheese level 1 with E is hard aside from getting the Alcove strat to help you get in there faster. However, Level 1 Urgot can start E, in which if you avoid it you can punish Urgot with the E Auto E trade to abuse PTA or Conqueror. 

(3) Respect Urgot Passive - A big thing people lose a lot of respect for in the match up is Urgot’s passive. Urgot passive does a lot of damage upclose, dealing 2%-6% max HP damage as physical damage. These absolutely hurt consecutively in combination with Urgot E. With that said, wait for Urgot passive to go on CD in 1 direction and directly play off that side. Try not to walk around Urgot in a 1v1 as he will unload even more damage, staying directly in 1 direction loses Urgot so much damage that he will not be able to beat Renekton in the 1v1. 

(4) Avoid Urgot E - From level 1 onwards, avoiding Urgot E is an absolute must for Renekton to win any fights with Urgot. Avoiding the Urgot E will result in you being able to trade hard vs Urgot, always giving you a major advantage. To avoid Urgot E, simply look for the visual cast time before it goes off and E or side step out. A way to bait Urgot E is E into Urgot then quickly E out. Doing this allows you to quickly bait out the ability, forcing you to trap him in a fight with you. 

Another thing to respect is Urgot E Flash, this allows him to surprise his opponent with a quick hard to read combo that can easily sneak him kills. If you’re low and you know he has E, try to stay out of range and look to reset, or read the E start up animation, and predict his flash path to avoid the combo.

(5) Quick Trades - E in > E out > Bait Urgot E > AA > W > AA > Q > AA / E > Q > AA  > W > AA > E Out / E > Q > W > E - These combos allow for Renekton to get quick damage off in being able to keep health up and whittling his opponent down, use these to get your laner low and look for a low HP kill with flash. 

(6) Play Wave On Your Side - Playing the wave on your side essentially means playing wave states on your side of the map, via abusing wave manipulation tactics or freezing on your side of the map. Simply use this to help you combo on your laner, taking away any space from them being able to trade you back (This also helps prevent the enemy running you down with their extended or sustained movement speed abilities). You can also use this wave state to run down your opponent with your abilities up, helping you obtain kills a lot easier vs stalemate or ranged match ups. Look to do this when your opponents are below 50% HP, or potentially make a mistake to provide you an all in opportunity to run them down. 

(7) Abuse Renekton's R Powerspike - Abuse Renekton's R Powerspike - Prior to this point in the match up, if Renekton has farmed safely and rushed defensive boots in the match up, Renekton is now ready to fight his opponent in an all in. Renekton's high base damage and stats from his R, allows Renekton to completely stat check his counter match up. Simply wait for the enemy to make a mistake, then go all out and kill your opponent.

(8) Respect Urgot R - Urgot R is another dangerous tool to avoid and try to actively avoid getting hit by. Most typically Urgot will look to R after his E Flash, or if his opponent is low in his R execute range. Simply try to avoid standing in front of him with low HP, or instantly R before the Urgot R hits you, so he isn’t able to pull you into execute range. Another tip to think about, is always try to play off the one side of his passive, as any additional damage while having R on you will increase your chances of death to Urgot R.

(9) 3 Points Q > W Max - Personally I find this matchup another W max style match up as you’re able to consistently be in Urgot’s face with multiple W’s, while Urgot completely struggles to peel away from you. You don’t need to W max, but I just find it a lot better and it suits my 1v1 playstyle more vs him in side lane, or even in skirmishes to help me deal with him a lot easier with my teams.

(8) Build Plated Steelcaps, Eclipse, Black Cleaver or BoTRK. - Go Plated Steelcaps to lower Urgot’s overall damage and utilise the additional movement speed. / Go Eclipse for consistent power through mid game and damage mitigation with the shield. / Go Black Cleaver for additional CDR and other versatile stats for utility based gameplay. / Go BoTRK to one shot and snowball with a damage focused build. 

(9) Mid Game + Teamfighting Tips - Urgot’s main objective within the mid to later stages of the game, is to look for flash E R plays onto your carries while trying to look for a giant fear within the team fight. As already stated, it is absolutely essential to not give Urgot the R by any means, as this is a giant tool to help him completely change teamfights. If you’re tanky enough, try to block the Urgot R and hard peel your carries against his E flash. If Urgot doesn’t have flash he is usually pretty useless when it comes to fights, so just play off blocking him from your team and utilise your empowered W and E shred to instantly melt him within the fights.
",Coming Soon
Varus,Very Hard - 10/10,PTA > Resolve ,Doran's Shield,Exhaust / Teleport + Flash,Q > E > W,,"(1) Alcove Strat - Level 1 try to rush into the topside alcove with E start to avoid being zoned off the wave level 1. Being zoned off leaves Renekton in a terrible position, however being in the alcove prevents losing XP and losing any necessary HP. Once you achieve the first wave of XP, try to leave the alcove safely through bushes and walk towards your side of the wave state. 

(2) Play For Sustain - Varus is one of the most disgusting champions within the entire game for Renekton to deal with, usually due to the fact he can take PTA, boneplating, barrier and just naturally have the stats to tank Renekton’s damage. Try to avoid any direct conflict unless Varus is playing like an NPC. Otherwise if he is playing it optimally, give respect for Varus passive and try to play for teammates and abuse D Shield + Second Wind to help you get through the laning phase.

(3) Respect Varus W Passive - Varus W passive is absolutely crazy as a concept, due to the fact it can apply on hit AP damage, which can be utilised with Varus’s passive attack speed from minion or champion kills, also factoring the overall amount of max HP damage he can deal with his regular Q and W Q. Try to avoid taking fights with passive stacks already applied on you, let them drop off and avoid any Varus abilities that can proc it. 

(4) Don't Underestimate Varus - The amount of times I think I’m about to kill Varus, only to get his giant throbbing huge W AP damage one shot my face is simply too much to think about. With that said, even if he is low, respect the fact he can barrier, have boneplating, or can apply passive stacks into his W Q one shot. Always play with caution. 

(5) Play Wave On Your Side - Playing the wave on your side essentially means playing wave states on your side of the map, via abusing wave manipulation tactics or freezing on your side of the map. Simply use this to help you combo on your laner, taking away any space from them being able to trade you back (This also helps prevent the enemy running you down with their extended or sustained movement speed abilities). You can also use this wave state to run down your opponent with your abilities up, helping you obtain kills a lot easier vs stalemate or ranged match ups. Look to do this when your opponents are below 50% HP, or potentially make a mistake to provide you an all in opportunity to run them down. 

(6) Play For Ganks - As already mentioned, this lane is a complete horror show for Renekton. With that said, play for your teammates. Even if you’re receiving a gank, still respect Varus passive and his overall damage. Try to get his boneplating before the initial gank, to help you burst Varus down in the event of a gank. If you’re a jungler reading this, PLEASE GANK RENEKTON, PLEASE!

(7) Rush Plated Steel caps + Hexdrinker / Negatron - These items may seem like a very weird combination to build, but due to Varus’s high base and hybrid damage, Renekton needs these to survive this match up. You can potentially risk going to a normal build, but Varus will most likely tower dive you if you don’t have these items to survive. Firstly rush boots to mitigate against his auto attacks, then aim towards either of the MR options to lower varus passive and R damage. PLEASE NERF LANE VARUS RIOT!

(8) Abuse Renekton's R Powerspike - In the off chance Varus misses R, or fails his W Q, Renekton can have a chance to statcheck and run down Varus if these conditions are met. Before you opt into an all in, make sure Varus has no boneplating and is below 70% HP. Just remember, Varus can get up to 2 Q’s within a fight, so make sure he misses 1 and you’re able to tank the other.

(9) Respect Varus R - One of the more crazy things about the match up is the fact Varus can instantly apply passive stacks through his R, leading him to W Q to instantly one shot his targets. Depending on his build, these abilities alone can completely one shot you if he opts into a full AP build, and yes… ONE SHOTS YOU. However if he doesn’t go full AP, he can one shot you a little less faster. Simply try to avoid Varus R at all costs, or this becomes a death sentence the moment it hits you. Try to flash or use E to avoid his R in these moments, or look to bait it out aggressively by E’ing into him at range, then quickly side stepping to the side. 

(10) Play For Teammates - The best thing to do in this match up is just play for your teammates. Whenever an objective is up, simply roam towards your team and try to get your gold funneled through picks or objective secures. You can also play with your team to shut down Varus if they give you the time of day, but most likely you’re just going to have to find a way to win by roaming and using TP to initiate cross map plays. 

(11) Build Maw of Malmortius, Eclipse, Black Cleaver or Stridebreaker - Go Maw of Malmortius to survive against Varus’s AP burst damage / Go Eclipse for consistent power through mid game and damage mitigation with the shield. / Go Black Cleaver for additional CDR and other versatile stats for utility based gameplay. / Go Stridebreaker to cripple Varus's mobility and provide teammates with additional utility.

(12) Mid Game + Teamfighting Tips - The whole game is typically a struggle fest against Varus, so the most you can do is just play for your team at any stage when there is an opportunity. Typically I opt into building utility items such as Stridebreaker or Black Cleaver into tank items, to allow me to soak up damage and utilise my peel based strengths to help my teammates play the game. When it comes to dealing with Varus, you’re going to need your teammates to collapse on him in the side lane, so make sure to ping your teammates to help shut him down before he is able to take everything in the side lane. Alternatively, within team fights try to lock him down with your W and utilise empowered E shred if he’s going the tank build. It will be very hard to genuinely play against him, so try to look for winning fights when he isn’t there or get picks beforehand that will help you win. 
",Coming Soon
Vayne,Hard - 9/10,PTA > Resolve ,Doran's Shield,Ignite / Exhaust / Teleport + Flash,Q > E > W,,"(1) Alcove Strat - Level 1 try to rush into the topside alcove with E start to avoid being zoned off the wave level 1. Being zoned off leaves Renekton in a terrible position, however being in the alcove prevents losing XP and losing any necessary HP. Once you achieve the first wave of XP, try to leave the alcove safely through bushes and walk towards your side of the wave state. 

(2) Play For Sustain Early - Vayne’s terrifying early game is very much to be respected. Early on your objective is to keep your HP up, while trying to stay in XP range and farm any CS that’s under your tower. Wait for Vayne to walk up like an NPC then look to combo her on your side of the map. Utilise D Shield + Second Wind to survive any early poke. 

(3) Respect Vayne's Early Game - Vayne’s early game overall is very dangerous, her true damage passive, Q poke spam and her high passive movement speed, all make her a dangerous factor in trying to go for fights. Like previously mentioned, play safe and look to take short trades to whittle her HP down and look for any major misplays. 

(4) Respect Vayne's E  - Vayne’s E is also another ability you really have to think about. Typically Vayne will use E any time Renekton tries to engage her. Try to avoid E’ing near walls, otherwise she will stun you into it and mass fire tons of damage onto you. The main takeaway from Vayne E, is that if she doesn’t have it, she will be very easy to gank. Alternatively, if Vayne is killable, you can double dash when she least expects it and land behind her, to cut off her way of escape, providing you a free kill opportunity. Later on Renekton can hard counter Vayne with Edge of night, as her E is the only ability to break it. 

(5) Play Wave On Your Side - Playing the wave on your side essentially means playing wave states on your side of the map, via abusing wave manipulation tactics or freezing on your side of the map. Simply use this to help you combo on your laner, taking away any space from them being able to trade you back (This also helps prevent the enemy running you down with their extended or sustained movement speed abilities). You can also use this wave state to run down your opponent with your abilities up, helping you obtain kills a lot easier vs stalemate or ranged match ups. Look to do this when your opponents are below 50% HP, or potentially make a mistake to provide you an all in opportunity to run them down. 

(6) Play For Ganks - Vayne is a very dangerous match up, which also heavily outscales Renekton the longer the game goes. Try to ask or ping for ganks to allow you to shut down Vayne a lot easier. Make sure you play waves on your side of the map, to allow your jungler to gank your lane. 

(7) Quick Trades - E > Q > AA  > W > AA > E Out / E > Q > W > E / E Q E - These combos allow for Renekton to get quick damage off in being able to keep health up and whittling his opponent down, use these to get your laner low and look for a low HP kill with flash. 

(8) Rush Plated Steelcaps - Due to Vayne's high movement speed and auto attack damage, Renekton needs to rush boots to have a chance to fight Vayne. Once Renekton purchases boots, he is able to stick onto Vayne more effectively while also lowering her overall damage output. 

(9) Respect Vayne's R - Vayne R is a really, REALLY scary ability. So unless you have ultimate and plated steelcaps, you most likely won't be able to do anything if Vayne all in's you within the middle of the lane. Try to instantly dip out and escape, otherwise it's GG.

(10) Abuse Renekton's R Powerspike - Prior to this point in the match up, if Renekton has farmed safely and rushed defensive boots in the match up, Renekton is now ready to fight his opponent in an all in. Renekton's high base damage and stats from his R, allows Renekton to completely stat check his counter match up. Simply wait for the enemy to make a mistake, then go all out and kill your opponent. 

(11) Build Edge of Night, Eclipse or Stridebreaker - Go Edge of Night to completely counter Vayne E, while allowing the ability to burst down and kill Vayne / Go Eclipse for consistent power through mid game and damage mitigation with the shield. / Go Stridebreaker to cripple Vayne's mobility and provide teammates with additional utility. 

(12) Midgame + Teamfighting Tips - No matter what point of the game or what score Vayne has, you always need to try and shut her down. Her W true damage is always a consistent tool for Vayne to always be relevant, dealing damage to her targets no matter how much HP they have. Try to shut down Vayne in fights as quickly as you can by dashing onto her with E or your flash to help you one shot her out the fight. Alternatively, use red trinket to help you spot her out in her R active, which can allow you to trace her movement at all times. 
",Coming Soon
Veigar,Medium - 4/10,PTA > Resolve / Inspiration,Doran's Blade / Doran's Shield,Ignite / Teleport / Ghost + Flash,Q > E > W,,"(1) Level 1 E Start - Try To Cheese PTA Proc or Conq With E1 > 3 Auto's > Disengage With E2 

(2) Play For Level 2/3 Kill Angle - Once you start E and chunk out Viegar, you're most likely able to kill him With Flash up And Shoving the Wave. Killing him here means he can miss out on gold and xp, while also setting you up for an escape with your dashes or flash. 

(3) Abuse Renekton's Early Game  - Abuse Renekton's Early Game - In this match up Renekton is essentially able to do whatever he simply wants. With that said, really hone into your strong early to mid game strengths to help you dominate and win the game. Play to deny your enemy of gold and xp, play to proxy and generally lead any top side skirmishes with your insane lane advantage.

(4) Respect Veigar’s Cage - Veigar’s cage is a very annoying ability when it comes to trading onto him. Veigar E has great utility in the fact it can be used aggressively or defensively. With that said, try to abuse it’s 0.5 cast time to get all the damage you can onto him, while trying to actively avoid the damage inside the cage too. Once Veigar has no cage, look to kill him under his tower, or whenever your next E or Flash W is available.

(5) Respect Veigar's R  - Veigar’s R is a very scary tool as the game progresses. Depending on how fed he is, later on you should itemise a magic resist item to mitigate against the damage dealt. The trick to playing vs it, is making sure you’re not low enough for his lethal range. Try to avoid his Q and W from getting you low, on top of utilising your own level 6 HP to mitigate against his total R damage execute. 

(6) Play Wave On Your Side - Playing the wave on your side essentially means playing wave states on your side of the map, via abusing wave manipulation tactics or freezing on your side of the map. Simply use this to help you combo on your laner, taking away any space from them being able to trade you back (This also helps prevent the enemy running you down with their extended or sustained movement speed abilities). You can also use this wave state to run down your opponent with your abilities up, helping you obtain kills a lot easier vs stalemate or ranged match ups. Look to do this when your opponents are below 50% HP, or potentially make a mistake to provide you an all in opportunity to run them down. 

(7) Heavy Trades - Being that Renekton carries a lot of high damage, Renekton is able to just jump on his target nearly at will. Whenever your laners present you with the abiltiy to jump on them, simply take the opportunity to burst them as much as you can. If you didn't kill them already from that, use your options of freezing or your tower diving ability to help you finish off your opponent.

 (8) Rush Mercury Treads, Eclipse, Stridebreaker Or Profane - Go Mercury Treads To Lower Veigar’s Overall Damage And CC Duration / Go Eclipse for consistent power through mid game and damage mitigation with shield. / Go Stridebreaker to cripple Veigar's mobility and provide teammates with additional utility. / Go Profane for full damage focused playstyles.

 (9) Mid Game + Teamfighting Tips - The main objective through this match up is essentially using your early game lead to posture towards taking every objective and winning fight you can with your early game power. If the game goes super long, Veigar’s eventually passive stacking will allow him to reach an endless amount of AP per each kill and minion he is killing with Q. Try to invest in a Kaenic later on in the game to lower Veigar’s overall one shot potential, on top of trying to flash one shot him within the fights. If you kill Veigar at all within these stages, the game is ultimately free. However, try to also utilise vision to not get caught out by Veigar’s great pick potential with his E.
",Coming Soon
Vel'Koz,Hard - 8/10,PTA / Electrocute > Resolve,Doran's Shield,Teleport + Flash,Q > E > W,,"(1) Play For Sustain Early - Vel'koz's high damage and long range can make it very hard for Renekton to get close, with that said simply play to keep your HP early and look for early gank opportunities. Use D Shield + Second Wind to get through the lane and to outsustain his damage.

(2) Respect Vel’Koz’s Damage - Vel'koz damage really hurts, even if you build MR he can proc his true damage passive off depending on the abilities he hits. Try to avoid tanking too much damage, play around minions to avoid his Q proc or punish him after ability misses. 

(3) Respect Vel’Koz E - The main difficulty in the match up is simply Vel'koz E, as he can use it towards the end of your dash to completely cuck you out of comboing  him. Depending on the wave location, if Vel'koz is pushed out you can look to E1 towards him, then E2 behind him to potentially miss his own E animation, this potentially results in a free kill or flash burn. If Vel'koz has no E you can always look to kill him. 

(4) Quick Trades - E > Q > AA  > W > AA > E Out / E > Q > W > E / E Q E - These combos allow for Renekton to get quick damage off in being able to keep health up and whittling his opponent down, use these to get your laner low and look for a low HP kill with flash. 

(5) Keep The Lane Long - Keeping the wave on your side of the map is crucial to killing Vel'Koz. Shoving the wave or playing the wave on his side, simply means he can play safely without any risks. Keeping the wave on your side allows for teammates to help your lane, potentially allowing for easy ganks and summoners being burned. 

(6) Don't Tank His Full Combo -  Vel'koz combo is really disgusting with the amount of true damage he can deal, with that said try not to take fights when you're low or if you can't guarantee a heavy fight against him. Vel'koz can really punish sloppy plays, so play with caution.  

(7) Play For Your Team - Vel'Koz is quite a stalemate of a lane usually, with that said alternatively you can also play to shove waves and force him to mana burn, alongside looking for skirmishes and teamfights. This is the most consistent plan to play vs a boring laner such as Vel'Koz. 

(8) Build Hexdrinker, Eclipse, Stridebreaker or Profane - Go Hexdrinker for early MR against Vel'koz if needed (Maw isn't as worth IMO) / Go Eclipse for consistent power through mid game and damage mitigation with the shield. / Go Stridebreaker to cripple Vel'Koz mobility and provide teammates with additional utility / Go Profane for full damage focused playstyles. 

(9) Mid Game + Teamfighting Tips - Within the mid game most fights will be played with Vel'koz trying to poke your teammates off objectives, while also looking to land his one shot combos. Playing around Vel'koz at this point is simply trying to ward over walls and not stepping into fog of war locations, this will limit Vel'koz's overall options to find kills for himself. Within teamfights, aiming to kill Vel'koz is crucial, and as Renekton you can simply do that with ease playing off your E's and flashes strategically to reach him and one shot him from the fights. If you manage to kill his team, it can also be very helpful to rush baron to ensure you're able to easily siege against him. 
",Coming Soon
Vex,Hard - 9/10,PTA / Electrocute > Resolve,Doran's Shield,Teleport + Flash,Q > E > W,,"
(1) Play For Sustain Early - Try to avoid tanking Vex's abilities and damage passive, play off Q to last hit and play off her CD timers. Play D Shield + Second Wind to sustain against her oppressive early game. 

(2) Respect Her Passive - Vex fear is one of the most frustrating abilities in the game, which works from her reaching the red bar under her HP bar. One thing to know is that you should NEVER dash into her when she has it up. Always let her use an ability first, then force any following fights after that to abuse her fear timer. Do note that dashes and blinks allow her to get her passive faster, so make sure you burst her as hard as you can when it isn't up. 

(3) Play For Manaburn - Following on from the first point, outsustaining through sustain based runes and empowered Q is how you're going to be able to get through the lane. Try to bait out abilities by walking in and out, or force her to use abilities to shove the wave. Getting her to base to miss CS or miss skirmish opportunities is what you want to play for. 

(4) Rush Mercury Treads - You have to rush early Mercs in this match up, in the event you're hit by her fear this will allow you to break out of it faster, giving you the ability to W and all in Vex potentially. 

(5) Play For Ganks - Just before a gank, if you're beefy enough you can afford to get Vex feared by walking into her to use an ability. Following on from that you can dash when she has no passive, to allow your teammate to gank off your engage. This is the only real way to gank Vex, if you get flash that's a big victory to allow a 1v1. Otherwise, you can repeat gank as soon as Vex has no passive. 

(6) Ping Vex Roams - Arguably the most scariest thing about this match up isn't the laning phase, but instead it’s actually Vex's roams. Always communicate and ping Vex roams, otherwise she will get giga fed and control the whole map with her R presence alone. One thing to do as well, is don’t bother trying to chase after Vex if you’re far away already. Simply just push for plates and abuse her roam timer to get excess gold.

(7) Play For Teammates - There's really not a lot Renekton can do to snowball over Vex unless she makes a blatant misplay, however you can play to be around your team and be a giant asset into carrying teamfights of this playstyle alone. Focus on farming, get your situational items and play for picks and objectives. 

(8) Build Maw of Malmortius, Eclipse or Stridebreaker - Go Maw if you're against multiple AP champions or you're struggling vs Vex's high damage / Go Eclipse for consistent power through mid game and damage mitigation with the shield. / Go Stridebreaker to cripple Vex's mobility and provide teammates with additional utility. 

(9) Mid Game + Teamfighting Tips - Vex's role within the game is to assassinate targets off the map, picking people off 1 by 1 with her high burst damage and R reset. In each team fight it's absolutely crucial to block the Vex R from hitting your teammates. You can achieve this by jumping on to her and getting her to focus yourself, or simply dashing in the way of it. As long as you can protect your teammates from Vex, you simply win from the fact she cannot one shot Renekton if he's building HP and MR, so play to be a utility asset for the team. Don't get caught by Vex and her team solo, make sure everyone is grouped and safe away from Vex catch plays.

",Coming Soon
Vi,Easy - 2/10,PTA / Conq > Resolve / Inspiration,Doran's Blade / Doran's Shield,Ignite / Teleport / Ghost + Flash,Q3 > W > E,,"(1) Respect Vi's HoB Cheese - Vi is really weird in this match up as she can practically perma die at will against Renekton, however level 1 she has a really toxic trading pattern with Q and HoB. All you really need to do is be aware Vi can cheese from bushes with her Q engage. Simply try to side step it if she is charging it in the open, or walk away from the range it will hit towards. Play to shove the wave as fast as you can, or simply give her push and wait for level 2 to start playing the match up. 

(2) Play For Level 2/3 Kill Angle - Once you chunk out Vi you're most likely able to kill her with your W, Dash or Flash up. Look to shove the wave around your kill timer, so you're able to make Vi lose a lot more. 

(3) Abuse Your Early Game - Abuse Renekton's Early Game - In this match up Renekton is essentially able to do whatever he simply wants. With that said, really hone into your strong early to mid game strengths to help you dominate and win the game. Play to deny your enemy of gold and xp, play to proxy and generally lead any top side skirmishes with your insane lane advantage.

(4) Play Waves Accordingly - Simply assess whether or not you want to play for freeze, to help you deny XP and CS, while presenting yourself more opportunities to create fights. Or, play to shove waves to create proxy angles, tempo resets or create a dive opportunity. Renekton has all the cards to do whatever he wants with wave management. Also respect that if your laner tries to proxy, simply proxy back or coordinate a kill on them with your jungler.

(5) Respect Vi R - Vi R is a powerful ability as she is able to simply point and click you with her dash, on top of locking you into the rest of her high damage combo. Try to take fights you're always in position to win, don't try to take fights vs multiple people with Vi present. In a 1v1 VI R doesn't have the same power as it does in teamfights. 

(6) 3 Points Q > W Max - You can 3 points Q into W Max within this matchup, as Vi is a melee range match up. Renekton can consistently proc multiple W’s within a fight against Vi, simply making her unable to ever 1v1 or play against Renekton.

(7) Build Eclipse, Black Cleaver or BoTRK - Go Eclipse for consistent power through mid game and damage mitigation with the shield / Go Black Cleaver for low CDs and for a variety of strong stats / Go BoTRK to one shot and play a more damage focused build. 

(8) Mid Game + Teamfighting Tips - Most typically this match ups is super free and Vi should be nothing more than an R bot. With that said, whoever gets ulted by Vi you need to protect. Try to just W combo Vi and one shot her from the fight, after that you can focus on the enemy carries or force any major objectives if they're present on the map.
",Coming Soon
Viego,Easy - 2/10,PTA / Conq > Resolve / Inspiration,Doran's Blade / Doran's Shield / Long Sword,Ignite / Teleport / Ghost + Flash,Q3 > W > E,,"(1) Level 1 Q or E Start - As mentioned through other notes, playing off Q and E both require different plays, however in this match up you can essentially do either of them and have pretty good success. Level 1 with Q you can also kill Viego if he is trying to be aggressive. With that said, play around the strengths of level 1 and look for a level 2 kill. 

(2) Play For Level 2/3 Kill Angle - Once you chunk out Viego you're most likely able to kill him with your W, Dash or Flash up. Look to shove the wave around your kill timer, so you're able to make Viego lose a lot more. 

(3) Respect Viego's Long Trades - Viego's aim in the match ups is simply trying to go for long extended trades, utilising his passive to shred Renekton's HP. This however isn't as strong compared to much later in the game, so keep in mind these trades will get stronger. 

(4) Abuse Renekton's Early Game - In this match up Renekton is essentially able to do whatever he simply wants. With that said, really hone into your strong early to mid game strengths to help you dominate and win the game. Play to deny your enemy of gold and xp, play to proxy and generally lead any top side skirmishes with your insane lane advantage.

(5) Quick Trades - E > Q > AA  > W > AA > E Out / E > Q > W > E / E Q E - These combos allow for Renekton to get quick damage off in being able to keep health up and whittling his opponent down, use these to get your laner low and look for a low HP kill with flash. 

(6) Play Waves Accordingly - Simply assess whether or not you want to play for freeze, to help you deny XP and CS, while presenting yourself more opportunities to create fights. Or, play to shove waves to create proxy angles, tempo resets or create a dive opportunity. Renekton has all the cards to do whatever he wants with wave management. Also respect that if your laner tries to proxy, simply proxy back or coordinate a kill on them with your jungler.

(7) Respect Viego's R Resets - The only real thing to worry about in Renekton's POV is Viego getting resets on your team with R, following on with Viego using your teammates' souls to maintain consistent and mixed damage throughout the fights. Make sure to always ping your lowest HP teammates away from Viego, and also try to protect them from Viego's R engages to overall remove the total damage output he can provide.

(8) 3 Points Q > W Max - Renekton can abuse W max in this match up as Renekton can consistently carry out multiple stuns within a fight, ranging from 7 to 4 second CD. W Max ensures you always have the dueling advantage, alongside the utility to prevent Viego from playing the game in skirmishes and teamfights. 

(9 Build Plated Steelcaps, Eclipse or BoTRK - Go Plated Steelcaps to lower her Viego's overall damage and utilise the additional movement speed. / Go Eclipse for consistent power through mid game and damage mitigation with the shield / Go BoTRK to one shot and play a more damage focused build. 

(10) Mid Game + Teamfighting Tips - Within the mid game Viego's role is to focus on the lowest HP targets to utilise his soul passive alongside the ability to refresh his R executes. Renekton's role is pretty simple in the aspect that you want to just play to protect your teammates from his reset potential, while also actively looking out for the opportunity to jump on Viego and abuse your W max gameplay. Viego will most likely either force a death trying to kill your team, or he will waste R trying to escape, preventing him from being successful in any teamfights. In the side lane if Viego is split pushing, you can basically fight him at will with any build as your champion is just way stronger than what Viego really does. 
",Coming Soon
Viktor,Medium - 6/10,PTA > Resolve / Inspiration,Doran's Shield,Ignite / Teleport / Ghost + Flash,Q > E > W,,"(1) Level 1 E Start - Try to cheese PTA proc or Conq with E1 > 3 auto's > disengage with E2.

(2) Play For Level 2/3 Kill Angle - Once you chunk out Viktor you're most likely able to kill him with your W, Dash or Flash up. Look to shove the wave around your kill timer, so you're able to make Viktor lose a lot more. 

(3) Respect Viktor's Passive - The way Viktor obtains his power within the game is farming for his Passive stacks. Viktor gains stacks from killing minions, he also gains stacks for killing champions (25 stacks), in which if he surpasses 100 stacks he can upgrade his ability. Try to always deny him fight opportunities by supporting your teammates, or try to instant shove waves so Viktor misses out on the ability to CS or try to roam.  

(4) Abuse Renekton’s Mobility - Viktor's biggest weakness is fending off against mobility based champions that can surpass his W Stun. Renekton can use E1 to bait out the stun, then use E2 to reposition out of his W and cut off Viktor's path. Making the lane long ensures Viktor cannot run away, allowing you the ability to 100-0 him, or at least heavy trading with him. 

(5) Play Wave On Your Side - Playing the wave on your side essentially means playing wave states on your side of the map, via abusing wave manipulation tactics or freezing on your side of the map. Simply use this to help you combo on your laner, taking away any space from them being able to trade you back (This also helps prevent the enemy running you down with their extended or sustained movement speed abilities). You can also use this wave state to run down your opponent with your abilities up, helping you obtain kills a lot easier vs stalemate or ranged match ups. Look to do this when your opponents are below 50% HP, or potentially make a mistake to provide you an all in opportunity to run them down. 

(6) Buffer W Stun Vs His Stun - Following on from the last point, sometimes you may not be able to E2 out of his stun. Instead, Renekton can use W on the same frame as Viktor stun, so he can't utilise his movement to escape and kite you, presenting you the ability to still stay on top of him. 

(7) Quick Trades - Quick Trades - E > Q > AA  > W > AA > E Out / E > Q > W > E / E Q E - These combos allow for Renekton to get quick damage off in being able to keep health up and whittling his opponent down, use these to get your laner low and look for a low HP kill with flash. 

(8) Build Mercury Treads, Eclipse, Stridebreaker or BoTRK - Go Mercury Treads to lower Viktor's overall damage, CC duration and his kite potential / Go Eclipse for consistent power through mid game and damage mitigation with the shield / Go Stridebreaker to cripple Viktor's mobility and provide teammates with additional utility / Go BoTRK to burst Viktor's high HP builds while also focusing on a full damage playstyle. 

(9) Mid Game + Teamfighting  Tips - Viktor's strength within the game is to burst down enemies with his high damage and scaling stats, while also providing mass utility through his stun and ultimate aoe slow. Renekton's role vs Viktor is simply trying to dive onto him and simply one shot him. Viktor typically struggles to deal with Renekton's high stats through his item builds, with that said Renekton can tank a lot of his damage while also being able to easily take him out the game. Make sure to shut him down before his R gets upgraded through each kill. 
",Coming Soon
Vladimir,Medium - 6/10,PTA > Resolve / Inspiration,Doran's Blade / Doran's Shield,Ignite / Teleport / Ghost + Flash,Q > E > W, ,"(1) Level 1 E Start - Try to cheese PTA proc or Conq with E1 > 3 auto's > disengage with E2.

(2) Play For Level 2/3 Kill Angle - Once you chunk out Vladimir you're most likely able to kill him with your W, Dash or Flash up. Look to shove the wave around your kill timer, so you're able to make Vladimir lose a lot more. 

(3) Respect Vladimir's Empowered Q - Vladimir Q heals Vladimir while doing a small amount of damage, however if Vladimir charges his Q towards 2 Stacks (Red Bar) Vladimir Q then does additional damage, as well as healing him based on his missing HP. Never stay in range when Vladimir has empowered Q, try to use bushes or walk out of his range till it runs out. 

(4) Play Around Vlad W Timer - One of the biggest aspects of this match up is simply abusing Vladimir's W CD. Most typically you can bait out Vladimir W in a number of ways, using E into him is a common bait, or simply moving into him with your W active. Whichever way you do, right after his W goes onto a 28->16 Second CD at max rank. Renekton E ranges from 16>4 Second CD With CDR, with that said try to aim for your kill windows within this timer. Another Tips is that Vladimir uses 15% Current HP for his W resource, make sure to force damage after he uses it for more damage value. 

(5) Play Wave On Your Side - Playing the wave on your side essentially means playing wave states on your side of the map, via abusing wave manipulation tactics or freezing on your side of the map. Simply use this to help you combo on your laner, taking away any space from them being able to trade you back (This also helps prevent the enemy running you down with their extended or sustained movement speed abilities). You can also use this wave state to run down your opponent with your abilities up, helping you obtain kills a lot easier vs stalemate or ranged match ups. Look to do this when your opponents are below 50% HP, or potentially make a mistake to provide you an all in opportunity to run them down.  

(6) Respect Vladimir's All In Combo - Vladimir players are as crazy as Darius players, when they smell blood they will look to E > Flash > Q2 > AA > R > W. This combo instantly throws out Vladimir's damage, and when paired with ignite can be really lethal. Try to not stand around with low HP unless you're trying to bait him into a fight. 

(7) Build Tier 2 Boots, Eclipse, Stridebreaker or BoTRK -  Go Tier 2 Boots if Vladimir rushes boots. Vladimir having boots before Renekton completely changes the matchup in his favour, as he's able to lane consistent Q's. Rushing movement speed takes away this advantage. / Go Eclipse for consistent power through mid game and damage mitigation with the shield.  / Go Stridebreaker to cripple Vladimir’s mobility and provide teammates with additional utility. / Go BoTRK to snowball and counter Vladimir's HP stacking, while also playing a more damage focused playstyle. 

(8) Mid Game And Teamfighting Tips - Vladimir's role is essentially to farm up towards his Deathcap powerspike then look for E > Flash > R plays. Before his powerspikes, try your best to deny him as much as you can within the game to the point he has to farm back up. In this time, use your top lane advantage to roam the map and take every objective you can while he is behind. Once Vladimir does have his item and joins fights, try to stun him as soon as he jumps onto your team and try to not stack against Vladimir R, otherwise he will heal massively through the fight. Always try to peel for your teammate carries and do as much damage as you can to Vladimir. 
",Coming Soon
Volibear,Medium - 5/10,PTA / Conq > Resolve / Inspiration,Doran's Blade / Doran's Shield,Ignite / Teleport / Ghost + Flash,Q3 > W > E,"Volibear can be a easy match up, depending on if you can play patient and play accordingly to how he plays. Firstly, you can bully Volibear off the wave level 1, by using Q and avoiding his E to help shove the wave and bully him off the minion wave (With Conqueror and Ignite, you're guaranteed to win. Post level 3 you're able to win abusing short trades and playing away from his abilities, for example always avoiding his E circle or using Empowered W on his shield will help win the trading exchanges and all in's, playing to avoid his W2 is always very important to cut his overall sustain in lane or fights. Getting items like Black Cleaver, BoTRK, Eclipse or Antiheal, are all good sources to put him even further behind and be able to win consistently vs him. W Max is also great in the match up to help you win long fights, as well providing your team more lock down against him later in the game.","(1) Level 1 Q Start - Try to push for level 2 advantage while poking Volibear with your Q, Renekton can also abuse his Level 1 strengths to bully Volibear off the wave. 

(2) Don't Be Scared - Renekton is seriously way stronger than people realise in this match up, simply bully him with AA's and Q level 1. Even if he gets passive playing D Shield + Second Wind will hard counter it,the only thing to really worry about is getting hit by his E. 

(3) Play Around His E - His E is the only thing you need to worry about, getting his shield is very vital for him to force his trades and abuse his high E damage. Try to bait it out, then wait out his W, or if you have fury use empowered W to shield break and hard force a brutal trade. Do this whenever Voli is low and trying to shield himself in lethal range. 

(4) Respect His W - Another aspect to respect is Volibear's W. His first W you don't really need to worry about, however his 2nd W will do additional damage and heal him based off his missing HP. Try to always kite volibear's W timer off in long fights, don't play into his game of letting him dictate the fights with his hit and run playstyle. 

(5) Play Waves Accordingly - Simply assess whether or not you want to play for freeze, to help you deny XP and CS, while presenting yourself more opportunities to create fights. Or, play to shove waves to create proxy angles, tempo resets or create a dive opportunity. Renekton has all the cards to do whatever he wants with wave management. Also respect that if your laner tries to proxy, simply proxy back or coordinate a kill on them with your jungler.

(6) 3 Points Q > W Max - Renekton in this matchup can consistently abuse W Max at will in this lane with its 7-4 Second CD. Which specifically helps self peel Volibear off from being able to heal with W, trying to use E to shield and trying to stun Renekton with Q. As long as you’re utilising your spacing and W correctly, Volibear will always be struggling to do anything towards you.

(7) Abuse Renekton's R - In Pure 1v1 Renekton R's is a giant stat boost that will help you win early or later game fights vs Voliebear, the mixed damage and fury generation will provide multiple empowered W's to help you consistently beat volibear. 

(8) Build Eclipse, Black Cleaver and BoTRK - Go Eclipse for consistent power through mid game and damage mitigation with the shield. / Go Black Cleaver for additional CDR and other versatile stats for utility based gameplay. / Go BoTRK to one shot and snowball with a damage focused build. 

(9) Midgame + Teamfighting Tips - At later stages of the game Volibear's damage and overall play potential will solely depend on what kind of build he is playing. AP builds will force him to split push and target side lanes the majority of the game. Full tank playstyles with a potential Flickerblade will force him to play a more skirmish and teamfight heavy playstyle. Depending on these situations, if he is going split push build, simply get your teammates to gang up on Volibear if he's too strong at points in the game and simply just remove him off the map, once doing that you can focus on upcoming objectives or simply force heavy teamfights with Volibear dead. If Voli is going tank or flickerblade build, simply peel him off your team with your lower CD W's and attempt to play around your R to help melt him in the fights. 
",Coming Soon
Warwick,Medium - 6/10,Conq > Resolve,Doran's Blade / Doran's Shield,Ignite / Teleport + Flash,Q3 > W > E,"Warwick is an even style match up for Renekton, due to Warwick's kit constantly having random ways of being able to surprise Renekton within the 1v1. As Renekton, rushing executioners is essential in being able to take away his power, as well as playing around your abilities to help you gradually get his HP down. Renekton will lose extended trades without his abilities, so playing around your abilities is crucial to having winning situations. Once Renekton has R and successfully plays around delaying his abilities against Warwick W, Renekton will be able to stat check and win the fights. Within the mid game, Warwick completley gets outscaled by Renekton's ability ","(1) Respect Warwick's Passive - The main aspect of this match up is simply understanding his passive. Once Warwick falls under 50% HP he heals 100% based on the damage he deals, while at 75%HP it is increased to 250%... Don't ego fight trades if he is low without having your abilities up, otherwise Warwick will massively out damage you and most likely win. 

(2) Level 1 Q Start - Use Level 1 To push for level 2, while trying to poke Warwick with Q and trying to stay away from trading him. Whenever WW walks up, just return an auto attack and Q, then kite back towards your side of the map. Try to mainly focus on reaching level 2 before fully committing, then by level 2 you can take W and try to assert lane dominance or burn out his barrier. 

(3) Quick Trades - Overtrading is a sin in this match up, Warwick will always have the upper hand until level 6 with his auto attacks and fast paced damage. Simply try to play off your ability cooldowns, then look to go more aggressively when you have them up.

(4) Don't Heavy Trade Into Warwick E - Warwick's E has from 35 to 55% damage reduction when activated, so comboing into this cuts off a lot of Renekton's damage. Simply hold your abilities and damage until Warwick's E wears off, after this you can initiate more aggressive trades.

(5) Hold W for Barrier - When Warwick is low, simply never initiate with W first, as Warwick can barrier within the stun, allowing him to return trade with auto attacks and out heal you. Simply wait for him to barrier first, then use empowered W to shield break and finish Warwick off at low HP. 

(6) Rush Anti Heal - Warwick's Healing is absolutely stupid in this match up, so rushing Executioners is simply key to lowering his overall power. Bramble is more abusable for Warwick to play around compared to Executioners, where Renekton can always apply it. 

(7) Play Wave On Your Side - Playing the wave on your side essentially means playing wave states on your side of the map, via abusing wave manipulation tactics or freezing on your side of the map. Simply use this to help you combo on your laner, taking away any space from them being able to trade you back (This also helps prevent the enemy running you down with their extended or sustained movement speed abilities). You can also use this wave state to run down your opponent with your abilities up, helping you obtain kills a lot easier vs stalemate or ranged match ups. Look to do this when your opponents are below 50% HP, or potentially make a mistake to provide you an all in opportunity to run them down. 

(7) Abuse Renekton's R Powerspike - Once you reach level 6 your ultimate will essentially help you consistently stat check and dominate any match ups you were winning or losing. Make sure to always wait for your R CD to help you make plays, otherwise it will lead you towards a major disadvantage in dueling your enemies. 

(8) 3 Points Q > W Max - This strategy will allow you to have consistent 7-4 Second W's to allow you to self peel against Warwick, helping you easily deal with him within the mid to late game. Make sure to properly play around your W CDs and utilise your spacing to help aid your fighting ability. 

(9) Build Plated Steelcaps / Eclipse / Black Cleaver - Go Plated Steelcaps to lower Warwicks on hit damage / Go Eclipse for consistent power through mid game and damage mitigation with the shield.  / Go Black Cleaver for additional CDR and other versatile stats for utility based gameplay.

(10) Midgame + Teamfighting Tips - In the mid game Warwick naturally falls off in relevancy as he is unable to cheese that part of the game compared to his early. Try to peel your carries by disabling Warwick R with your W, and try to one shot him the fight quickly before he tries to maintain his sustain. Within the side lane, try to play off your W CD and play to avoid long trades with his auto attacks, unless you have Eclipse, Cleaver and Sterak’s to help you tank out his damage and provide you enough haste to peel away from Warwick.
",Coming Soon
Wukong,Easy - 2/10,PTA / Conq > Resolve / Inspiration,Doran's Blade / Doran's Shield,Ignite / Teleport / Ghost + Flash,Q > E > W or Q3 > W > E,"Wukong is a very easy match up for Renekton, as Renekton can practically stat check most of Wukong's aggressive trades within the early game. Wukong's only path to victory is trying to snowball from level 1 with E start, as Renekton simply avoid heavy trading and play to reach your level 2.  Once you're level 2 you can take W, to help you peel off against his engage, allowing you to potentially kill him in the process. Wukong cannot really do much post level 3, allowing Renekton to do whatever he wants. Renekton must also respect Wukong's R within teamfights, as this can be a giant tool to allow him to shut him and his teammates down. If Wukong doesn't use R successfully, Wukong simply is irrelevant within the game.","(1) Respect Wukong Level 1 - Level 1 Wukong is at his strongest in the lane, Wukong will try to force his all in with E and potentially ignite. Respect his E and try not to heavy trade auto attacks with him level 1. Simply take Q or W, to peel Wukong off you level 1, then look to push for level 2 if available and commit for a stronger fight.

(2)  Play For Level 2/3 Kill Angle  - Once you hit level 2 or 3, Renekton will immediately have his power with Q and W/E level 2. Potentially if you're trading well, you can skill W level 2 and aim to kill Wukong if he overcommits into your wave. Otherwise, try to control the lane with empowered Q heals and W/E trades. 

(3) Respect Wukong Q - This is not something to entirely consider early, however later on Wukong Q can shred up to 30% armour. Try to respect that in skirmishes and teamfights, as the armour shred stacks up when Wukong is playing around assassins or ADCs.. 

(4) Abuse Renekton's Q Healing - Renekton has an interesting interaction with Wukong, as Renekton can double heal off Wukong and his clone. With that said try to look for empowered Q's on Wukong's heavy trades with his W, as you're able to heavily out damage through your sustain and damage. 

(5) Play Waves Accordingly - Simply assess whether or not you want to play for freeze, to help you deny XP and CS, while presenting yourself more opportunities to create fights. Or, play to shove waves to create proxy angles, tempo resets or create a dive opportunity. Renekton has all the cards to do whatever he wants with wave management. Also respect that if your laner tries to proxy, simply proxy back or coordinate a kill on them with your jungler.

(6) Quick Trades - E > Q > AA  > W > AA > E Out / E > Q > W > E / E Q E - These combos allow for Renekton to get quick damage off in being able to keep health up and whittling his opponent down, use these to get your laner low and look for a low HP kill with flash. 

(7) Abuse Renekton's R Powerspike - Once you reach level 6 your ultimate will essentially help you consistently stat check and dominate any match ups you were winning or losing. Make sure to always wait for your R CD to help you make plays, otherwise it will lead you towards a major disadvantage in dueling your enemies. 

(8) Build Plated Steelcaps, Eclipse, Black Cleaver or BoTRK - Go Plated Steelcaps to lower Wukong’s overall damage / Go Eclipse for consistent power through mid game and damage mitigation with the shield. / Go Black Cleaver for additional CDR and other versatile stats for utility based gameplay. / Go BoTRK to one shot and snowball with a damage focused build. 

(9) Midgame + Teamfighting Tips - Wukong's Power plays around flanking his opposing team with his E into W R combo, which presents lots of CC and consistent damage vs his enemies. When playing Renekton, try to cut off Wukong's engage by stunning him or forcing him to ult early, doing this ruins his potential room to mass CC your own team and cuts out a lot of his damage. Alternatively, you can aim to kill his carries first as Wukong’s role falters as soon as his carries die, so with that in mind try to disrupt his backline and make sure to kill off his carries so his overall utility doesn’t win him the teamfight.
",Coming Soon
Xayah,Easy - 2/10,PTA > Resolve / Inspiration,Doran's Blade / Doran's Shield,Ignite / Teleport / Ghost + Flash,Q > E > W,"Xayah is pretty easy to deal with as Renekton, as her kit is pretty hopeless within the solo lane. As Renekton simply try to play the wave states on your side of the map, eventually allowing you to look for fights as soon as your E is available. Renekton can make the lane really easy with Doran's Shield and Second Wind, as well as rushing Plated Steelcaps to make her damage non existent, or rushing straight damage to instantly kill her. Overall, Xayah cannot really do much against Renekton, allowing him to do whatever he wants within the match up.","(1) Level 1 E Start - Try to cheese PTA proc or Conq with E1 > 3 auto's > disengage with E2.

(2) Play For Level 2/3 Kill Angle - Once you chunk out Xayah you're most likely able to kill her with your W, Dash or Flash up. Look to shove the wave around your kill timer, so you're able to make Xayah lose a lot more. 

(3) Abuse Renektons’ Early Game - Abuse Renekton's Early Game - In this match up Renekton is essentially able to do whatever he simply wants. With that said, really hone into your strong early to mid game strengths to help you dominate and win the game. Play to deny your enemy of gold and xp, play to proxy and generally lead any top side skirmishes with your insane lane advantage.

(4) Respect Xayah's E - Xayah's playstyle is all about using her feathers to apply damage and stun her target. Try to position away from the stun when trying to fight, or fight her after she uses it. 

(5) Quick Trades - E > Q > AA  > W > AA > E Out / E > Q > W > E / E Q E - These combos allow for Renekton to get quick damage off in being able to keep health up and whittling his opponent down, use these to get your laner low and look for a low HP kill with flash. 

(6) Play Wave On Your Side - Playing the wave on your side essentially means playing wave states on your side of the map, via abusing wave manipulation tactics or freezing on your side of the map. Simply use this to help you combo on your laner, taking away any space from them being able to trade you back (This also helps prevent the enemy running you down with their extended or sustained movement speed abilities). You can also use this wave state to run down your opponent with your abilities up, helping you obtain kills a lot easier vs stalemate or ranged match ups. Look to do this when your opponents are below 50% HP, or potentially make a mistake to provide you an all in opportunity to run them down. 

(7) Abuse Renekton's R Powerspike - Once you reach level 6 your ultimate will essentially help you consistently stat check and dominate any match ups you were winning or losing. Make sure to always wait for your R CD to help you make plays, otherwise it will lead you towards a major disadvantage in dueling your enemies. 

(8) Build Plated Steelcaps, Eclipse, Stridebreaker or Profane - Go Plated Steelcaps to lower Xayah's overall damage / Go Eclipse for consistent power through mid game and damage mitigation with the shield. / Go Stridebreaker to cripple Xayah’s mobility and provide teammates with additional utility. / Go Profane for full damage focused playstyles.

(9) Midgame + Teamfighting Tips - Xayah's power usually shows through her teamfighting prowess with her champion design, utilising her high feather damage and potential teammate buffs to help her pop off in the fights. One thing to note about Xayah is always watching her feather placement and being aware of her R. In the fights try to dive on top of Xayah to instantly force her R, preferably use one E then save E2 to dice behind her and avoid her stun. Xayah when isolated is very useless, so try to make plays when she is also separated from her team.
",Coming Soon
Xerath,Hard - 8/10,PTA / Electrocute > Resolve,Doran's Shield,Ignite / Teleport + Flash,Q > E > W,"Xerath is a very hard match up for Renekton to do much into, as Xerath's high range and safe playstyle removes most of Renekton's early aggression. Renekton's main way of being able to kill or force plays against Xerath, requires him to play the wave states on his side of the map, forcing himself to use his double dashes to reach and avoid Xerath's stun. Renekton can rush Mercury Treads into Xerath to help him survive against his damage and stun timer, however most of the plays will only available if Xerath over extends. As Renekton the best thing to do is simply look for Xerath to make a mistake, or play off any accessible fights within the early game, as playing around your team and objectives are your main win conditions as Renekton.","(1) Play For Sustain Early - Within the early game Xerath's poke can really create a troubling time for Renekton. Use D Shield and second wind to outsustain and mana burn Xerath through his ability usage.

(2) Play For Movement - A large portion of this matchup is trying to dodge Xerath's incoming abilities, while also trying to create strategic E dashes to reach Xerath. Dashing from the side, or when he least expects it from minions can allow you to reach Xerath and apply your damage. With that said, try to avoid his damage by doing short clicks in and out the minion wave, to help you bait abilities and create openings for trades.

(3) Play For Ganks - Xerath can be pretty tough to reach, however if your jungler is in position to gank you can try to double dash and stun Xerath as long as you don't get hit by his E. This isn't easy, but it is a very specific moment you're able to leverage some power in the match up. 

(4) Quick Trades - E > Q > AA  > W > AA > E Out / E > Q > W > E / E Q E - These combos allow for Renekton to get quick damage off in being able to keep health up and whittling his opponent down, use these to get your laner low and look for a low HP kill with flash. 

(5) Contest Wave Crashes - A lot of this match up is simply about crashing waves, as Renekton you want to constantly try to shove the wave and look to roam with your jungler. While roaming from mid is hard vs Xerath's pushing power, try to hard push off waves and test the waters if there is an opportunity within this time.  This is one way that you’re able to gain a lead over him if you’re unable to make much of anything through the laning phase.

(6) Respect Xerath R - Xerath will always try to look for R plays to enable his presence on the map. Try to take winnable fights or force fights while Xerath is low mana, or isn't on that side of the map. 

(7) Build Mercury Treads,  Eclipse, Stridebreaker or Profane - Go Mercury Treads to lower Xerath’s overall damage and CC duration/  / Go Eclipse for consistent power through mid game and damage mitigation with the shield. / Go Stridebreaker to cripple Xerath’s mobility and provide teammates with additional utility. / Go Profane for full damage focused playstyles. 

(8) Midgame + Teamfighting Tips - Xerath in the mid game will play to utilise his range to try and burst and one shot your teammates. Try to force fights and soak up the damage building defensive items, within the fights try to lock down Xerath and buy time for your teammates to play back to front. Eventually look for Baron to help you push against Xerath’s wave clear to help you end the game vs him.
",Coming Soon
Xin Zhao,Easy - 2/10,PTA / Conq > Resolve / Inspiration,Doran's Blade / Doran's Shield / Long Sword,Ignite / Teleport / Ghost + Flash,Q3 > W > E,"Xin Zhao is a very easy match up for Renekton, due to his low stats and linear kit providing Renekton a free win within most duels. Xin Zhao's only threat is his level 1, where he will try to look to cheese with his E start and rush level 2 towards his Q. Renekton can fight off Xin Zhao taking W start, or Q with Conqueror, allowing him to heavily chunk out Xin or kill him in the process. after level 3 Renekton can do whatever he wants, as Renekton's stats simply become too much for Xin Zhao to deal with. Within the mid stages of the game, Renekton also heavily outscales with his pick, providing Renekton more ways to play the game in comparison to Xin Zhao.","(1) Respect Xin Zhao's First Two Levels - Xin Zhao's first two levels are very strong compared to the rest of the match up. Within the first two levels, Xin will try to E start into Q level 2. Try to simply wait out till level 3, or simply hard push with Q for level 2, then skill W to fight Xin Zhao and win. 

(2) Abuse Renekton's Early Game - In this match up Renekton is essentially able to do whatever he simply wants. With that said, really hone into your strong early to mid game strengths to help you dominate and win the game. Play to deny your enemy of gold and xp, play to proxy and generally lead any top side skirmishes with your insane lane advantage.

(3) Play Waves Accordingly - Simply assess whether or not you want to freeze, to help you deny XP and CS, while presenting yourself more opportunities to create fights. Or, play to shove waves to create proxy angles, tempo resets or create a dive opportunity. Renekton has all the cards to do whatever he wants with wave management. Also respect that if your laner tries to proxy, simply proxy back or coordinate a kill on them with your jungler.

(4) Respect Xin Zhao's Gank Setup - The only thing Xin can do is slow you with his E, and knock up with his 3rd Q. As long as you're not getting hit by his 3rd Q and you dash at the right time, Xin Zhao will never really be able to lock you down with his jungler. 

(5) Quick Trades - E > Q > AA  > W > AA > E Out / E > Q > W > E / E Q E - These combos allow for Renekton to get quick damage off in being able to keep health up and whittling his opponent down, use these to get your laner low and look for a low HP kill with flash. 

(6) Ping Xin Zhao’s Roams - Xin naturally succeeds in his ganking style playstyle, hence why he is mainly played as a jungler. With that said, Xin will look to roam to mid lane or in your jungle, make sure to ping your team his whereabouts and punish him with freezes or crashing the wave in if he’s able to miss a lot. 

(7) Build Plated Steelcaps, Eclipse or BoTRK - Go Plated Steelcaps to lower Xin’s overall damage. / Go Eclipse for consistent power through mid game and damage mitigation with the shield. / Go BoTRK to one shot and snowball with a damage focused build. 

(8) Midgame And Teamfighting Tips - Naturally Xin Zhao's power is more focused within the early stage of the game, which he usually abuses through the jungle. As a top lane pick he falls off really hard to offer much damage or utility, meaning he isn't that great when it comes to teamplay. His only hint of success is through pick and catch plays, in which if you guide your team not to get caught and never give him those moments, he simply will not be able to do anything.

",Coming Soon
Yasuo,Easy - 2/10,PTA / Conq > Resolve / Inspiration,Doran's Blade / Doran's Shield / Long Sword,Ignite / Teleport / Ghost + Flash,Q3 > W > E,"Yasuo is quite an easy match up for Renekton to snowball against, as his weak stats and doomed 10 death powerspike force him to feed against Renekton. As Renekton, try to avoid fighting him level 1, as Yasuo's damage and attack speed is simply too high to fight against. Post level 2, Renekton can try to be more aggressive, taking W to help him burst Yasuo when he's in range. When laning vs Yasuo, try to avoid any of his incoming Q's by short clicking in and out, allowing him to miss a stack and lose damage.  By level 3 Renekton can do anything, just make sure to remove his boneplating behind his passive as well as using your Q or auto attack to remove his passive shield before using anything else. Yasuo get's completely destroyed most of the match up until his BoTRK spike, however Renekton can keep destroying him with BoTRK, Eclipse or Profane. Within teamfights, try to avoid being knocked up for his ultimate, as it can allow him to easily apply his damage with his team. If Yasuo tries to engage, look to time your W stun on his knock up frame, preventing him from using his R and keeping him in place.","(1) Respect Yasuo's Level 1 and 2 - Yasuo compared to Yone is surprisingly much different, Yasuo's overall power is his passive shield and his attack speed. Try to play for CS, don't get caught up in his damage and try to reach level 3. 

(2) Play For Movement - This essentially means, try to always click around Yone and time his 4-2 Second Q with your side steps, Yone losing out on missing a Q stack and damage really hurts his play potential for the lane. 

(3) Abuse Renekton's Early Game - In this match up Renekton is essentially able to do whatever he simply wants. With that said, really hone into your strong early to mid game strengths to help you dominate and win the game. Play to deny your enemy of gold and xp, play to proxy and generally lead any top side skirmishes with your insane lane advantage.

(4) Respect Yasuo's Shield - Compared to most other shields, Yasuo's shield doesn't fully break the way it's intended to with Renekton's W, which overall Renekton's damage gets eaten up by it. Instead use your auto attack first, wait till its fully gone as well as his boneplating, then use your W once both are on Cooldown. 

(5) Play Around Yasuo's E positioning - Yasuo's E can be very annoying when he’s defensively playing around it, however Yasuo also has to use them to be aggressive. Yasuo has more room to make mistakes, with aggressive E’s putting Yasuo in an unfavourable position within the match up. Yasuo E’ing closer to your side of the map can present you with the opportunities to fight and kill him, so make sure to hold your abilities until he is on your side of the lane. Try to not be on Yasuo's side of the map, otherwise he will have a free dash to closer to his tower and easily escape you.

(6) Play Waves Accordingly - Simply assess whether or not you want to play for freeze, to help you deny XP and CS, while presenting yourself more opportunities to create fights. Or, play to shove waves to create proxy angles, tempo resets or create a dive opportunity. Renekton has all the cards to do whatever he wants with wave management. Also respect that if your laner tries to proxy, simply proxy back or coordinate a kill on them with your jungler.

(7) Abuse Renekton's R Powerspike - Once you reach level 6 your ultimate will essentially help you consistently stat check and dominate any match ups you were winning or losing. Make sure to always wait for your R CD to help you make plays, otherwise it will lead you towards a major disadvantage in dueling your enemies. 

(8) Respect Yasuo R - Yasuo R, while being a CC based ability, also has great utility usage in being able to give himself bonus armour pen, allowing to shred any armour you have purchased into him. Try to avoid giving him his ult, as the free pen will later stack up towards Yasuo overpowering Renekton through the later stages of the game.

(9) 3 Points Q > W Max - I would suggest to do this if the lane is going super well for you. Renekton’s high utility, low CD and damage from W max allows you to consistently fight Yasuo deep within the game, on top of also nullifying the ability for him to land Q’s if you can time your W through his Q frame, which results in him doing 0 damage. Exploit timing plays like this to overpower Yasuo and consistently beat him within the side lane.

(10) Build Plated Steelcaps, Eclipse or Profane - Go Plated Steelcaps to lower Yasuo’s overall damage and utilise the additional movement speed. / Go Eclipse for consistent power through mid game and damage mitigation with the shield.  / Go Profane for full damage focused playstyles and getting his passive easier. 

(11) Midgame And Teamfighting Tips - Within the mid game Yasuo's damage spikes really hard in the 1v1 against Renekton, if Renekton goes more bruisery focused Yasuo will naturally outscale in the side lane. Instead you need to play to clear waves and look for teamfights, unless you’re playing a more damage focused Renekton build to one shot Yasuo. In team fights, try to lock down Yasuo if he tries to engage onto your team, if he is unable to get a massive R play off, Yasuo will lose a lot of value in being able to win the fights for his team. Later in the game, play off your strengths of W max and potentially buy Death's Dance and Randiun’s Omen to lower Yasuo's overall damage.
",Coming Soon
Yone,Easy - 2/10,PTA / Conq > Resolve / Inspiration,Doran's Blade / Doran's Shield / Long Sword,Ignite / Teleport / Ghost + Flash,Q3 > W > E,"Yone is a pretty easy lane for Renekton to snowball against, as Renekton has the ability to easily weave in and out of Yone's Q, as well as returning his heavy burst damage every time Yone gets into range. Yone's lack of stats and survivalbility makes him a sitting duck, in which Renekton can do the bare minimum and practically win. Make sure you use your shied break against Yone's W, as this will allow you to easily nuke through his shield and melt hsi HP bar. Once Yone gets BoTRK, his damage will be a lot more substantial, so make sure to rush Eclipse, BoTRK or Profane to help maintain damage to easily one shot him. Within teamfights, try to look out for Yone R engages, by using your W as soon as he finishes his R, or side stepping his ultimate altogether. ","(1) Level 1 Q Start - Level 1 Yone should technically have an advantage with Lethal Tempo, however Renekton's stats and base damage from Q, is enough to win level 1 fights to kill Yone, or allow you to push level 2 and abuse your early power. Try to avoid Q’s through fighting him, and return damage with auto attacks and weaving towards your minion wave.

(2) Play For Level 2/3 Kill Angle - Once you chunk out Yone you're most likely able to kill him with your W, Dash or Flash up. Look to shove the wave around your kill timer, so you're able to make Yone lose a lot more. 

(3) Play For Movement - This essentially means, try to always click around Yone and time his 4-2 Second Q with your side steps, Yone losing out on missing a Q stack and damage really hurts his play potential for the lane. Another tip for the match up, is that if you can time W the same time through his Q frame, Yone deals 0 damage and doesn’t obtain a stack. Use this to outplay him even harder through your DPS. 

(4) Play Around His Shield - Yone W can be used to block Renekton's short trading damage, however Renekton can shred Yone's shield with Empowered W. Use Empowered W on his shield creation, Do not W in the same frame or Renekton W won't break the shield. 

(5) Abuse Renekton's Early Game - In this match up Renekton is essentially able to do whatever he simply wants. With that said, really hone into your strong early to mid game strengths to help you dominate and win the game. Play to deny your enemy of gold and xp, play to proxy and generally lead any top side skirmishes with your insane lane advantage.

(6) Play off Yone's E positioning - Don't chase Yone while he uses E, try to sit on the location he has to go back to, which always ensures you're able to catch him and get your damage off if he’s initially trying to bait you out to chase him.

(7) Play Waves Accordingly - Simply assess whether or not you want to play for freeze, to help you deny XP and CS, while presenting yourself more opportunities to create fights. Or, play to shove waves to create proxy angles, tempo resets or create a dive opportunity. Renekton has all the cards to do whatever he wants with wave management. Also respect that if your laner tries to proxy, simply proxy back or coordinate a kill on them with your jungler.

(8) Abuse Renekton's R Powerspike - Once you reach level 6 your ultimate will essentially help you consistently stat check and dominate any match ups you were winning or losing. Make sure to always wait for your R CD to help you make plays, otherwise it will lead you towards a major disadvantage in dueling your enemies. 

(9) Respect Yone's R + CC combo - Yone's 3rd Q into R can be devastating combined with ganks, try to always avoid getting hit by Q with your movement or E. As for R, try to always be prepared for it in high pressure situations and avoid it with your E or Flash. Alternatively, Yone can use R to escape bad situations at times, in which you can counter if you dash in front of him to avoid his long dash to escape. 

(10) Points Q > W Max - Just like the Yasuo match up, Renekton can essentially overpower Yone throughout the whole game with W maxed out. Having 7-4 Second W’s results in Yone practically getting bullied throughout the whole game, even more so than a Yasuo would. Make sure to do this if you’re hard winning the lane and make sure to abuse it every time you come into contact with Yone.

(11) Build Plated Steelcaps, Eclipse or Profane - Go Plated Steelcaps to lower Yone’s overall damage and utilise the additional movement speed. / Go Eclipse for consistent power through mid game and damage mitigation with the shield.  / Go Profane for full damage focused playstyles and getting his passive easier. 

(12) Midgame And Teamfighting Tips - Within the mid game Yone's damage begins to spike in the 1v1 against Renekton, if Renekton goes more bruisery focused Yone will naturally outscale in side lane, however with W max and some items such as Death’s Dance or Randiun’s, Yone won’t be able to have the damage or sustain to beat Renekton in the 1v1. Within teamfights, Yone’s role is to look for a big R or Q3 engage, to allow him to get his damage off and present a giant opportunity for his team. Try to hard engage on Yone before he gets Q3, or block the R for your team. If Yone is in the open, you can simply play to lock him down your team instantly to make him irrelevant and useless to do much else. 
",Coming Soon
Yorick,Easy - 2/10,PTA / Conq > Resolve / Inspiration,Doran's Blade / Doran's Shield / Long Sword,Ignite / Teleport / Ghost + Flash,Q > E > W or Q3 > W > E,"Yorick is a pretty simple match up to deal within the early game. Simply don't over trade with Yorick level 1, as his Q start damage is way too high for Renekton to trade into. By level 2, Renekton can play to bully Yorick with his push advantage, allowing him to bounce the wave and look for a kill on the wave rebound. By level 3 onwards, Renekton can assert all the kills and trades, using his E to engage and disengage from Yorick's W. Yorick's only real spike is at level 6, where he and his maiden apply a lot of damage together. Renekton should priortise small trades at this stage, until Yorick is 50%HP where Renekton can all in him with his R active. Killing Yorick Maiden is also essential if you're able to do it. Later on, Yorick will keep trying to look for split push opportunities, forcing you to deal with him in side lane or using your team to help shut him down. Once he is dead, you can force objectives and teamfigths with his death timer.","(1) Level 1 Q Start - Try to push for level 2 advantage while poking Yorick with your Q, on level 2 skill E/W use advantage to chunk out Yorick. 

(2) Respect Yorick's Q- Since the changes, Yorick is able to hold more of his own with the Q buffs and his ghouls spawning faster. Respect Yorick’s damage through long trades, try to play for short trades until he is in lethal range to finish off with a combo.

(3) Respect Yorick’s E - Yorick E is Yorick’s main poking tool within the laning phase, with that he will aim to spam his E to do a decent amount of damage alongside with his ghouls focusing them. Try to do lots of short clicks to bait out the Yorick E, then try to trade after he misses it. 

(4) Quick Trades - E > Q > AA  > W > AA > E Out / E > Q > W > E / E Q E - These combos allow for Renekton to get quick damage off in being able to keep health up and whittling his opponent down, use these to get your laner low and look for a low HP kill with flash. 

(5) Abuse Renekton's Early Game - In this match up Renekton is essentially able to do whatever he simply wants. With that said, really hone into your strong early to mid game strengths to help you dominate and win the game. Play to deny your enemy of gold and xp, play to proxy and generally lead any top side skirmishes with your insane lane advantage.

(6) Play Waves Accordingly - Simply assess whether or not you want to play for freeze, to help you deny XP and CS, while presenting yourself more opportunities to create fights. Or, play to shove waves to create proxy angles, tempo resets or create a dive opportunity. Renekton has all the cards to do whatever he wants with wave management. Also respect that if your laner tries to proxy, simply proxy back or coordinate a kill on them with your jungler.

(7) Respect Yorick's R - Once Yorick reaches level 6 his R completely changes the state of the lane, as it provides more damage and healing utility through 1v1 fights . Try to avoid tanking his maiden and E damage then punish with a fast combo to get him close to lethal range. If you have the chance to kill his maiden then try to do that first as he loses so much combat stats once she’s dead.

(8) Abuse Renekton's R Powerspike - Once you reach level 6 your ultimate will essentially help you consistently stat check and dominate any match ups you were winning or losing. Make sure to always wait for your R CD to help you make plays, otherwise it will lead you towards a major disadvantage in dueling your enemies. 

(9) Build, Eclipse, Black Cleaver or BoTRK - Go Eclipse for consistent power through mid game and damage mitigation with the shield. / Go Black Cleaver for additional CDR and other versatile stats for utility based gameplay. / Go BoTRK to one shot and snowball with a damage focused build. 

(10) Midgame And Teamfighting Tips - Against Yorick try to manage side waves effectively, try to hard push each time before you plan on roaming, otherwise Yorick will be able to instantly clear up towers within the side lane. If Yorick is hard pushing the side lane, try to get your teammates to collapse on him to free up map pressure, or try to force a hard fight onto the rest of his team to punish the enemies 4v5 disadvantage with Yorick being in side lane. Yorick doesn’t offer much utility and reassurance into team fights, so make sure to also abuse your overall teamfighting power to over power your pick into Yorick. 
",Coming Soon
Yunara,Easy - 1/10,PTA > Resolve / Inspiration,Doran's Blade / Doran's Shield / Long Sword,Ignite / Teleport / Ghost + Flash,Q > E > W,"Yunara doesn't really do anything to Renekton, as her lack of mobility pre 6 forces her into being killed by Renekton on repeat. Renekton can force heavy burst trades from level 3, forcing him to get a kill by his 2nd E trade, or every 1st trade once he gets his first few components. By level 6, Yunara spikes in her ability to apply damage within a fight, however Renekton's level 6 powerspike is way too much for her to deal. Renekton can essentially do whatever he wants within this match up, allowing him to easily snowball the map and win the game through objectives and teamfights.","(1) Level 1 E Start - Try to cheese PTA proc or Conq with E1 > 3 auto's > disengage with E2.

(2) Play For Level 2/3 Kill Angle - Once you chunk out Yunara you're most likely able to kill her with your W, Dash or Flash up. Look to shove the wave around your kill timer, so you're able to make Yunara lose a lot more. 

(3) Respect Yunara’s Q - Yunara’s Q requires 8 stacks to use, with each minion and monster providing 1 stack and champions providing 2 stacks. Once Yunara has max stacks, she is able to unleash a flurry of damage providing 25% to 65% attack speed, additional on hit damage and allowing her to spread her damage across other targets. Yunara’s Q doesn’t really do much within the early game, allowing you to easily fight and out damage her at will. Later on in the game, Yunara’s Q damage will become threatening within the later stages, so make sure to avoid tanking her damage within these stages of the game. 

(4) Avoid Yunara’s W - Yunara’s W allows her to throw out a ball, slowing and dealing damage. Yunara’s W can also pass through other targets, allowing it to deal additional damage to clumped up targets. Yunara’s W isn’t really a threat in lane, so you can simply E through it and avoid the additional damage it is able to deal. 

(5) Abuse Renekton's Early Game - In this match up Renekton is essentially able to do whatever he simply wants. With that said, really hone into your strong early to mid game strengths to help you dominate and win the game. Play to deny your enemy of gold and xp, play to proxy and generally lead any top side skirmishes with your insane lane advantage.

(6) Play Waves Accordingly - Simply assess whether or not you want to play for freeze, to help you deny XP and CS, while presenting yourself more opportunities to create fights. Or, play to shove waves to create proxy angles, tempo resets or create a dive opportunity. Renekton has all the cards to do whatever he wants with wave management. Also respect that if your laner tries to proxy, simply proxy back or coordinate a kill on them with your jungler.

(7) Heavy Trades - Being that Renekton carries a lot of high damage, Renekton is able to just jump on his target nearly at will. Whenever your laners present you with the ability to jump on them, simply take the opportunity to burst them as much as you can. If you didn't kill them already from that, use your options of freezing or your tower diving ability to help you finish off your opponent.

(8) Respect Yunara’s R - Yunara’s R allows her to enter a flow state, amplifying all her abilities for 15 seconds. Yunara’s Q through this time does not need to be stacked, allowing her to use its activation through the duration of her R. Yunara’s W is upgraded into a laser beam, lowering its overall CD through the duration of her R. Yunara’s E also changes from a movement speed steroid to a dash, allowing her to keep her distance away from other champions. Yunara’s R is a giant steroid and powerspike towards her kit, allowing her to become a giant threat within the later stages of the game. Earlier on, Yunara does not possess the damage to really beat Renekton, relying entirely on her scaling playstyle to become a threat. 

(9) Build Eclipse, Stridebreaker or Profane - Go Eclipse for consistent power through mid game and damage mitigation with the shield. / Go Stridebreaker to cripple Yunara’s mobility and provide teammates with additional utility. / Go Profane for full damage focused playstyles.

(10) Mid Game + Teamfighting Tips - Yunara’s overall kit heavily leans towards her later game scaling, allowing her to utilise her R steroid more effectively. Once Yunara has core items such as Kraken, Runaan’s and Infinity Edge, she will be able to deal an insane amount of damage within teamfights. Renekton’s overall job against Yunara, is trying to look for any shutdowns he can. Yunara’s natural peeling ability isn’t that great compared to bot lane, so exploiting her weak solo efforts of playing 1v1’s or trying to flank and make use of her damage, leaves her in a vulnerable position for Renekton to easily deal with her. Within the side lane, Renekton can just opt into his core damage items to help him easily one shot Yunara without her having resistance against him. Within teamfights, Yunara will try to use her R and fire off with her Q and W, to allow her to mass spread her AoE damage to shred her targets. As Renekton, we should try to instantly look to shut her down by engaging onto her with our dash and stun. Yunara’s kit simply cannot survive Renekton’s potential onslaught, making her an easy target for Renekton.
",Coming Soon
Yuumi,Easy - 1/10,PTA > Resolve / Inspiration,Doran's Blade / Doran's Shield / Long Sword,Ignite / Teleport / Ghost + Flash,Q > E > W or Q3 > W > E,Cat gets eaten by Crocodile. ,"If you really lose this, I just want to know how... ",No Lol..
Zaahen,Easy - 3/10,PTA / Conq > Resolve / Inspiration,Doran's Blade / Doran's Shield / Long Sword,Ignite / Teleport / Ghost + Flash,Q3 > W > E,"Zaahen's playstyle revolves around using his CC combo to short trade against Renekton, allowing him to cheese off damage while trying to quickly disengage in the lane. Renekton's whole advantage in the match up is simply to counter Zaahen as he engages, Renekton should always wait for him to engage then use W, otherwise if you E into him he will simply dash away, while potentially CC'ing you in the process. Doing counter trades back into Zaahen allows Renekton to chunk him out, allowing Renekton to kill him on the second or third trade. As Renekton, buying antiheal or using Ignite, rushing Eclipse or BoTRK and maxing W, are all high priority in being able to put Zaahen at a constant disadvantage. When fighting Zaahen, make sure to wait off your ult timer and make sure not to stun or full combo into his R, otherwise you will lose out on all damage. Taking long trades is also not advised, as he will be able to hit his passive and simply win off that. Within the mid game, Renekton can still steamroll Zaahen with W max and item advantages, however its in your best interest to simply play for your teammates and objectives, otherwise Zaahen will try to use chaotic fights you're not involved in towards his own advantage. ","(1) Level 1 Q Start - Level 1 Q starts allows you to hit level 2 before Zaahen, allowing you to chunk him out and obtain level 2 priority. Level 2 priority is important to allow you to chunk his HP out, allowing a level 2 or level 3 kill within the process. 

(2) Avoid His Q Heal + Knock Up - These are the most important tools for Zaahen to leverage good trades. Whenever Zaahen activates his Q, simply let it time out or buffer your W click on his knock up auto attack. If he’s able to get his knock up, Zaahen can be very frustrating to get trades against, so make sure you’re always punishing him by avoiding the auto attack, or timing your W on the knock up.

(3) Respect Zaahen Full Passive Stacks + Revive - Long trades with Zaahen isn’t recommended unless you’re clearly stronger than he is, otherwise he will be able to utilise Conqueror and his passive, to help him sustain heavy damage through long fights and obtain his revive. Zaahen getting his revive isn’t the end of the world if you’re fed, however if you’re even, he’s able to get the second wind needed to survive the fight, while also allowing him to heal a ton of HP within the process. Try to play for short or mid timing fights, as this will allow you to squeeze enough damage against him, while he’s also unable to get his passive. If he has stacked passive, try to walk or dash away until he loses all stacks. 

(4) Avoid His Short Trades - Zaahen has a very annoying combo where he can stack his Q1, then use W > AA > Q2 > E away. This combo can be very frustrating, allowing him to always get the upper hand in trades, as well as spacing away from you to deal damage. Like I already mentioned, you can try to W him as he knocks you up, or you can try to retaliate back after his E if he’s in range with your own dash, holding your E2 to disengage back after dealing your damage. 

(5) Counter Zaheen's Engages - Renekton vs Zaahen works similar to the Ambessa match up, where you must wait for her to come into you, before you use your E and fight back, otherwise it can lead to very awkward and unfavourable  trading patterns. If Zaahen only uses E to disengage, then hold your E’s to follow up against his E. If you dash first vs Zaahen, typically he will use his E to dash away, or use his W or Q2 to CC you at the end or mid animation of E, allowing him to easily escape. Use your dash optimally and you won’t ever have problems. 

(6) Abuse Renekton's Early Game - In this match up Renekton is essentially able to do whatever he simply wants. With that said, really hone into your strong early to mid game strengths to help you dominate and win the game. Play to deny your enemy of gold and xp, play to proxy and generally lead any top side skirmishes with your insane lane advantage. 

(7) Play Wave On Your Side - Playing the wave on your side essentially means playing wave states on your side of the map, via abusing wave manipulation tactics or freezing on your side of the map. Simply use this to help you combo on your laner, taking away any space from them being able to trade you back (This also helps prevent the enemy running you down with their extended or sustained movement speed abilities). You can also use this wave state to run down your opponent with your abilities up, helping you obtain kills a lot easier vs stalemate or ranged match ups. Look to do this when your opponents are below 50% HP, or potentially make a mistake to provide you an all in opportunity to run them down. 

(8) Abuse Renekton's R Powerspike - Once you reach level 6 your ultimate will essentially help you consistently stat check and dominate any match ups you were winning or losing. Make sure to always wait for your R CD to help you make plays, otherwise it will lead you towards a major disadvantage in dueling your enemies. Against Zaahen, this will be vital in being able to beat him in 1v1’s later on within the game.

(9) 3 Points Q > W Max - This playstyle allows you to constantly have W’s to help you stay onto Sylas while abusing your high damage ratios, allowing you to easily snowball and permanently shutdown Kassadin within all stages of the game. Make sure to put 3 points into your early wave clear and poke, then look to max W throughout the rest of your points. Once completed, max your E for additional mobility to help enable your up close stun abusing playstyle. Having more W’s against Zaahen is important to snowball within the mid stages of the game, as it gives you the side laning power needed to keep dominating. 

(10) Respect Zaahen R - Zaahen’s R is a giant power play of an ability, as if timed right he can completely negate your whole combo’s damage, crucial for own win condition of beating Renekton. Zaahen can negate 50% of your total damage within his cast time of R, allowing him to heal based on all the champions he hits. Typically whenever Zaahen is low, try to bait out his R before tower diving him, otherwise he will be able to survive your combo, as well as bait you into a death. Whenever Zaahen ults earlier within a fight, try to just bait that alone and disengage until he has no passive stacks. While Zaahen ulting early is a good thing, him being able to have longer time to stack his passive isn’t, so opting to disengage isn’t a bad idea if you want to ensure you have a statistically higher chance of winning a 1v1.

(11) Build Eclipse, Black Cleaver or BoTRK - Go Eclipse for consistent power through mid game and damage mitigation with the shield. / Go Black Cleaver for additional CDR and other versatile stats for utility based gameplay. / Go BoTRK to one shot and snowball with a damage focused build. 

(12) Mid Game + Teamfighting Tips - Zaahen is a very chaotic champion when it comes to fighting, he will try to use any skirmish or teamfight as a way to create win conditions, so playing away from that playstyle is within you and your team's best interest. Typically within this match up, putting Zaahen behind is a pretty easy feat, however by the mid game that’s where the challenge really relies. With the season 16 changes, Zaahen has the function of staying in side lane longer to help him scale a lot harder within the game, becoming more problematic within the mid game. To deal with Zaahen, try to always be first towards mid game objectives, try to initiate fights and remove the enemies' win conditions (Adcs or Mid laners), try to always make sure you’re using your lead you have gathered in the lane. Any complacency will always aid Zaahen in being able to comeback, so make sure you’re always using your lead 100% of the time to really put him behind and outscale Zaahen as the better teamfighter. If Zaahen does join a fight, try to stun him with your W max and nuke him before he’s able to get his passive.
",YouTube Video
Zac,Easy - 3/10,PTA / Conq > Resolve / Inspiration,Doran's Blade / Doran's Shield / Long Sword,Ignite / Teleport / Ghost + Flash,Q > E > W,"The Zac match up is pretty easy due to Renekton's ability to completely burst him down within the first stages of the lane. Renekton can walk over Zac blobs to prevent his HP, as well as use short Q and W trades, allowing Renekton to burst down Zac's HP bar. Renekton simply just needs to avoid being hit by Zac's Q, as well as avoiding Zac's E knock up. Whenever the wave is on his side of the map, Renekton can force aggressive trades and kill Zac as soon as she tries to disengage. Renekton can also W Zac E to prevent him from escape. By level 6, Renekton's R will help him completley overrun Zac within 1v1's, providing Renekton with the overall advantage. Zac's only win condition to win is by using his E to help him flank your teammates. Make sure to always ping Zac's positioning or try to ward his potential whereabouts. Renekton's brute force power is simply too much for Zac to compete with in the game, making him the superior top lane pick.","(1) Level 1 Q Start - Level 1 Q Start - Try to push for level 2 advantage while poking Zac with your Q, on level 2 skill E/W use advantage to chunk out Zac.

(2) Deny Passive Blobs - Zac's power comes from his W blobs, which give HP, damage and W CD reduction. Denying his blobs loses him a lot of consistent power through the lane and he won’t be able to out damage you if he is unable to get his blobs.

(3) Respect Zac's Q E W combo - This combo is essentially him CC locking you from Q'ing the minions and yourself, which is then followed by E and W burst damage, locking you from doing anything. Avoid being hit by his Q, and be cautious using your E.

(4) Abuse Renekton's Early Game - In this match up Renekton is essentially able to do whatever he simply wants. With that said, really hone into your strong early to mid game strengths to help you dominate and win the game. Play to deny your enemy of gold and xp, play to proxy and generally lead any top side skirmishes with your insane lane advantage.

(5) Play Waves Accordingly - Simply assess whether or not you want to play for freeze, to help you deny XP and CS, while presenting yourself more opportunities to create fights. Or, play to shove waves to create proxy angles, tempo resets or create a dive opportunity. Renekton has all the cards to do whatever he wants with wave management. Also respect that if your laner tries to proxy, simply proxy back or coordinate a kill on them with your jungler.

(6) Ping Zac Roams - Zac doesn’t really accomplish much in the laning phase vs Renekton, so he will make sure to roam with his E. Ping immediately as soon as Zac is missing, otherwise he will be able to easily pick up kills for his team. 

(7) Abuse Renekton's R Powerspike - Once you reach level 6 your ultimate will essentially help you consistently stat check and dominate any match ups you were winning or losing. Make sure to always wait for your R CD to help you make plays, otherwise it will lead you towards a major disadvantage in dueling your enemies. 

(8) Build Eclipse, Black Cleaver or BoTRK - Go Eclipse for consistent power through mid game and damage mitigation with the shield. / Go Black Cleaver for additional CDR and other versatile stats for utility based gameplay. / Go BoTRK to one shot and snowball with a damage focused build. 

(9) Midgame And Teamfighting Tips - Zac’s role within the mid to late game, is simply playing from fog of war and trying to look for big team fight engages. Always respect and ward fog of war zones, otherwise Zac can E to completely change the game with his CC combos and pick potential. Try to kill his carries before he is able to make a play, this essentially renders Zac useless if he has no teammates to play around.
",Coming Soon
Zed,Medium - 4/10,PTA > Resolve / Inspiration,Doran's Blade / Doran's Shield / Long Sword,Ignite / Teleport / Ghost + Flash,Q > E > W or Q3 > W > E,"The Zed lane is pretty Renekton favoured, however Zed's ability to play safe and crafty, does make the match up a lot more harder the better a Zed player is. Playing against Zed completely relies on his shadows, if Zed uses W in any way to farm or apply damage, Renekton can abuse it's long CD to force an E trade, allowing him to burst out Zed and punish his overall positioning. In 1v1's Zed cannot really do anything to Renekton, making it practically unwinnable for him. Zed's main objective is simply trying to roam in search of a lead, make sure to ping Zed's whereabouts at all times, otherwise his kills will allow him to easily nuke any of your carries. In the later stages, Zed's role to play the game is a lot more difficult, allowing Renekton to have more ways to win. Make sure to always peel your teammates with your W ready, allowing you to instantly stun Zed and lock him out of the game.","(1) Level 1 E Start - Try to cheese PTA proc or Conq with E1 > 3 auto's > disengage with E2.

(2) Play For Level 2/3 Kill Angle - Once you chunk out Zed you're most likely able to kill him with your W, Dash or Flash up. Look to shove the wave around your kill timer, so you're able to make Zed lose a lot more. 

(3) Avoid Tanking Zed Combo - Zed typically will W > E > Q to apply his damage, in which he will repetitively do it until you’re in his lethal range of 30% HP to easily finish off his kill. Try to abuse D Shield + Second wind to make his damage non existent, while also clicking around a lot to avoid his combo. 

(3) Abuse Long W Timer - Zed W is 20-17 seconds depending on if he hits E onto a target, use this to help you punish him every time his W is on cooldown as it’s the best timer to punish him. 

(4) Quick Trades - E > Q > AA  > W > AA > E Out / E > Q > W > E / E Q E - These combos allow for Renekton to get quick damage off in being able to keep health up and whittling his opponent down, use these to get your laner low and look for a low HP kill with flash. 

(5) Ping Zed Roams - Zed can’t really achieve a lot in this lane, so his alternative plan to get ahead is simply trying to roam and pick up kills with his R. Always ping his movements if he is missing in the lane, try to abuse Zed by shoving in waves to make him miss out on gold and xp.

(6) Respect Zed R - Much later in the game Zed’s damage gets increasingly stronger through each R rank, it will also continue to do more damage based on how much he applies to his target. Try to avoid his Q combos within his ult to make him miss out on extra damage, make sure to also anticipate where Zed will go based off his R shadow position, this will then allow you to get the head start on your damage. 

(7) Abuse Renekton's R Powerspike - Once you reach level 6 your ultimate will essentially help you consistently stat check and dominate any match ups you were winning or losing. Make sure to always wait for your R CD to help you make plays, otherwise it will lead you towards a major disadvantage in dueling your enemies. 

(8) Build Plated Steelcap, Eclipse, Stridebreaker or BoTRK - Go Plated Steelcaps to lower Zed’s overall damage and utilise the additional movement speed. / Go Eclipse for consistent power through mid game and damage mitigation with the shield. / Go Stridebreaker to cripple Zed’s mobility and provide teammates with additional utility. / Go BoTRK to one shot and snowball with a damage focused build.

(9) Mid game + Teamfighting Tips - Zed’s role within the game is to look for isolated plays onto your squishy carry teammates. With that in mind try to protect your carries and instantly look for a W stun when Zed tries to engage. Zed is unable to do much if he is targeted by CC, so make sure to hard focus him and remove his team’s main hard source of damage. You should also look to abuse teamfights whenever Zed is split pushing and not grouped with his team.
",Coming Soon
Zeri,Easy - 2/10,PTA > Resolve / Inspiration,Doran's Blade / Doran's Shield,Ignite / Teleport / Ghost + Flash,Q > E > W,"Zeri is a pretty easy match up for Renekton, however Renekton needs to use minions to avoid taking her Q damage, as well as using his dashes to force instant burst combos to easily kill her. Zeri doesn't really have any resistance to deal with Renekton, however she can use her E to jump over walls, so try to avoid that to prevent her from escaping. Renekton can rush full damage or go Plated Steelcaps, which overall depends on his intentions. Renekton should try to play waves on his side of the map, eventually using his dashes and R to help run down and kill Zeri from overextending. Zeri's damage is more prevelvant through the later stages of the game, so make sure to abuse your early lead to help win the game and take every major objective.","(1) Level 1 E Start - Try to cheese PTA proc or Conq with E1 > 3 auto's > disengage with E2.

(2) Play For Level 2/3 Kill Angle - Once you chunk out Zeri you're most likely able to kill her with your W, Dash or Flash up. Look to shove the wave around your kill timer, so you're able to make Zeri lose a lot more. 

(3) Play Around Minions - Zeri's main aspect of her kit is her Q, which is basically her Auto attack. Use the minions to force trades with E and then use them to protect against the incoming damage. As long as you’re always weaving in and out of them or her attacks, Zeri won’t be able to really do anything.

(4) Play Wave On Your Side - Play Wave On Your Side - Playing the wave on your side essentially means playing wave states on your side of the map, via abusing wave manipulation tactics or freezing on your side of the map. Simply use this to help you combo on your laner, taking away any space from them being able to trade you back (This also helps prevent the enemy running you down with their extended or sustained movement speed abilities). You can also use this wave state to run down your opponent with your abilities up, helping you obtain kills a lot easier vs stalemate or ranged match ups. Look to do this when your opponents are below 50% HP, or potentially make a mistake to provide you an all in opportunity to run them down. 

(5) Avoid Playing Next To Wall - Zeri's only form of escape is using the walls, so most times you try to fight her she will look to try and use the wall to escape. Avoid comboing next to walls, or try to do as much damage as you can then look to dive her with her E being on cooldown. 

(6) Heavy Trades - Being that Renekton carries a lot of high damage, Renekton is able to just jump on his target nearly at will. Whenever your laners present you with the ability to jump on them, simply take the opportunity to burst them as much as you can. If you didn't kill them already from that, use your options of freezing or your tower diving ability to help you finish off your opponent.

(7) Respect Her R - Zeri's R allows her to gain 10% movement and additional MS for hitting her targets and additional Q damage with a lowered cast time, overall providing her a giant powerspike for fights. Try to bait it out and look to disengage, never fight her directly with R unless you’re able to stick onto her via items or dashes.

(8) Build Plated Steelcaps, Eclipse, or Stridebreaker - Go Plated Steelcaps to lower Zeri’s overall damage and utilise the additional movement speed. / Go Eclipse for consistent power through mid game and damage mitigation with the shield. / Go Stridebreaker to cripple Zeri's mobility and provide teammates with additional utility. / Go Profane for full damage focused playstyles.

(9) Midgame + Teamfighting Tips - Zeri's win condition is playing for flanks using R to unload on her massive damage within teamfights. Try to deny this by using vision to spot her out, and try to counter her flank by positioning towards it and trying to one shot Zeri with your W. Zeri can’t do much without peel supports, but in solo lane and most likely for her teams composition, she will not be able to get the necessary peel to help her within the fights.
",Coming Soon
Ziggs,Hard - 8/10,PTA / Electrocute > Resolve,Doran's Shield,Ignite / Teleport + Flash,Q > E > W,"Ziggs is a very boring stalemate match up, where he will play from his range and look to constantly crash waves in. As Renekton, we need to use short trades to apply our damage, with the intention of baiting his E out. Once Ziggs has no E, we can look to abuse that with a gank from our team, setting us up with the ability to easy deal with him. As Renekton, there isn't much to do in isolation, as your main objective is trying to play around your team for any early and mid game objectives. Make sure to also avoid Ziggs roaming, spam pinging every time he leaves the lane. ","(1) Level 1 E Start - Try to cheese PTA proc or Conq with E1 > 3 auto's > disengage with E2.

(2) Play For Level 2/3 Kill Angle - Once you chunk out Ziggs you're most likely able to kill him with your W, Dash or Flash up. Look to shove the wave around your kill timer, so you're able to make Ziggs lose a lot more. 

(3) Play For Sustain Early - Within the early game Ziggs’s poke can really create a troubling time for Renekton. To avoid his damage, to move a lot with your clicks to bait out and avoid incoming Ziggs damage. Make sure to use D Shield and Second Wind to outsustain and mana burn Ziggs. 

(4) Play For Ganks - Killing Ziggs can be very hard with how defensive he is if he’s able to play his abilities and range properly. Try to get your jungler to flank around and then double dash to set up a potential kill opportunity. Alternatively, if you can get his E before the gank, your jungler can also gank from that alone if they have the CC or gap close to be able to.

(5) Quick Trades - E > Q > AA  > W > AA > E Out / E > Q > W > E / E Q E - These combos allow for Renekton to get quick damage off in being able to keep health up and whittling his opponent down, use these to get your laner low and look for a low HP kill with flash.

(6) Contest Wave Crashes - A lot of this match up is simply about crashing waves, as Renekton you want to constantly try to shove the wave and look to roam with your jungler. While roaming from mid is hard vs Ziggs’s pushing power, try to hard push off waves and test the waters if there is an opportunity within this time.  This is one way that you’re able to gain a lead over him if you’re unable to make much of anything through the laning phase.

(7) Respect Ziggs R - Make sure to ping Ziggs roams as he will look to throw R at any opportunity he gets to help his team or secure kills. If Ziggs is trying to roam, try to hard push and punish Ziggs by getting platings and making him miss gold and xp.

(8) Build Mercury Treads,  Eclipse, Stridebreaker or Profane - Go Mercury Treads to lower Ziggs overall damage and CC duration/  / Go Eclipse for consistent power through mid game and damage mitigation with the shield. / Go Stridebreaker to cripple Ziggs mobility and provide teammates with additional utility. / Go Profane for full damage focused playstyles. 

(9) Mid Game + Teamfight Tips - Within mid to late stages of the game, Ziggs’s overall role is to wave clear waves for his team, while also trying to look for fights within tight areas to utilise his mass amount of damage. Try not to clump up against Ziggs damage within fights as he deals a ton of AoE damage. Try to also fight in the open to avoid his damage easier, otherwise tight spaces will allow him to secure his damage easier. Within fights try to look to flash or dash onto him if available, or kill off his team first so he is unable to maintain fights. Try to secure any barons that you can to help you siege against Ziggs’s wave clear. 
",Coming Soon
Zilean,Easy- 3/10,"PTA > Resolve / Inspiration
",Doran's Blade / Doran's Shield / Long Sword,Ignite / Teleport / Ghost + Flash,Q > E > W,"Zilean is a pretty easy and simple match up to play around in the early game, however his potentially unkillable and boring playstyle can result in a minor stonewall. As Renekton, try to use your CS lead as your main advantage, use your wave clear to easily crash waves and force proxy attemps, allowing you to amass an even bigger advantage against Zilean as well as being able to potentially kill his top laner. Early on, Renekton can force freezes to force Zilean to move up, however Zilean's negative playstyle may prevent Renekton from obtaining the kill windows. Renekton should really have no problem being automatically fed with his gold lead, however try to avoid being baited into Zilean's R, or trying to over use your damage on a Zilean ulted target.","(1) Level 1 E Start - Try to cheese PTA proc or Conq with E1 > 3 auto's > disengage with E2.

(2) Play For Level 2/3 Kill Angle - Once you chunk out Zilean you're most likely able to kill him with your W, Dash or Flash up. Look to shove the wave around your kill timer, so you're able to make Zilean lose a lot more. 

(3) Abuse Renekton's Early Game - In this match up Renekton is essentially able to do whatever he simply wants. With that said, really hone into your strong early to mid game strengths to help you dominate and win the game. Play to deny your enemy of gold and xp, play to proxy and generally lead any top side skirmishes with your insane lane advantage.

(3) Play For Mana Burn - Zilean's abilities cost a lot of mana early, Renekton can abuse this either forcing him to use his abilities to burn his mana or simply shoving the wave permanently, forcing Zilean to potentially expend mana using abilities. The more mana he burns, the less he is able to do, which is already nothing except trying to be annoying.

(4) Play Waves Accordingly - Simply assess whether or not you want to play for freeze, to help you deny XP and CS, while presenting yourself more opportunities to create fights. Or, play to shove waves to create proxy angles, tempo resets or create a dive opportunity. Renekton has all the cards to do whatever he wants with wave management. Also respect that if your laner tries to proxy, simply proxy back or coordinate a kill on them with your jungler.

(5) Respect Zilean E - His E slow is actually really annoying and can help him land his Q Q combo, use your E to avoid potential Q's onto you, and try to respect his slow for his potential gank setup.

(6) Heavy Trades - Being that Renekton carries a lot of high damage, Renekton is able to just jump on his target nearly at will. Whenever your laners present you with the abiltiy to jump on them, simply take the opportunity to burst them as much as you can. If you didn't kill them already from that, use your options of freezing or your tower diving ability to help you finish off your opponent.

(7) Respect Zilean R - His R is a big tool in being able to survive burst, as most of the time Zilean will force R if you're close to bursting him. To counter his R revive, instead of killing him you can simply wait it out until his R times out. This allows you to then secure the kill without him or his teammate being able to be revived. Sometimes it's better to kill the Zilean R target due to the fact it could help the trajectory of the fight, as it could either provide more time to get abilities off CD, allow your team to follow up or denying a potential kill from the Zilean R target.

(8) Build Eclipse, Stridebreaker or Profane - Go Eclipse for consistent power through mid game and damage mitigation with the shield. / Go Stridebreaker to cripple Zilean's mobility and provide teammates with additional utility. / Go Profane for full damage focused playstyles.

(9) Mid Game + Teamfighting Tips - In the fights Zilean will most likely always R the main carry rather than himself. If you're able to catch him before the fight, you can make him burn it on himself. This is a giant tool in being able to win the game, if the enemy has less peel opportunities for their carry then the better your win condition is overall. Just note that Zilean R late game can be around 30 seconds with Haste, so make sure you're able to separate him from the fights by killing him first, or try to burn his R before a major fight so he is unable to use it directly within that time frame. 
",Coming Soon
Zoe,Hard - 8/10,PTA / Electrocute > Resolve,Doran's Shield,Ignite / Teleport + Flash,Q > E > W,"Zoe is a hard match up for Renekton, as Renekton's ability to get close is pretty hard against Zoe's sleep bubble as well as the lane being shorter when playing mid lane. To play into Zoe successfully, Renekton needs to take Doran's Shield and Second Wind to help him sustain against Zoe's damage, as well as playing the wave short on his side of the map. If Zoe ever throws her W and misses, Renekton can capitlise on that with a heavy trade or all in. Because Zoe pushes up, Renekton can use his teammates to easily gank and shut her down. When playing against Zoe, respect her roaming potential with her kit, as that will be her main win condition to get ahead. Later on in the game, simply ward behind any walls to prevent Zoe catching you or your team out, as well as jumping on to her as soon as she gets into range.","(1) Play For Sustain Early - Zoe's poke damage from Q and auto's can hurt at most stages within the game. The best thing to do is make sure to keep your HP up by avoiding Q damage from your movement or hiding behind minions, while also abusing D Shield and Second Wind to outsustain and mana burn Zoe.

(2) Avoid Zoe Q Damage - Zoe’s waveclear can be pretty substantial at most points in the game due to her Q  providing her a lot of damage, on top of the fact Zoe can also dish out a ton of damage with her W and Q combo. Try to avoid her Q as much as you can with your movement or hiding as previously mentioned, then look to punish her after she uses her abilities if you can get into range.

(3) Avoid Zoe E - Zoe E is by far one of the scariest abilities within the game, as she can full combo off her CC, then deal a massive amount of damage on to you that is practically unavoidable. Try to bait it out with E1 then instant E2 back or to the side. on the chance she does throw it and misses her e, this can present you a free all in window to fight and potentially kill her. This isn’t always guaranteed to kill her like this, but baiting out the E or Zoe using it randomly, will be the key to getting free fights onto her.

(4) Ping Her Roams - Zoe’s playstyle often features the ability to fast wave clear into roaming botside for her team, which is easily accessible with your monkey bot laners always failing to realise that.  Following on from the fact her E can go through walls, setting up free kills in the process. Make sure to always ping her movements on the map so Zoe is unable to obtain free kills, while also actively shoving out as soon as she is in fog of war to abuse her roam timers.

(5) Play Wave On Your Side - Playing the wave on your side essentially means playing wave states on your side of the map, via abusing wave manipulation tactics or freezing on your side of the map. Simply use this to help you combo on your laner, taking away any space from them being able to trade you back (This also helps prevent the enemy running you down with their extended or sustained movement speed abilities). You can also use this wave state to run down your opponent with your abilities up, helping you obtain kills a lot easier vs stalemate or ranged match ups. Look to do this when your opponents are below 50% HP, or potentially make a mistake to provide you an all in opportunity to run them down. 

(6) Play For Ganks - Trying to solo kill Zoe is very hard like most artillery mage match ups, with that you should aim to play the wave on your side and abuse Zoe after she uses R or simply over extends. If you’re able to bait the Zoe E before or while in the gank to miss, you’re easily able to kill her if she has no summoners. Getting a kill in this situation is still not easy, but getting her flash is still a big win and can open the doors to being able to solo kill her. 

(7) Contest Wave Crashes - A lot of this match up is simply about crashing waves, as Renekton you want to constantly try to shove the wave and look to roam with your jungler. While roaming from mid is hard vs Zoe’s pushing power, try to hard push off waves and test the waters if there is an opportunity within this time. This is one way that you’re able to gain a lead over him if you’re unable to make much of anything through the laning phase.

(8) Respect Zoe W - Zoe's W allows her to get random items and summoners from minions, it also allows her to pick up your summoners if you use them against her. Make sure when flashing you're also not in position to give her a free flash, or a free combat summoner to help kill you or a low ally. This is an incredibly frustrating ability, so make sure to approach the situation wisely before using an item or summoner.

(9) Build Mercury Treads, Eclipse or Stridebreaker - Go Mercury Treads to lower Heimer's overall damage and CC duration. / Go Eclipse for consistent power through mid game and damage mitigation with the shield. / Go Stridebreaker to cripple Zoe's mobility and provide teammates with additional utility. 

(10) Mid Game + Teamfighting Tips - Zoe’s role within the game is simply setting up plays from fog of war with her W, following into her high Q damage to assassinate targets from the game. Try to utilise blue trinkets to spot out Zoe’s before she is able to combo over the wall. Through the game, building magic resist such as Kaenic is also a priority against Zoe, which then will allow you to soak up her damage to protect your team against her. Within fights, try to W her instantly if she gets into range with R, or try to chase her down and nuke her if the kill is available.
",Coming Soon
Zyra,Medium - 4/10,PTA / Electrocute > Resolve,Doran's Shield,Ignite / Teleport / Ghost + Flash,Q > E > W,"The Zyra match up is pretty easy, this simply consists of killing or waiting for her flowers to die when she spawns them, as well as looking for fights as soon as your E is up. Zyra will practically insta die if you get into range, allowing Renekton to build full damage or Mercury Treads, to allow him to easily guarantee a one shot or the ability to break out of her root easier. Zyra doesn't really do anything impactful against Renekton, however you should try to avoid standing in her R once she spawns it, as it can be a great utility tool for her and her team to use. Renekton's versatile role vs Zyra allows him to easily snowball and win the game.","(1) Level 1 E Start - Try to cheese PTA proc or Conq with E1 > 3 auto's > disengage with E2.

(2) Play For Level 2/3 Kill Angle - Once you chunk out Zyra you're most likely able to kill her with your W, Dash or Flash up. Look to shove the wave around your kill timer, so you're able to make Zyra lose a lot more. 

(3) Play For Lane Sustain - Zyra’s damage comes in the form of her plant passive, which works by using her abilities to spawn them in front of her. Zyra’s poke isn’t totally high earlier on, however it amounts up and you should still go D Shield and Second Wind, to avoid her poke and allow you to trade against her at will. 

(3) Abuse Renekton's Early Game - In this match up Renekton is essentially able to do whatever he simply wants. With that said, really hone into your strong early to mid game strengths to help you dominate and win the game. Play to deny your enemy of gold and xp, play to proxy and generally lead any top side skirmishes with your insane lane advantage.

(4) Play Wave On Your Side - Playing the wave on your side essentially means playing wave states on your side of the map, via abusing wave manipulation tactics or freezing on your side of the map. Simply use this to help you combo on your laner, taking away any space from them being able to trade you back (This also helps prevent the enemy running you down with their extended or sustained movement speed abilities). You can also use this wave state to run down your opponent with your abilities up, helping you obtain kills a lot easier vs stalemate or ranged match ups. Look to do this when your opponents are below 50% HP, or potentially make a mistake to provide you an all in opportunity to run them down. 

(5) Heavy Trades - Being that Renekton carries a lot of high damage, Renekton is able to just jump on his target nearly at will. Whenever your laners present you with the abiltiy to jump on them, simply take the opportunity to burst them as much as you can. If you didn't kill them already from that, use your options of freezing or your tower diving ability to help you finish off your opponent.

(6) Rush Mercury Treads - Mercury Treads Rush Allow you to soak up Zyra’s damage more effectively, while also allowing you to break through her CC a lot easier. Utilise boots to leverage more quick and heavy trades, while also presenting more movement speed to help you keep on top of her. 

(7) Respect Zyra R - Once Zyra has R, Zyra R can be used as a nuking tool to finish low HP targets, and the ability to nuke squishier champions. Renekton can usually tank up the R with ease from his base stats and R HP, however it is still a strong tool for CC and objective control, so make sure to respect it and E out of her R once she casts it. 

(8) Build Eclipse, Stridebreaker or Profane - Go Eclipse for consistent power through mid game and damage mitigation with the shield. / Go Stridebreaker to cripple Viktor's mobility and provide teammates with additional utility. / Go Profane for full damage focused playstyles.

(9) Midgame + Teamfight Tips - Zyra’s role is pretty limited in teamfights as her main objective is to catch with her root, then utilise her R to burst her targets then wait up for her follow up combo and plants to deal damage. As long as you avoid the Zyra root, she won’t be able to actively follow up with her damage. Renekton being able to have the wave clear he does, can also one shot Zyra plants with ease and make Zyra a relatively useless target. Make sure to kill her teammates first as they offer more value, then turn on Zyra as soon as she is the last target left. 
",Coming Soon